USE [${Environment}International]
GO


SET IDENTITY_INSERT [dbo].[MappingFileCategory] ON 

INSERT [dbo].[MappingFileCategory] ([ID], [Description], [Active]) VALUES (1, N'csv', 1)
INSERT [dbo].[MappingFileCategory] ([ID], [Description], [Active]) VALUES (2, N'xls', 1)
SET IDENTITY_INSERT [dbo].[MappingFileCategory] OFF

SET IDENTITY_INSERT [dbo].[MappingCategory] ON 

INSERT [dbo].[MappingCategory] ([ID], [Description]) VALUES (1, N'Tracking')
INSERT [dbo].[MappingCategory] ([ID], [Description]) VALUES (2, N'Inventory')
INSERT [dbo].[MappingCategory] ([ID], [Description]) VALUES (3, N'Order')
INSERT [dbo].[MappingCategory] ([ID], [Description]) VALUES (4, N'Warranty')
INSERT [dbo].[MappingCategory] ([ID], [Description]) VALUES (5, N'PaymentLog')
SET IDENTITY_INSERT [dbo].[MappingCategory] OFF
SET IDENTITY_INSERT [dbo].[Mapping] ON 

INSERT [dbo].[Mapping] ([ID], [MappingCategoryID], [MappingFileCategoryID], [Name], [HasHeader], [Delimiter/SpreadSheet], [Deleted], [NumOfHeaderRows], [IsDefault]) VALUES (1, 1, 1, N'Tracking - Default Mapping', 1, N',', 0, 1, 1)
INSERT [dbo].[Mapping] ([ID], [MappingCategoryID], [MappingFileCategoryID], [Name], [HasHeader], [Delimiter/SpreadSheet], [Deleted], [NumOfHeaderRows], [IsDefault]) VALUES (2, 2, 1, N'Inventory - Default Mapping', 1, N',', 0, 1, 1)
INSERT [dbo].[Mapping] ([ID], [MappingCategoryID], [MappingFileCategoryID], [Name], [HasHeader], [Delimiter/SpreadSheet], [Deleted], [NumOfHeaderRows], [IsDefault]) VALUES (3, 3, 1, N'Order - Default Mapping', 1, N',', 0, 1, 1)
INSERT [dbo].[Mapping] ([ID], [MappingCategoryID], [MappingFileCategoryID], [Name], [HasHeader], [Delimiter/SpreadSheet], [Deleted], [NumOfHeaderRows], [IsDefault]) VALUES (4, 2, 2, N'Vickerman', 1, N'sheet1', 0, 1, 0)
INSERT [dbo].[Mapping] ([ID], [MappingCategoryID], [MappingFileCategoryID], [Name], [HasHeader], [Delimiter/SpreadSheet], [Deleted], [NumOfHeaderRows], [IsDefault]) VALUES (5, 2, 1, N'Seko - Inventory', 0, N',', 0, 0, 0)
INSERT [dbo].[Mapping] ([ID], [MappingCategoryID], [MappingFileCategoryID], [Name], [HasHeader], [Delimiter/SpreadSheet], [Deleted], [NumOfHeaderRows], [IsDefault]) VALUES (6, 1, 1, N'ACR Tracking', 1, N',', 0, 3, 0)
INSERT [dbo].[Mapping] ([ID], [MappingCategoryID], [MappingFileCategoryID], [Name], [HasHeader], [Delimiter/SpreadSheet], [Deleted], [NumOfHeaderRows], [IsDefault]) VALUES (8, 2, 2, N'ACR Inventory', 1, N'Sheet2', 0, 1, 0)
INSERT [dbo].[Mapping] ([ID], [MappingCategoryID], [MappingFileCategoryID], [Name], [HasHeader], [Delimiter/SpreadSheet], [Deleted], [NumOfHeaderRows], [IsDefault]) VALUES (9, 2, 1, N'ACR Inventory CSV', 1, N',', 0, 4, 0)
INSERT [dbo].[Mapping] ([ID], [MappingCategoryID], [MappingFileCategoryID], [Name], [HasHeader], [Delimiter/SpreadSheet], [Deleted], [NumOfHeaderRows], [IsDefault]) VALUES (10, 4, 1, N'Warranty', 1, N',', 0, 1, 0)
INSERT [dbo].[Mapping] ([ID], [MappingCategoryID], [MappingFileCategoryID], [Name], [HasHeader], [Delimiter/SpreadSheet], [Deleted], [NumOfHeaderRows], [IsDefault]) VALUES (11, 5, 1, N'PaymentLog - Default Mapping', 1, N',', 0, 1, 1)
INSERT [dbo].[Mapping] ([ID], [MappingCategoryID], [MappingFileCategoryID], [Name], [HasHeader], [Delimiter/SpreadSheet], [Deleted], [NumOfHeaderRows], [IsDefault]) VALUES (12, 1, 1, N'Expeditors Tracking', 1, N',', 0, 1, 0)
INSERT [dbo].[Mapping] ([ID], [MappingCategoryID], [MappingFileCategoryID], [Name], [HasHeader], [Delimiter/SpreadSheet], [Deleted], [NumOfHeaderRows], [IsDefault]) VALUES (13, 2, 1, N'Expeditors Inventory', 1, N',', 0, 1, 0)
INSERT [dbo].[Mapping] ([ID], [MappingCategoryID], [MappingFileCategoryID], [Name], [HasHeader], [Delimiter/SpreadSheet], [Deleted], [NumOfHeaderRows], [IsDefault]) VALUES (14, 2, 1, N'Walker Inventory', 1, N',', 0, 1, 0)
INSERT [dbo].[Mapping] ([ID], [MappingCategoryID], [MappingFileCategoryID], [Name], [HasHeader], [Delimiter/SpreadSheet], [Deleted], [NumOfHeaderRows], [IsDefault]) VALUES (15, 1, 1, N'Walker Tracking', 1, N',', 0, 1, 0)
INSERT [dbo].[Mapping] ([ID], [MappingCategoryID], [MappingFileCategoryID], [Name], [HasHeader], [Delimiter/SpreadSheet], [Deleted], [NumOfHeaderRows], [IsDefault]) VALUES (16, 2, 1, N'Holland Inventory', 1, N',', 0, 1, 0)
INSERT [dbo].[Mapping] ([ID], [MappingCategoryID], [MappingFileCategoryID], [Name], [HasHeader], [Delimiter/SpreadSheet], [Deleted], [NumOfHeaderRows], [IsDefault]) VALUES (17, 1, 1, N'Holland Tracking', 1, N';', 0, 3, 0)
INSERT [dbo].[Mapping] ([ID], [MappingCategoryID], [MappingFileCategoryID], [Name], [HasHeader], [Delimiter/SpreadSheet], [Deleted], [NumOfHeaderRows], [IsDefault]) VALUES (18, 2, 1, N'GFM Hersden Inventory', 0, N',', 0, 1, 0)
INSERT [dbo].[Mapping] ([ID], [MappingCategoryID], [MappingFileCategoryID], [Name], [HasHeader], [Delimiter/SpreadSheet], [Deleted], [NumOfHeaderRows], [IsDefault]) VALUES (19, 1, 1, N'GFM Hersden Tracking', 1, N';', 0, 3, 0)
SET IDENTITY_INSERT [dbo].[Mapping] OFF
SET IDENTITY_INSERT [dbo].[MappingCategoryFieldDetail] ON 

INSERT [dbo].[MappingCategoryFieldDetail] ([ID], [Description], [ColumnName], [Required]) VALUES (1, N'Order Number', N'orderid', 1)
INSERT [dbo].[MappingCategoryFieldDetail] ([ID], [Description], [ColumnName], [Required]) VALUES (2, N'Tracking Number', N'trackingnumber', 1)
INSERT [dbo].[MappingCategoryFieldDetail] ([ID], [Description], [ColumnName], [Required]) VALUES (3, N'Ship Date', N'shipdate', 0)
INSERT [dbo].[MappingCategoryFieldDetail] ([ID], [Description], [ColumnName], [Required]) VALUES (4, N'Shipping Method', N'shippingmethodid', 0)
INSERT [dbo].[MappingCategoryFieldDetail] ([ID], [Description], [ColumnName], [Required]) VALUES (5, N'UPC', N'upc', 1)
INSERT [dbo].[MappingCategoryFieldDetail] ([ID], [Description], [ColumnName], [Required]) VALUES (6, N'UPC', N'upc', 1)
INSERT [dbo].[MappingCategoryFieldDetail] ([ID], [Description], [ColumnName], [Required]) VALUES (7, N'Quantity', N'qty', 1)
INSERT [dbo].[MappingCategoryFieldDetail] ([ID], [Description], [ColumnName], [Required]) VALUES (8, N'Gateway', N'gateway', 0)
INSERT [dbo].[MappingCategoryFieldDetail] ([ID], [Description], [ColumnName], [Required]) VALUES (9, N'Cost', N'cost', 0)
INSERT [dbo].[MappingCategoryFieldDetail] ([ID], [Description], [ColumnName], [Required]) VALUES (12, N'Shipping Method', N'shippingmethodid', 1)
INSERT [dbo].[MappingCategoryFieldDetail] ([ID], [Description], [ColumnName], [Required]) VALUES (13, N'Order Comments', N'ordercomments', 0)
INSERT [dbo].[MappingCategoryFieldDetail] ([ID], [Description], [ColumnName], [Required]) VALUES (14, N'Email Address', N'emailaddress', 1)
INSERT [dbo].[MappingCategoryFieldDetail] ([ID], [Description], [ColumnName], [Required]) VALUES (15, N'Shipping PhoneNumber', N'shipphonenumber', 1)
INSERT [dbo].[MappingCategoryFieldDetail] ([ID], [Description], [ColumnName], [Required]) VALUES (16, N'Shipping Firstname', N'shipfirstname', 1)
INSERT [dbo].[MappingCategoryFieldDetail] ([ID], [Description], [ColumnName], [Required]) VALUES (17, N'Shipping LastName', N'shiplastname', 1)
INSERT [dbo].[MappingCategoryFieldDetail] ([ID], [Description], [ColumnName], [Required]) VALUES (18, N'Shipping CompanyName', N'shipcompanyname', 0)
INSERT [dbo].[MappingCategoryFieldDetail] ([ID], [Description], [ColumnName], [Required]) VALUES (19, N'Shipping Address1', N'shipaddress1', 1)
INSERT [dbo].[MappingCategoryFieldDetail] ([ID], [Description], [ColumnName], [Required]) VALUES (20, N'Shipping Address2', N'shipaddress2', 0)
INSERT [dbo].[MappingCategoryFieldDetail] ([ID], [Description], [ColumnName], [Required]) VALUES (21, N'Shipping City', N'shipcity', 1)
INSERT [dbo].[MappingCategoryFieldDetail] ([ID], [Description], [ColumnName], [Required]) VALUES (22, N'Shipping State', N'shipstate', 1)
INSERT [dbo].[MappingCategoryFieldDetail] ([ID], [Description], [ColumnName], [Required]) VALUES (23, N'Shipping PostalCode', N'shippostalcode', 1)
INSERT [dbo].[MappingCategoryFieldDetail] ([ID], [Description], [ColumnName], [Required]) VALUES (24, N'Shipping Country', N'shipcountry', 1)
INSERT [dbo].[MappingCategoryFieldDetail] ([ID], [Description], [ColumnName], [Required]) VALUES (25, N'Shipping Method', N'shippingmethodid', 1)
INSERT [dbo].[MappingCategoryFieldDetail] ([ID], [Description], [ColumnName], [Required]) VALUES (26, N'Product Code', N'productcode', 0)
INSERT [dbo].[MappingCategoryFieldDetail] ([ID], [Description], [ColumnName], [Required]) VALUES (27, N'Quantity ', N'quantity', 0)
INSERT [dbo].[MappingCategoryFieldDetail] ([ID], [Description], [ColumnName], [Required]) VALUES (28, N'Product Price', N'productprice', 0)
INSERT [dbo].[MappingCategoryFieldDetail] ([ID], [Description], [ColumnName], [Required]) VALUES (29, N'Ship Residential ', N'shipresidential', 0)
INSERT [dbo].[MappingCategoryFieldDetail] ([ID], [Description], [ColumnName], [Required]) VALUES (30, N'Order Status', N'orderstatus', 0)
INSERT [dbo].[MappingCategoryFieldDetail] ([ID], [Description], [ColumnName], [Required]) VALUES (31, N'Order Notes', N'ordernotes', 0)
INSERT [dbo].[MappingCategoryFieldDetail] ([ID], [Description], [ColumnName], [Required]) VALUES (32, N'Order Date', N'orderdate', 1)
INSERT [dbo].[MappingCategoryFieldDetail] ([ID], [Description], [ColumnName], [Required]) VALUES (34, N'Sales Tax 1', N'salestax1', 0)
INSERT [dbo].[MappingCategoryFieldDetail] ([ID], [Description], [ColumnName], [Required]) VALUES (35, N'Sales Tax 2', N'salestax2', 0)
INSERT [dbo].[MappingCategoryFieldDetail] ([ID], [Description], [ColumnName], [Required]) VALUES (36, N'Sales Tax 3', N'salestax3', 0)
INSERT [dbo].[MappingCategoryFieldDetail] ([ID], [Description], [ColumnName], [Required]) VALUES (37, N'Tax Title 1', N'tax1title', 0)
INSERT [dbo].[MappingCategoryFieldDetail] ([ID], [Description], [ColumnName], [Required]) VALUES (38, N'Tax Title 2', N'tax2title', 0)
INSERT [dbo].[MappingCategoryFieldDetail] ([ID], [Description], [ColumnName], [Required]) VALUES (39, N'Tax Title 3', N'tax3title', 0)
INSERT [dbo].[MappingCategoryFieldDetail] ([ID], [Description], [ColumnName], [Required]) VALUES (40, N'Total Shipping Cost', N'totalshippingcost', 0)
INSERT [dbo].[MappingCategoryFieldDetail] ([ID], [Description], [ColumnName], [Required]) VALUES (41, N'Warehouse Reference Number', N'warehousereferencenumber', 1)
INSERT [dbo].[MappingCategoryFieldDetail] ([ID], [Description], [ColumnName], [Required]) VALUES (42, N'Options', N'Options', 0)
INSERT [dbo].[MappingCategoryFieldDetail] ([ID], [Description], [ColumnName], [Required]) VALUES (43, N'Customer ID', N'CustomerID', 0)
INSERT [dbo].[MappingCategoryFieldDetail] ([ID], [Description], [ColumnName], [Required]) VALUES (44, N'Card Response Code', N'CVV2_Response', 0)
INSERT [dbo].[MappingCategoryFieldDetail] ([ID], [Description], [ColumnName], [Required]) VALUES (45, N'AVS', N'AVS', 0)
INSERT [dbo].[MappingCategoryFieldDetail] ([ID], [Description], [ColumnName], [Required]) VALUES (46, N'Total Payment Authorized', N'Total_Payment_Authorized', 0)
INSERT [dbo].[MappingCategoryFieldDetail] ([ID], [Description], [ColumnName], [Required]) VALUES (47, N'Total Payment Received', N'Total_Payment_Received', 0)
INSERT [dbo].[MappingCategoryFieldDetail] ([ID], [Description], [ColumnName], [Required]) VALUES (48, N'Tax Rate', N'SalesTaxRate', 0)
INSERT [dbo].[MappingCategoryFieldDetail] ([ID], [Description], [ColumnName], [Required]) VALUES (49, N'Tax Rate 1', N'SalesTaxRate1', 0)
INSERT [dbo].[MappingCategoryFieldDetail] ([ID], [Description], [ColumnName], [Required]) VALUES (50, N'Tax Rate 2', N'SalesTaxRate2', 0)
INSERT [dbo].[MappingCategoryFieldDetail] ([ID], [Description], [ColumnName], [Required]) VALUES (51, N'Tax Rate 3', N'SalesTaxRate3', 0)
INSERT [dbo].[MappingCategoryFieldDetail] ([ID], [Description], [ColumnName], [Required]) VALUES (52, N'Payment Amount', N'PaymentAmount', 0)
INSERT [dbo].[MappingCategoryFieldDetail] ([ID], [Description], [ColumnName], [Required]) VALUES (53, N'Order Detail ID', N'OrderDetailID', 0)
INSERT [dbo].[MappingCategoryFieldDetail] ([ID], [Description], [ColumnName], [Required]) VALUES (54, N'Product Name', N'ProductName', 0)
INSERT [dbo].[MappingCategoryFieldDetail] ([ID], [Description], [ColumnName], [Required]) VALUES (55, N'Billing First Name', N'BillingFirstName', 0)
INSERT [dbo].[MappingCategoryFieldDetail] ([ID], [Description], [ColumnName], [Required]) VALUES (56, N'Billing Last Name', N'BillingLastName', 0)
INSERT [dbo].[MappingCategoryFieldDetail] ([ID], [Description], [ColumnName], [Required]) VALUES (57, N'Billing Address Line 1', N'BillingAddress1', 0)
INSERT [dbo].[MappingCategoryFieldDetail] ([ID], [Description], [ColumnName], [Required]) VALUES (58, N'Billing Address Line 2', N'BillingAddress2', 0)
INSERT [dbo].[MappingCategoryFieldDetail] ([ID], [Description], [ColumnName], [Required]) VALUES (59, N'Billing City', N'BillingCity', 0)
INSERT [dbo].[MappingCategoryFieldDetail] ([ID], [Description], [ColumnName], [Required]) VALUES (60, N'Billing Company Name', N'BillingCompanyName', 0)
INSERT [dbo].[MappingCategoryFieldDetail] ([ID], [Description], [ColumnName], [Required]) VALUES (61, N'Billing Country', N'BillingCountry', 0)
INSERT [dbo].[MappingCategoryFieldDetail] ([ID], [Description], [ColumnName], [Required]) VALUES (62, N'Billing Fax Number', N'BillingFaxNumber', 0)
INSERT [dbo].[MappingCategoryFieldDetail] ([ID], [Description], [ColumnName], [Required]) VALUES (63, N'Billing Phone Number', N'BillingPhoneNumber', 0)
INSERT [dbo].[MappingCategoryFieldDetail] ([ID], [Description], [ColumnName], [Required]) VALUES (64, N'Billing Postal Code', N'BillingPostalCode', 0)
INSERT [dbo].[MappingCategoryFieldDetail] ([ID], [Description], [ColumnName], [Required]) VALUES (65, N'Billing State', N'BillingState', 0)
INSERT [dbo].[MappingCategoryFieldDetail] ([ID], [Description], [ColumnName], [Required]) VALUES (66, N'Sales Rep Customer ID', N'SalesRep_CustomerID', 0)
INSERT [dbo].[MappingCategoryFieldDetail] ([ID], [Description], [ColumnName], [Required]) VALUES (67, N'Last 4 of CC', N'CC_Last4', 0)
INSERT [dbo].[MappingCategoryFieldDetail] ([ID], [Description], [ColumnName], [Required]) VALUES (1032, N'Warehouse Reference Number', N'warehousereferencenumber', 1)
INSERT [dbo].[MappingCategoryFieldDetail] ([ID], [Description], [ColumnName], [Required]) VALUES (1033, N'Store Name', N'brand', 0)
INSERT [dbo].[MappingCategoryFieldDetail] ([ID], [Description], [ColumnName], [Required]) VALUES (1034, N'Sku', N'skustore', 0)
INSERT [dbo].[MappingCategoryFieldDetail] ([ID], [Description], [ColumnName], [Required]) VALUES (1035, N'Upc Section', N'upc_section', 0)
INSERT [dbo].[MappingCategoryFieldDetail] ([ID], [Description], [ColumnName], [Required]) VALUES (1036, N'Warehouse ID', N'warehouseid', 0)
INSERT [dbo].[MappingCategoryFieldDetail] ([ID], [Description], [ColumnName], [Required]) VALUES (1037, N'Order_LastModified', N'LastModified', 1)
INSERT [dbo].[MappingCategoryFieldDetail] ([ID], [Description], [ColumnName], [Required]) VALUES (1038, N'Deleted', N'Deleted', 0)
INSERT [dbo].[MappingCategoryFieldDetail] ([ID], [Description], [ColumnName], [Required]) VALUES (1039, N'AuthorizationCode', N'AuthorizationCode', 0)
INSERT [dbo].[MappingCategoryFieldDetail] ([ID], [Description], [ColumnName], [Required]) VALUES (1040, N'PaymentDate', N'PaymentDate', 0)
INSERT [dbo].[MappingCategoryFieldDetail] ([ID], [Description], [ColumnName], [Required]) VALUES (1041, N'AVS Response', N'AVS_Response', 0)
INSERT [dbo].[MappingCategoryFieldDetail] ([ID], [Description], [ColumnName], [Required]) VALUES (1042, N'PaymentDetails', N'PaymentDetails', 0)
INSERT [dbo].[MappingCategoryFieldDetail] ([ID], [Description], [ColumnName], [Required]) VALUES (1043, N'ExcludeFromTotalDue', N'ExcludeFromTotalDue', 0)
INSERT [dbo].[MappingCategoryFieldDetail] ([ID], [Description], [ColumnName], [Required]) VALUES (1044, N'PaymentID', N'PaymentID', 0)
INSERT [dbo].[MappingCategoryFieldDetail] ([ID], [Description], [ColumnName], [Required]) VALUES (1045, N'OrderID', N'OrderID', 0)
INSERT [dbo].[MappingCategoryFieldDetail] ([ID], [Description], [ColumnName], [Required]) VALUES (1046, N'ParentTransactionID', N'ParentTransactionID', 0)
INSERT [dbo].[MappingCategoryFieldDetail] ([ID], [Description], [ColumnName], [Required]) VALUES (1047, N'PaymentMethodID', N'PaymentMethodID', 0)
INSERT [dbo].[MappingCategoryFieldDetail] ([ID], [Description], [ColumnName], [Required]) VALUES (1048, N'PaymentType', N'PaymentType', 0)
INSERT [dbo].[MappingCategoryFieldDetail] ([ID], [Description], [ColumnName], [Required]) VALUES (1049, N'TransactionID', N'TransactionID', 0)
INSERT [dbo].[MappingCategoryFieldDetail] ([ID], [Description], [ColumnName], [Required]) VALUES (1050, N'PCIaaS RecurringTransaction', N'PCIaaS_RecurringTransaction', 0)
INSERT [dbo].[MappingCategoryFieldDetail] ([ID], [Description], [ColumnName], [Required]) VALUES (1051, N'PCIaaS TransactionId', N'PCIaaS_TransactionId', 0)
INSERT [dbo].[MappingCategoryFieldDetail] ([ID], [Description], [ColumnName], [Required]) VALUES (1052, N'Third Party Field1', N'Third_Party_Field1', 0)
INSERT [dbo].[MappingCategoryFieldDetail] ([ID], [Description], [ColumnName], [Required]) VALUES (1053, N'Is Product Taxable', N'TaxableProduct', 0)
INSERT [dbo].[MappingCategoryFieldDetail] ([ID], [Description], [ColumnName], [Required]) VALUES (1054, N'Source Ref Num', N'sourcerefnum', 1)
INSERT [dbo].[MappingCategoryFieldDetail] ([ID], [Description], [ColumnName], [Required]) VALUES (1057, N'Upc/Sku', N'upc', 0)
INSERT [dbo].[MappingCategoryFieldDetail] ([ID], [Description], [ColumnName], [Required]) VALUES (1058, N'Units Available', N'qty', 0)
INSERT [dbo].[MappingCategoryFieldDetail] ([ID], [Description], [ColumnName], [Required]) VALUES (1059, N'Condition Code', N'ConditionCode', 1)
INSERT [dbo].[MappingCategoryFieldDetail] ([ID], [Description], [ColumnName], [Required]) VALUES (1060, N'Total Line Price', N'TotalPrice', 1)
INSERT [dbo].[MappingCategoryFieldDetail] ([ID], [Description], [ColumnName], [Required]) VALUES (1061, N'Order Type', N'ordertype', 1)
INSERT [dbo].[MappingCategoryFieldDetail] ([ID], [Description], [ColumnName], [Required]) VALUES (1062, N'ACR Owner', N'acrowner', 1)
SET IDENTITY_INSERT [dbo].[MappingCategoryFieldDetail] OFF
SET IDENTITY_INSERT [dbo].[MappingCategoryField] ON 

INSERT [dbo].[MappingCategoryField] ([ID], [MappingCategoryID], [MappingCategoryFieldDetailID]) VALUES (1, 1, 1)
INSERT [dbo].[MappingCategoryField] ([ID], [MappingCategoryID], [MappingCategoryFieldDetailID]) VALUES (2, 1, 2)
INSERT [dbo].[MappingCategoryField] ([ID], [MappingCategoryID], [MappingCategoryFieldDetailID]) VALUES (3, 1, 3)
INSERT [dbo].[MappingCategoryField] ([ID], [MappingCategoryID], [MappingCategoryFieldDetailID]) VALUES (4, 1, 4)
INSERT [dbo].[MappingCategoryField] ([ID], [MappingCategoryID], [MappingCategoryFieldDetailID]) VALUES (5, 1, 5)
INSERT [dbo].[MappingCategoryField] ([ID], [MappingCategoryID], [MappingCategoryFieldDetailID]) VALUES (6, 2, 6)
INSERT [dbo].[MappingCategoryField] ([ID], [MappingCategoryID], [MappingCategoryFieldDetailID]) VALUES (7, 2, 7)
INSERT [dbo].[MappingCategoryField] ([ID], [MappingCategoryID], [MappingCategoryFieldDetailID]) VALUES (8, 3, 1)
INSERT [dbo].[MappingCategoryField] ([ID], [MappingCategoryID], [MappingCategoryFieldDetailID]) VALUES (9, 3, 1)
INSERT [dbo].[MappingCategoryField] ([ID], [MappingCategoryID], [MappingCategoryFieldDetailID]) VALUES (10, 3, 4)
INSERT [dbo].[MappingCategoryField] ([ID], [MappingCategoryID], [MappingCategoryFieldDetailID]) VALUES (11, 3, 8)
INSERT [dbo].[MappingCategoryField] ([ID], [MappingCategoryID], [MappingCategoryFieldDetailID]) VALUES (12, 3, 9)
INSERT [dbo].[MappingCategoryField] ([ID], [MappingCategoryID], [MappingCategoryFieldDetailID]) VALUES (15, 3, 12)
INSERT [dbo].[MappingCategoryField] ([ID], [MappingCategoryID], [MappingCategoryFieldDetailID]) VALUES (16, 3, 13)
INSERT [dbo].[MappingCategoryField] ([ID], [MappingCategoryID], [MappingCategoryFieldDetailID]) VALUES (17, 3, 14)
INSERT [dbo].[MappingCategoryField] ([ID], [MappingCategoryID], [MappingCategoryFieldDetailID]) VALUES (18, 3, 15)
INSERT [dbo].[MappingCategoryField] ([ID], [MappingCategoryID], [MappingCategoryFieldDetailID]) VALUES (19, 3, 16)
INSERT [dbo].[MappingCategoryField] ([ID], [MappingCategoryID], [MappingCategoryFieldDetailID]) VALUES (20, 3, 17)
INSERT [dbo].[MappingCategoryField] ([ID], [MappingCategoryID], [MappingCategoryFieldDetailID]) VALUES (22, 3, 25)
INSERT [dbo].[MappingCategoryField] ([ID], [MappingCategoryID], [MappingCategoryFieldDetailID]) VALUES (23, 3, 18)
INSERT [dbo].[MappingCategoryField] ([ID], [MappingCategoryID], [MappingCategoryFieldDetailID]) VALUES (24, 3, 4)
INSERT [dbo].[MappingCategoryField] ([ID], [MappingCategoryID], [MappingCategoryFieldDetailID]) VALUES (25, 3, 19)
INSERT [dbo].[MappingCategoryField] ([ID], [MappingCategoryID], [MappingCategoryFieldDetailID]) VALUES (26, 3, 20)
INSERT [dbo].[MappingCategoryField] ([ID], [MappingCategoryID], [MappingCategoryFieldDetailID]) VALUES (27, 3, 21)
INSERT [dbo].[MappingCategoryField] ([ID], [MappingCategoryID], [MappingCategoryFieldDetailID]) VALUES (28, 3, 22)
INSERT [dbo].[MappingCategoryField] ([ID], [MappingCategoryID], [MappingCategoryFieldDetailID]) VALUES (29, 3, 23)
INSERT [dbo].[MappingCategoryField] ([ID], [MappingCategoryID], [MappingCategoryFieldDetailID]) VALUES (31, 3, 27)
INSERT [dbo].[MappingCategoryField] ([ID], [MappingCategoryID], [MappingCategoryFieldDetailID]) VALUES (33, 3, 34)
INSERT [dbo].[MappingCategoryField] ([ID], [MappingCategoryID], [MappingCategoryFieldDetailID]) VALUES (34, 3, 35)
INSERT [dbo].[MappingCategoryField] ([ID], [MappingCategoryID], [MappingCategoryFieldDetailID]) VALUES (35, 3, 36)
INSERT [dbo].[MappingCategoryField] ([ID], [MappingCategoryID], [MappingCategoryFieldDetailID]) VALUES (36, 3, 37)
INSERT [dbo].[MappingCategoryField] ([ID], [MappingCategoryID], [MappingCategoryFieldDetailID]) VALUES (37, 3, 38)
INSERT [dbo].[MappingCategoryField] ([ID], [MappingCategoryID], [MappingCategoryFieldDetailID]) VALUES (38, 3, 39)
INSERT [dbo].[MappingCategoryField] ([ID], [MappingCategoryID], [MappingCategoryFieldDetailID]) VALUES (39, 3, 40)
INSERT [dbo].[MappingCategoryField] ([ID], [MappingCategoryID], [MappingCategoryFieldDetailID]) VALUES (40, 3, 42)
INSERT [dbo].[MappingCategoryField] ([ID], [MappingCategoryID], [MappingCategoryFieldDetailID]) VALUES (41, 3, 43)
INSERT [dbo].[MappingCategoryField] ([ID], [MappingCategoryID], [MappingCategoryFieldDetailID]) VALUES (42, 3, 44)
INSERT [dbo].[MappingCategoryField] ([ID], [MappingCategoryID], [MappingCategoryFieldDetailID]) VALUES (43, 3, 45)
INSERT [dbo].[MappingCategoryField] ([ID], [MappingCategoryID], [MappingCategoryFieldDetailID]) VALUES (44, 3, 46)
INSERT [dbo].[MappingCategoryField] ([ID], [MappingCategoryID], [MappingCategoryFieldDetailID]) VALUES (45, 3, 47)
INSERT [dbo].[MappingCategoryField] ([ID], [MappingCategoryID], [MappingCategoryFieldDetailID]) VALUES (46, 3, 48)
INSERT [dbo].[MappingCategoryField] ([ID], [MappingCategoryID], [MappingCategoryFieldDetailID]) VALUES (47, 3, 49)
INSERT [dbo].[MappingCategoryField] ([ID], [MappingCategoryID], [MappingCategoryFieldDetailID]) VALUES (48, 3, 50)
INSERT [dbo].[MappingCategoryField] ([ID], [MappingCategoryID], [MappingCategoryFieldDetailID]) VALUES (49, 3, 51)
INSERT [dbo].[MappingCategoryField] ([ID], [MappingCategoryID], [MappingCategoryFieldDetailID]) VALUES (50, 3, 52)
INSERT [dbo].[MappingCategoryField] ([ID], [MappingCategoryID], [MappingCategoryFieldDetailID]) VALUES (51, 3, 53)
INSERT [dbo].[MappingCategoryField] ([ID], [MappingCategoryID], [MappingCategoryFieldDetailID]) VALUES (52, 3, 54)
INSERT [dbo].[MappingCategoryField] ([ID], [MappingCategoryID], [MappingCategoryFieldDetailID]) VALUES (53, 3, 55)
INSERT [dbo].[MappingCategoryField] ([ID], [MappingCategoryID], [MappingCategoryFieldDetailID]) VALUES (54, 3, 56)
INSERT [dbo].[MappingCategoryField] ([ID], [MappingCategoryID], [MappingCategoryFieldDetailID]) VALUES (55, 3, 57)
INSERT [dbo].[MappingCategoryField] ([ID], [MappingCategoryID], [MappingCategoryFieldDetailID]) VALUES (56, 3, 58)
INSERT [dbo].[MappingCategoryField] ([ID], [MappingCategoryID], [MappingCategoryFieldDetailID]) VALUES (57, 3, 59)
INSERT [dbo].[MappingCategoryField] ([ID], [MappingCategoryID], [MappingCategoryFieldDetailID]) VALUES (58, 3, 60)
INSERT [dbo].[MappingCategoryField] ([ID], [MappingCategoryID], [MappingCategoryFieldDetailID]) VALUES (59, 3, 61)
INSERT [dbo].[MappingCategoryField] ([ID], [MappingCategoryID], [MappingCategoryFieldDetailID]) VALUES (60, 3, 62)
INSERT [dbo].[MappingCategoryField] ([ID], [MappingCategoryID], [MappingCategoryFieldDetailID]) VALUES (61, 3, 63)
INSERT [dbo].[MappingCategoryField] ([ID], [MappingCategoryID], [MappingCategoryFieldDetailID]) VALUES (62, 3, 64)
INSERT [dbo].[MappingCategoryField] ([ID], [MappingCategoryID], [MappingCategoryFieldDetailID]) VALUES (63, 3, 65)
INSERT [dbo].[MappingCategoryField] ([ID], [MappingCategoryID], [MappingCategoryFieldDetailID]) VALUES (64, 3, 66)
INSERT [dbo].[MappingCategoryField] ([ID], [MappingCategoryID], [MappingCategoryFieldDetailID]) VALUES (65, 3, 67)
INSERT [dbo].[MappingCategoryField] ([ID], [MappingCategoryID], [MappingCategoryFieldDetailID]) VALUES (66, 3, 1037)
INSERT [dbo].[MappingCategoryField] ([ID], [MappingCategoryID], [MappingCategoryFieldDetailID]) VALUES (67, 5, 1038)
INSERT [dbo].[MappingCategoryField] ([ID], [MappingCategoryID], [MappingCategoryFieldDetailID]) VALUES (68, 5, 52)
INSERT [dbo].[MappingCategoryField] ([ID], [MappingCategoryID], [MappingCategoryFieldDetailID]) VALUES (69, 5, 1039)
INSERT [dbo].[MappingCategoryField] ([ID], [MappingCategoryID], [MappingCategoryFieldDetailID]) VALUES (70, 5, 1040)
INSERT [dbo].[MappingCategoryField] ([ID], [MappingCategoryID], [MappingCategoryFieldDetailID]) VALUES (71, 5, 1041)
INSERT [dbo].[MappingCategoryField] ([ID], [MappingCategoryID], [MappingCategoryFieldDetailID]) VALUES (72, 5, 44)
INSERT [dbo].[MappingCategoryField] ([ID], [MappingCategoryID], [MappingCategoryFieldDetailID]) VALUES (73, 5, 1042)
INSERT [dbo].[MappingCategoryField] ([ID], [MappingCategoryID], [MappingCategoryFieldDetailID]) VALUES (74, 5, 1043)
INSERT [dbo].[MappingCategoryField] ([ID], [MappingCategoryID], [MappingCategoryFieldDetailID]) VALUES (75, 5, 1044)
INSERT [dbo].[MappingCategoryField] ([ID], [MappingCategoryID], [MappingCategoryFieldDetailID]) VALUES (76, 5, 1045)
INSERT [dbo].[MappingCategoryField] ([ID], [MappingCategoryID], [MappingCategoryFieldDetailID]) VALUES (77, 5, 1046)
INSERT [dbo].[MappingCategoryField] ([ID], [MappingCategoryID], [MappingCategoryFieldDetailID]) VALUES (78, 5, 1047)
INSERT [dbo].[MappingCategoryField] ([ID], [MappingCategoryID], [MappingCategoryFieldDetailID]) VALUES (79, 5, 1048)
INSERT [dbo].[MappingCategoryField] ([ID], [MappingCategoryID], [MappingCategoryFieldDetailID]) VALUES (80, 5, 1049)
INSERT [dbo].[MappingCategoryField] ([ID], [MappingCategoryID], [MappingCategoryFieldDetailID]) VALUES (81, 5, 1050)
INSERT [dbo].[MappingCategoryField] ([ID], [MappingCategoryID], [MappingCategoryFieldDetailID]) VALUES (82, 5, 1051)
INSERT [dbo].[MappingCategoryField] ([ID], [MappingCategoryID], [MappingCategoryFieldDetailID]) VALUES (83, 5, 1052)
INSERT [dbo].[MappingCategoryField] ([ID], [MappingCategoryID], [MappingCategoryFieldDetailID]) VALUES (84, 3, 1053)
INSERT [dbo].[MappingCategoryField] ([ID], [MappingCategoryID], [MappingCategoryFieldDetailID]) VALUES (87, 2, 1057)
INSERT [dbo].[MappingCategoryField] ([ID], [MappingCategoryID], [MappingCategoryFieldDetailID]) VALUES (88, 2, 1058)
INSERT [dbo].[MappingCategoryField] ([ID], [MappingCategoryID], [MappingCategoryFieldDetailID]) VALUES (89, 3, 1060)
SET IDENTITY_INSERT [dbo].[MappingCategoryField] OFF
SET IDENTITY_INSERT [dbo].[MappingDetail] ON 

INSERT [dbo].[MappingDetail] ([ID], [MappingID], [MappingCategoryFieldDetailID], [MappingPosition]) VALUES (1, 1, 1032, 1)
INSERT [dbo].[MappingDetail] ([ID], [MappingID], [MappingCategoryFieldDetailID], [MappingPosition]) VALUES (2, 1, 2, 2)
INSERT [dbo].[MappingDetail] ([ID], [MappingID], [MappingCategoryFieldDetailID], [MappingPosition]) VALUES (3, 1, 3, 3)
INSERT [dbo].[MappingDetail] ([ID], [MappingID], [MappingCategoryFieldDetailID], [MappingPosition]) VALUES (4, 1, 4, 4)
INSERT [dbo].[MappingDetail] ([ID], [MappingID], [MappingCategoryFieldDetailID], [MappingPosition]) VALUES (5, 1, 5, 5)
INSERT [dbo].[MappingDetail] ([ID], [MappingID], [MappingCategoryFieldDetailID], [MappingPosition]) VALUES (6, 2, 6, 1)
INSERT [dbo].[MappingDetail] ([ID], [MappingID], [MappingCategoryFieldDetailID], [MappingPosition]) VALUES (7, 2, 7, 4)
INSERT [dbo].[MappingDetail] ([ID], [MappingID], [MappingCategoryFieldDetailID], [MappingPosition]) VALUES (20, 3, 12, 3)
INSERT [dbo].[MappingDetail] ([ID], [MappingID], [MappingCategoryFieldDetailID], [MappingPosition]) VALUES (21, 3, 13, 4)
INSERT [dbo].[MappingDetail] ([ID], [MappingID], [MappingCategoryFieldDetailID], [MappingPosition]) VALUES (23, 3, 15, 5)
INSERT [dbo].[MappingDetail] ([ID], [MappingID], [MappingCategoryFieldDetailID], [MappingPosition]) VALUES (24, 3, 16, 6)
INSERT [dbo].[MappingDetail] ([ID], [MappingID], [MappingCategoryFieldDetailID], [MappingPosition]) VALUES (25, 3, 17, 7)
INSERT [dbo].[MappingDetail] ([ID], [MappingID], [MappingCategoryFieldDetailID], [MappingPosition]) VALUES (26, 3, 18, 8)
INSERT [dbo].[MappingDetail] ([ID], [MappingID], [MappingCategoryFieldDetailID], [MappingPosition]) VALUES (27, 3, 19, 9)
INSERT [dbo].[MappingDetail] ([ID], [MappingID], [MappingCategoryFieldDetailID], [MappingPosition]) VALUES (28, 3, 20, 10)
INSERT [dbo].[MappingDetail] ([ID], [MappingID], [MappingCategoryFieldDetailID], [MappingPosition]) VALUES (29, 3, 21, 11)
INSERT [dbo].[MappingDetail] ([ID], [MappingID], [MappingCategoryFieldDetailID], [MappingPosition]) VALUES (30, 3, 22, 12)
INSERT [dbo].[MappingDetail] ([ID], [MappingID], [MappingCategoryFieldDetailID], [MappingPosition]) VALUES (31, 3, 23, 13)
INSERT [dbo].[MappingDetail] ([ID], [MappingID], [MappingCategoryFieldDetailID], [MappingPosition]) VALUES (32, 3, 24, 14)
INSERT [dbo].[MappingDetail] ([ID], [MappingID], [MappingCategoryFieldDetailID], [MappingPosition]) VALUES (33, 3, 25, 15)
INSERT [dbo].[MappingDetail] ([ID], [MappingID], [MappingCategoryFieldDetailID], [MappingPosition]) VALUES (34, 3, 26, 16)
INSERT [dbo].[MappingDetail] ([ID], [MappingID], [MappingCategoryFieldDetailID], [MappingPosition]) VALUES (35, 3, 27, 17)
INSERT [dbo].[MappingDetail] ([ID], [MappingID], [MappingCategoryFieldDetailID], [MappingPosition]) VALUES (36, 3, 28, 18)
INSERT [dbo].[MappingDetail] ([ID], [MappingID], [MappingCategoryFieldDetailID], [MappingPosition]) VALUES (37, 3, 29, 19)
INSERT [dbo].[MappingDetail] ([ID], [MappingID], [MappingCategoryFieldDetailID], [MappingPosition]) VALUES (38, 3, 30, 20)
INSERT [dbo].[MappingDetail] ([ID], [MappingID], [MappingCategoryFieldDetailID], [MappingPosition]) VALUES (39, 3, 31, 21)
INSERT [dbo].[MappingDetail] ([ID], [MappingID], [MappingCategoryFieldDetailID], [MappingPosition]) VALUES (40, 4, 6, 1)
INSERT [dbo].[MappingDetail] ([ID], [MappingID], [MappingCategoryFieldDetailID], [MappingPosition]) VALUES (41, 4, 7, 2)
INSERT [dbo].[MappingDetail] ([ID], [MappingID], [MappingCategoryFieldDetailID], [MappingPosition]) VALUES (42, 3, 1054, 1)
INSERT [dbo].[MappingDetail] ([ID], [MappingID], [MappingCategoryFieldDetailID], [MappingPosition]) VALUES (43, 3, 1054, 2)
INSERT [dbo].[MappingDetail] ([ID], [MappingID], [MappingCategoryFieldDetailID], [MappingPosition]) VALUES (44, 3, 32, 22)
INSERT [dbo].[MappingDetail] ([ID], [MappingID], [MappingCategoryFieldDetailID], [MappingPosition]) VALUES (58, 3, 34, 23)
INSERT [dbo].[MappingDetail] ([ID], [MappingID], [MappingCategoryFieldDetailID], [MappingPosition]) VALUES (59, 3, 35, 24)
INSERT [dbo].[MappingDetail] ([ID], [MappingID], [MappingCategoryFieldDetailID], [MappingPosition]) VALUES (60, 3, 36, 25)
INSERT [dbo].[MappingDetail] ([ID], [MappingID], [MappingCategoryFieldDetailID], [MappingPosition]) VALUES (61, 3, 37, 26)
INSERT [dbo].[MappingDetail] ([ID], [MappingID], [MappingCategoryFieldDetailID], [MappingPosition]) VALUES (62, 3, 38, 27)
INSERT [dbo].[MappingDetail] ([ID], [MappingID], [MappingCategoryFieldDetailID], [MappingPosition]) VALUES (63, 3, 39, 28)
INSERT [dbo].[MappingDetail] ([ID], [MappingID], [MappingCategoryFieldDetailID], [MappingPosition]) VALUES (64, 3, 40, 29)
INSERT [dbo].[MappingDetail] ([ID], [MappingID], [MappingCategoryFieldDetailID], [MappingPosition]) VALUES (90, 6, 41, 2)
INSERT [dbo].[MappingDetail] ([ID], [MappingID], [MappingCategoryFieldDetailID], [MappingPosition]) VALUES (91, 6, 2, 19)
INSERT [dbo].[MappingDetail] ([ID], [MappingID], [MappingCategoryFieldDetailID], [MappingPosition]) VALUES (92, 6, 3, 13)
INSERT [dbo].[MappingDetail] ([ID], [MappingID], [MappingCategoryFieldDetailID], [MappingPosition]) VALUES (1044, 5, 6, 1)
INSERT [dbo].[MappingDetail] ([ID], [MappingID], [MappingCategoryFieldDetailID], [MappingPosition]) VALUES (1045, 5, 7, 2)
INSERT [dbo].[MappingDetail] ([ID], [MappingID], [MappingCategoryFieldDetailID], [MappingPosition]) VALUES (1046, 3, 42, 30)
INSERT [dbo].[MappingDetail] ([ID], [MappingID], [MappingCategoryFieldDetailID], [MappingPosition]) VALUES (1047, 3, 43, 31)
INSERT [dbo].[MappingDetail] ([ID], [MappingID], [MappingCategoryFieldDetailID], [MappingPosition]) VALUES (1048, 3, 44, 32)
INSERT [dbo].[MappingDetail] ([ID], [MappingID], [MappingCategoryFieldDetailID], [MappingPosition]) VALUES (1049, 3, 45, 33)
INSERT [dbo].[MappingDetail] ([ID], [MappingID], [MappingCategoryFieldDetailID], [MappingPosition]) VALUES (1050, 3, 46, 34)
INSERT [dbo].[MappingDetail] ([ID], [MappingID], [MappingCategoryFieldDetailID], [MappingPosition]) VALUES (1051, 3, 47, 35)
INSERT [dbo].[MappingDetail] ([ID], [MappingID], [MappingCategoryFieldDetailID], [MappingPosition]) VALUES (1052, 3, 48, 36)
INSERT [dbo].[MappingDetail] ([ID], [MappingID], [MappingCategoryFieldDetailID], [MappingPosition]) VALUES (1053, 3, 49, 37)
INSERT [dbo].[MappingDetail] ([ID], [MappingID], [MappingCategoryFieldDetailID], [MappingPosition]) VALUES (1054, 3, 50, 38)
INSERT [dbo].[MappingDetail] ([ID], [MappingID], [MappingCategoryFieldDetailID], [MappingPosition]) VALUES (1055, 3, 51, 39)
INSERT [dbo].[MappingDetail] ([ID], [MappingID], [MappingCategoryFieldDetailID], [MappingPosition]) VALUES (1056, 3, 52, 40)
INSERT [dbo].[MappingDetail] ([ID], [MappingID], [MappingCategoryFieldDetailID], [MappingPosition]) VALUES (1057, 3, 53, 41)
INSERT [dbo].[MappingDetail] ([ID], [MappingID], [MappingCategoryFieldDetailID], [MappingPosition]) VALUES (1058, 3, 54, 42)
INSERT [dbo].[MappingDetail] ([ID], [MappingID], [MappingCategoryFieldDetailID], [MappingPosition]) VALUES (1059, 3, 55, 43)
INSERT [dbo].[MappingDetail] ([ID], [MappingID], [MappingCategoryFieldDetailID], [MappingPosition]) VALUES (1060, 3, 56, 44)
INSERT [dbo].[MappingDetail] ([ID], [MappingID], [MappingCategoryFieldDetailID], [MappingPosition]) VALUES (1061, 3, 57, 45)
INSERT [dbo].[MappingDetail] ([ID], [MappingID], [MappingCategoryFieldDetailID], [MappingPosition]) VALUES (1062, 3, 58, 46)
INSERT [dbo].[MappingDetail] ([ID], [MappingID], [MappingCategoryFieldDetailID], [MappingPosition]) VALUES (1063, 3, 59, 47)
INSERT [dbo].[MappingDetail] ([ID], [MappingID], [MappingCategoryFieldDetailID], [MappingPosition]) VALUES (1064, 3, 60, 48)
INSERT [dbo].[MappingDetail] ([ID], [MappingID], [MappingCategoryFieldDetailID], [MappingPosition]) VALUES (1065, 3, 61, 49)
INSERT [dbo].[MappingDetail] ([ID], [MappingID], [MappingCategoryFieldDetailID], [MappingPosition]) VALUES (1066, 3, 62, 50)
INSERT [dbo].[MappingDetail] ([ID], [MappingID], [MappingCategoryFieldDetailID], [MappingPosition]) VALUES (1067, 3, 63, 51)
INSERT [dbo].[MappingDetail] ([ID], [MappingID], [MappingCategoryFieldDetailID], [MappingPosition]) VALUES (1068, 3, 64, 52)
INSERT [dbo].[MappingDetail] ([ID], [MappingID], [MappingCategoryFieldDetailID], [MappingPosition]) VALUES (1069, 3, 65, 53)
INSERT [dbo].[MappingDetail] ([ID], [MappingID], [MappingCategoryFieldDetailID], [MappingPosition]) VALUES (1070, 3, 66, 54)
INSERT [dbo].[MappingDetail] ([ID], [MappingID], [MappingCategoryFieldDetailID], [MappingPosition]) VALUES (1071, 8, 6, 1)
INSERT [dbo].[MappingDetail] ([ID], [MappingID], [MappingCategoryFieldDetailID], [MappingPosition]) VALUES (1072, 8, 7, 4)
INSERT [dbo].[MappingDetail] ([ID], [MappingID], [MappingCategoryFieldDetailID], [MappingPosition]) VALUES (1073, 3, 67, 55)
INSERT [dbo].[MappingDetail] ([ID], [MappingID], [MappingCategoryFieldDetailID], [MappingPosition]) VALUES (1074, 9, 6, 1)
INSERT [dbo].[MappingDetail] ([ID], [MappingID], [MappingCategoryFieldDetailID], [MappingPosition]) VALUES (1075, 9, 7, 4)
INSERT [dbo].[MappingDetail] ([ID], [MappingID], [MappingCategoryFieldDetailID], [MappingPosition]) VALUES (1076, 10, 1033, 1)
INSERT [dbo].[MappingDetail] ([ID], [MappingID], [MappingCategoryFieldDetailID], [MappingPosition]) VALUES (1077, 10, 1054, 2)
INSERT [dbo].[MappingDetail] ([ID], [MappingID], [MappingCategoryFieldDetailID], [MappingPosition]) VALUES (1078, 10, 16, 3)
INSERT [dbo].[MappingDetail] ([ID], [MappingID], [MappingCategoryFieldDetailID], [MappingPosition]) VALUES (1079, 10, 17, 4)
INSERT [dbo].[MappingDetail] ([ID], [MappingID], [MappingCategoryFieldDetailID], [MappingPosition]) VALUES (1080, 10, 18, 5)
INSERT [dbo].[MappingDetail] ([ID], [MappingID], [MappingCategoryFieldDetailID], [MappingPosition]) VALUES (1081, 10, 19, 6)
INSERT [dbo].[MappingDetail] ([ID], [MappingID], [MappingCategoryFieldDetailID], [MappingPosition]) VALUES (1082, 10, 20, 7)
INSERT [dbo].[MappingDetail] ([ID], [MappingID], [MappingCategoryFieldDetailID], [MappingPosition]) VALUES (1083, 10, 21, 8)
INSERT [dbo].[MappingDetail] ([ID], [MappingID], [MappingCategoryFieldDetailID], [MappingPosition]) VALUES (1084, 10, 22, 9)
INSERT [dbo].[MappingDetail] ([ID], [MappingID], [MappingCategoryFieldDetailID], [MappingPosition]) VALUES (1085, 10, 23, 10)
INSERT [dbo].[MappingDetail] ([ID], [MappingID], [MappingCategoryFieldDetailID], [MappingPosition]) VALUES (1086, 10, 24, 11)
INSERT [dbo].[MappingDetail] ([ID], [MappingID], [MappingCategoryFieldDetailID], [MappingPosition]) VALUES (1087, 10, 1034, 12)
INSERT [dbo].[MappingDetail] ([ID], [MappingID], [MappingCategoryFieldDetailID], [MappingPosition]) VALUES (1088, 10, 1035, 13)
INSERT [dbo].[MappingDetail] ([ID], [MappingID], [MappingCategoryFieldDetailID], [MappingPosition]) VALUES (1089, 10, 27, 14)
INSERT [dbo].[MappingDetail] ([ID], [MappingID], [MappingCategoryFieldDetailID], [MappingPosition]) VALUES (1090, 10, 1036, 15)
INSERT [dbo].[MappingDetail] ([ID], [MappingID], [MappingCategoryFieldDetailID], [MappingPosition]) VALUES (1091, 3, 1037, 56)
INSERT [dbo].[MappingDetail] ([ID], [MappingID], [MappingCategoryFieldDetailID], [MappingPosition]) VALUES (1092, 11, 1038, 1)
INSERT [dbo].[MappingDetail] ([ID], [MappingID], [MappingCategoryFieldDetailID], [MappingPosition]) VALUES (1093, 11, 52, 2)
INSERT [dbo].[MappingDetail] ([ID], [MappingID], [MappingCategoryFieldDetailID], [MappingPosition]) VALUES (1094, 11, 1039, 3)
INSERT [dbo].[MappingDetail] ([ID], [MappingID], [MappingCategoryFieldDetailID], [MappingPosition]) VALUES (1095, 11, 1040, 4)
INSERT [dbo].[MappingDetail] ([ID], [MappingID], [MappingCategoryFieldDetailID], [MappingPosition]) VALUES (1096, 11, 1041, 5)
INSERT [dbo].[MappingDetail] ([ID], [MappingID], [MappingCategoryFieldDetailID], [MappingPosition]) VALUES (1097, 11, 44, 6)
INSERT [dbo].[MappingDetail] ([ID], [MappingID], [MappingCategoryFieldDetailID], [MappingPosition]) VALUES (1098, 11, 1042, 7)
INSERT [dbo].[MappingDetail] ([ID], [MappingID], [MappingCategoryFieldDetailID], [MappingPosition]) VALUES (1099, 11, 1043, 8)
INSERT [dbo].[MappingDetail] ([ID], [MappingID], [MappingCategoryFieldDetailID], [MappingPosition]) VALUES (1100, 11, 1044, 9)
INSERT [dbo].[MappingDetail] ([ID], [MappingID], [MappingCategoryFieldDetailID], [MappingPosition]) VALUES (1101, 11, 1054, 10)
GO
INSERT [dbo].[MappingDetail] ([ID], [MappingID], [MappingCategoryFieldDetailID], [MappingPosition]) VALUES (1102, 11, 1046, 11)
INSERT [dbo].[MappingDetail] ([ID], [MappingID], [MappingCategoryFieldDetailID], [MappingPosition]) VALUES (1103, 11, 1047, 12)
INSERT [dbo].[MappingDetail] ([ID], [MappingID], [MappingCategoryFieldDetailID], [MappingPosition]) VALUES (1104, 11, 1048, 13)
INSERT [dbo].[MappingDetail] ([ID], [MappingID], [MappingCategoryFieldDetailID], [MappingPosition]) VALUES (1105, 11, 1049, 14)
INSERT [dbo].[MappingDetail] ([ID], [MappingID], [MappingCategoryFieldDetailID], [MappingPosition]) VALUES (1106, 11, 1050, 15)
INSERT [dbo].[MappingDetail] ([ID], [MappingID], [MappingCategoryFieldDetailID], [MappingPosition]) VALUES (1107, 11, 1051, 16)
INSERT [dbo].[MappingDetail] ([ID], [MappingID], [MappingCategoryFieldDetailID], [MappingPosition]) VALUES (1108, 11, 1052, 17)
INSERT [dbo].[MappingDetail] ([ID], [MappingID], [MappingCategoryFieldDetailID], [MappingPosition]) VALUES (1109, 3, 1053, 57)
INSERT [dbo].[MappingDetail] ([ID], [MappingID], [MappingCategoryFieldDetailID], [MappingPosition]) VALUES (1110, 12, 2, 6)
INSERT [dbo].[MappingDetail] ([ID], [MappingID], [MappingCategoryFieldDetailID], [MappingPosition]) VALUES (1111, 12, 41, 5)
INSERT [dbo].[MappingDetail] ([ID], [MappingID], [MappingCategoryFieldDetailID], [MappingPosition]) VALUES (1112, 12, 3, 8)
INSERT [dbo].[MappingDetail] ([ID], [MappingID], [MappingCategoryFieldDetailID], [MappingPosition]) VALUES (1115, 13, 1057, 2)
INSERT [dbo].[MappingDetail] ([ID], [MappingID], [MappingCategoryFieldDetailID], [MappingPosition]) VALUES (1116, 13, 1058, 11)
INSERT [dbo].[MappingDetail] ([ID], [MappingID], [MappingCategoryFieldDetailID], [MappingPosition]) VALUES (1117, 12, 5, 2)
INSERT [dbo].[MappingDetail] ([ID], [MappingID], [MappingCategoryFieldDetailID], [MappingPosition]) VALUES (1118, 13, 1059, 12)
INSERT [dbo].[MappingDetail] ([ID], [MappingID], [MappingCategoryFieldDetailID], [MappingPosition]) VALUES (1119, 3, 1060, 59)
INSERT [dbo].[MappingDetail] ([ID], [MappingID], [MappingCategoryFieldDetailID], [MappingPosition]) VALUES (1120, 3, 1061, 60)
INSERT [dbo].[MappingDetail] ([ID], [MappingID], [MappingCategoryFieldDetailID], [MappingPosition]) VALUES (1121, 3, 14, 58)
INSERT [dbo].[MappingDetail] ([ID], [MappingID], [MappingCategoryFieldDetailID], [MappingPosition]) VALUES (1122, 14, 6, 1)
INSERT [dbo].[MappingDetail] ([ID], [MappingID], [MappingCategoryFieldDetailID], [MappingPosition]) VALUES (1123, 14, 7, 3)
INSERT [dbo].[MappingDetail] ([ID], [MappingID], [MappingCategoryFieldDetailID], [MappingPosition]) VALUES (1124, 15, 1032, 1)
INSERT [dbo].[MappingDetail] ([ID], [MappingID], [MappingCategoryFieldDetailID], [MappingPosition]) VALUES (1125, 15, 5, 3)
INSERT [dbo].[MappingDetail] ([ID], [MappingID], [MappingCategoryFieldDetailID], [MappingPosition]) VALUES (1126, 15, 27, 4)
INSERT [dbo].[MappingDetail] ([ID], [MappingID], [MappingCategoryFieldDetailID], [MappingPosition]) VALUES (1127, 15, 2, 6)
INSERT [dbo].[MappingDetail] ([ID], [MappingID], [MappingCategoryFieldDetailID], [MappingPosition]) VALUES (1128, 6, 1062, 1)
INSERT [dbo].[MappingDetail] ([ID], [MappingID], [MappingCategoryFieldDetailID], [MappingPosition]) VALUES (1129, 16, 6, 6)
INSERT [dbo].[MappingDetail] ([ID], [MappingID], [MappingCategoryFieldDetailID], [MappingPosition]) VALUES (1130, 16, 7, 14)
INSERT [dbo].[MappingDetail] ([ID], [MappingID], [MappingCategoryFieldDetailID], [MappingPosition]) VALUES (1131, 17, 41, 5)
INSERT [dbo].[MappingDetail] ([ID], [MappingID], [MappingCategoryFieldDetailID], [MappingPosition]) VALUES (1132, 17, 2, 29)
INSERT [dbo].[MappingDetail] ([ID], [MappingID], [MappingCategoryFieldDetailID], [MappingPosition]) VALUES (1134, 17, 3, 27)
INSERT [dbo].[MappingDetail] ([ID], [MappingID], [MappingCategoryFieldDetailID], [MappingPosition]) VALUES (1136, 18, 6, 6)
INSERT [dbo].[MappingDetail] ([ID], [MappingID], [MappingCategoryFieldDetailID], [MappingPosition]) VALUES (1137, 18, 7, 14)
INSERT [dbo].[MappingDetail] ([ID], [MappingID], [MappingCategoryFieldDetailID], [MappingPosition]) VALUES (1138, 19, 41, 5)
INSERT [dbo].[MappingDetail] ([ID], [MappingID], [MappingCategoryFieldDetailID], [MappingPosition]) VALUES (1139, 19, 2, 29)
INSERT [dbo].[MappingDetail] ([ID], [MappingID], [MappingCategoryFieldDetailID], [MappingPosition]) VALUES (1140, 19, 3, 27)
SET IDENTITY_INSERT [dbo].[MappingDetail] OFF

SET IDENTITY_INSERT [dbo].[OrderAmendmentType] ON 

INSERT [dbo].[OrderAmendmentType] ([ID], [Type]) VALUES (1, N'RETURNS')
INSERT [dbo].[OrderAmendmentType] ([ID], [Type]) VALUES (2, N'FEES')
INSERT [dbo].[OrderAmendmentType] ([ID], [Type]) VALUES (3, N'DISCOUNTS')
INSERT [dbo].[OrderAmendmentType] ([ID], [Type]) VALUES (5, N'DELIVERY_MODE')
INSERT [dbo].[OrderAmendmentType] ([ID], [Type]) VALUES (6, N'TAXATION')
INSERT [dbo].[OrderAmendmentType] ([ID], [Type]) VALUES (7, N'SHIPPING_ADDRESS')
INSERT [dbo].[OrderAmendmentType] ([ID], [Type]) VALUES (8, N'CANCEL')
INSERT [dbo].[OrderAmendmentType] ([ID], [Type]) VALUES (9, N'OFFSET')
SET IDENTITY_INSERT [dbo].[OrderAmendmentType] OFF
SET IDENTITY_INSERT [dbo].[OrderAmendmentCode] ON 

INSERT [dbo].[OrderAmendmentCode] ([ID], [OrderAmendmentTypeID], [Code], [Name], [RequiresSku], [RequiresCode], [SendToHybris], [RequiresOrderUpdate]) VALUES (1, 1, N'OFF-RTRN', N'RTRN(Product Name)', 1, 0, 0, 0)
INSERT [dbo].[OrderAmendmentCode] ([ID], [OrderAmendmentTypeID], [Code], [Name], [RequiresSku], [RequiresCode], [SendToHybris], [RequiresOrderUpdate]) VALUES (2, 1, N'OFF-EXC', N'EXC(Product Name)', 1, 0, 0, 0)
INSERT [dbo].[OrderAmendmentCode] ([ID], [OrderAmendmentTypeID], [Code], [Name], [RequiresSku], [RequiresCode], [SendToHybris], [RequiresOrderUpdate]) VALUES (3, 8, N'OFF-OOS', N'OOS(Product Name)', 1, 0, 0, 1)
INSERT [dbo].[OrderAmendmentCode] ([ID], [OrderAmendmentTypeID], [Code], [Name], [RequiresSku], [RequiresCode], [SendToHybris], [RequiresOrderUpdate]) VALUES (4, 8, N'OFF-CNL', N'CNL(Product Name)', 1, 0, 0, 1)
INSERT [dbo].[OrderAmendmentCode] ([ID], [OrderAmendmentTypeID], [Code], [Name], [RequiresSku], [RequiresCode], [SendToHybris], [RequiresOrderUpdate]) VALUES (5, 9, N'OFF-', N'OFF (Voucher or Promotion Name)', 0, 1, 0, 0)
INSERT [dbo].[OrderAmendmentCode] ([ID], [OrderAmendmentTypeID], [Code], [Name], [RequiresSku], [RequiresCode], [SendToHybris], [RequiresOrderUpdate]) VALUES (6, 3, N'OFF-SHIP', N'Refund Shipping Charges', 1, 0, 1, 0)
INSERT [dbo].[OrderAmendmentCode] ([ID], [OrderAmendmentTypeID], [Code], [Name], [RequiresSku], [RequiresCode], [SendToHybris], [RequiresOrderUpdate]) VALUES (7, 2, N'FEE-LBL', N'Label Fee', 0, 0, 0, 0)
INSERT [dbo].[OrderAmendmentCode] ([ID], [OrderAmendmentTypeID], [Code], [Name], [RequiresSku], [RequiresCode], [SendToHybris], [RequiresOrderUpdate]) VALUES (8, 2, N'FEE-RTRN', N'Return Fee', 0, 0, 0, 0)
INSERT [dbo].[OrderAmendmentCode] ([ID], [OrderAmendmentTypeID], [Code], [Name], [RequiresSku], [RequiresCode], [SendToHybris], [RequiresOrderUpdate]) VALUES (9, 2, N'FEE-EXC', N'Exchange Fee', 0, 0, 0, 0)
INSERT [dbo].[OrderAmendmentCode] ([ID], [OrderAmendmentTypeID], [Code], [Name], [RequiresSku], [RequiresCode], [SendToHybris], [RequiresOrderUpdate]) VALUES (10, 2, N'FEE-RSTK', N'Restock Fee', 0, 0, 0, 0)
INSERT [dbo].[OrderAmendmentCode] ([ID], [OrderAmendmentTypeID], [Code], [Name], [RequiresSku], [RequiresCode], [SendToHybris], [RequiresOrderUpdate]) VALUES (11, 3, N'DSC-CCC', N'Customer Care Credit', 0, 0, 1, 0)
INSERT [dbo].[OrderAmendmentCode] ([ID], [OrderAmendmentTypeID], [Code], [Name], [RequiresSku], [RequiresCode], [SendToHybris], [RequiresOrderUpdate]) VALUES (12, 3, N'DSC-PTGY', N'Price Guarantee Discount', 0, 0, 0, 0)
INSERT [dbo].[OrderAmendmentCode] ([ID], [OrderAmendmentTypeID], [Code], [Name], [RequiresSku], [RequiresCode], [SendToHybris], [RequiresOrderUpdate]) VALUES (13, 3, N'DSC-CORP', N'Corporate Discount', 0, 0, 1, 0)
INSERT [dbo].[OrderAmendmentCode] ([ID], [OrderAmendmentTypeID], [Code], [Name], [RequiresSku], [RequiresCode], [SendToHybris], [RequiresOrderUpdate]) VALUES (14, 3, N'DSC-CC', N'Post Order Voucher', 0, 0, 1, 0)
INSERT [dbo].[OrderAmendmentCode] ([ID], [OrderAmendmentTypeID], [Code], [Name], [RequiresSku], [RequiresCode], [SendToHybris], [RequiresOrderUpdate]) VALUES (15, 3, N'DSC-PGTY', N'Price Guarantee Discount', 1, 0, 1, 0)
INSERT [dbo].[OrderAmendmentCode] ([ID], [OrderAmendmentTypeID], [Code], [Name], [RequiresSku], [RequiresCode], [SendToHybris], [RequiresOrderUpdate]) VALUES (16, 3, N'DSC-', N'Discount', 0, 1, 0, 0)
INSERT [dbo].[OrderAmendmentCode] ([ID], [OrderAmendmentTypeID], [Code], [Name], [RequiresSku], [RequiresCode], [SendToHybris], [RequiresOrderUpdate]) VALUES (17, 2, N'FEE-PERSONALIZE', N'Fee', 0, 0, 0, 0)
SET IDENTITY_INSERT [dbo].[OrderAmendmentCode] OFF
SET IDENTITY_INSERT [dbo].[ScraperSettingsType] ON 

INSERT [dbo].[ScraperSettingsType] ([ScraperSettingTypeID], [QueryType_CD], [QueryTypeDescription]) VALUES (1, N'UPD1', N'Flag Orders To Be Downloaded')
INSERT [dbo].[ScraperSettingsType] ([ScraperSettingTypeID], [QueryType_CD], [QueryTypeDescription]) VALUES (2, N'UPD2', N'Flag Orders As Downloaded')
INSERT [dbo].[ScraperSettingsType] ([ScraperSettingTypeID], [QueryType_CD], [QueryTypeDescription]) VALUES (3, N'GETORDS', N'Download Order File')
INSERT [dbo].[ScraperSettingsType] ([ScraperSettingTypeID], [QueryType_CD], [QueryTypeDescription]) VALUES (4, N'GETORDSCNT', N'Get Count of Orders to be Downloaded')
INSERT [dbo].[ScraperSettingsType] ([ScraperSettingTypeID], [QueryType_CD], [QueryTypeDescription]) VALUES (5, N'UPDC1', N'Flag Customers To Be Downloaded')
INSERT [dbo].[ScraperSettingsType] ([ScraperSettingTypeID], [QueryType_CD], [QueryTypeDescription]) VALUES (6, N'UPDC2', N'Flag Customers As Downloaded')
INSERT [dbo].[ScraperSettingsType] ([ScraperSettingTypeID], [QueryType_CD], [QueryTypeDescription]) VALUES (7, N'UPDR1', N'Flag Orders To Be Re-Downloaded')
INSERT [dbo].[ScraperSettingsType] ([ScraperSettingTypeID], [QueryType_CD], [QueryTypeDescription]) VALUES (8, N'UPDR2', N'Flag Orders As Re-Downloaded')
INSERT [dbo].[ScraperSettingsType] ([ScraperSettingTypeID], [QueryType_CD], [QueryTypeDescription]) VALUES (9, N'GETPAY', N'Download Payment Logs')
INSERT [dbo].[ScraperSettingsType] ([ScraperSettingTypeID], [QueryType_CD], [QueryTypeDescription]) VALUES (10, N'UPDPAY1', N'Update Payment Logs are to be downloaded')
INSERT [dbo].[ScraperSettingsType] ([ScraperSettingTypeID], [QueryType_CD], [QueryTypeDescription]) VALUES (11, N'UPDPAY2', N'Update Payment Logs that were downloaded')
SET IDENTITY_INSERT [dbo].[ScraperSettingsType] OFF
SET IDENTITY_INSERT [dbo].[ScraperSettings] ON 

INSERT [dbo].[ScraperSettings] ([ID], [StoreID], [QueryBankID], [IsUpdate], [RunOrder], [ScraperSettingTypeID], [ScraperTarget], [SourceID]) VALUES (1, 1, 12, 1, 1, 1, N'Orders', 26)
INSERT [dbo].[ScraperSettings] ([ID], [StoreID], [QueryBankID], [IsUpdate], [RunOrder], [ScraperSettingTypeID], [ScraperTarget], [SourceID]) VALUES (2, 1, 7, 1, 4, 2, N'Orders', 26)
INSERT [dbo].[ScraperSettings] ([ID], [StoreID], [QueryBankID], [IsUpdate], [RunOrder], [ScraperSettingTypeID], [ScraperTarget], [SourceID]) VALUES (3, 2, 12, 1, 1, 1, N'Orders', 7)
INSERT [dbo].[ScraperSettings] ([ID], [StoreID], [QueryBankID], [IsUpdate], [RunOrder], [ScraperSettingTypeID], [ScraperTarget], [SourceID]) VALUES (4, 2, 7, 1, 4, 2, N'Orders', 7)
INSERT [dbo].[ScraperSettings] ([ID], [StoreID], [QueryBankID], [IsUpdate], [RunOrder], [ScraperSettingTypeID], [ScraperTarget], [SourceID]) VALUES (5, 3, 12, 1, 1, 1, N'Orders', 8)
INSERT [dbo].[ScraperSettings] ([ID], [StoreID], [QueryBankID], [IsUpdate], [RunOrder], [ScraperSettingTypeID], [ScraperTarget], [SourceID]) VALUES (6, 3, 7, 1, 4, 2, N'Orders', 8)
INSERT [dbo].[ScraperSettings] ([ID], [StoreID], [QueryBankID], [IsUpdate], [RunOrder], [ScraperSettingTypeID], [ScraperTarget], [SourceID]) VALUES (7, 4, 12, 1, 1, 1, N'Orders', 29)
INSERT [dbo].[ScraperSettings] ([ID], [StoreID], [QueryBankID], [IsUpdate], [RunOrder], [ScraperSettingTypeID], [ScraperTarget], [SourceID]) VALUES (8, 4, 7, 1, 4, 2, N'Orders', 29)
INSERT [dbo].[ScraperSettings] ([ID], [StoreID], [QueryBankID], [IsUpdate], [RunOrder], [ScraperSettingTypeID], [ScraperTarget], [SourceID]) VALUES (13, 1, 26, 0, 3, 4, N'Orders', 26)
INSERT [dbo].[ScraperSettings] ([ID], [StoreID], [QueryBankID], [IsUpdate], [RunOrder], [ScraperSettingTypeID], [ScraperTarget], [SourceID]) VALUES (14, 2, 26, 0, 3, 4, N'Orders', 7)
INSERT [dbo].[ScraperSettings] ([ID], [StoreID], [QueryBankID], [IsUpdate], [RunOrder], [ScraperSettingTypeID], [ScraperTarget], [SourceID]) VALUES (15, 3, 26, 0, 3, 4, N'Orders', 8)
INSERT [dbo].[ScraperSettings] ([ID], [StoreID], [QueryBankID], [IsUpdate], [RunOrder], [ScraperSettingTypeID], [ScraperTarget], [SourceID]) VALUES (16, 4, 26, 0, 3, 4, N'Orders', 29)
INSERT [dbo].[ScraperSettings] ([ID], [StoreID], [QueryBankID], [IsUpdate], [RunOrder], [ScraperSettingTypeID], [ScraperTarget], [SourceID]) VALUES (20, 5, 26, 0, 3, 4, N'Orders', 10)
INSERT [dbo].[ScraperSettings] ([ID], [StoreID], [QueryBankID], [IsUpdate], [RunOrder], [ScraperSettingTypeID], [ScraperTarget], [SourceID]) VALUES (21, 5, 7, 1, 4, 2, N'Orders', 10)
INSERT [dbo].[ScraperSettings] ([ID], [StoreID], [QueryBankID], [IsUpdate], [RunOrder], [ScraperSettingTypeID], [ScraperTarget], [SourceID]) VALUES (22, 5, 12, 1, 1, 1, N'Orders', 10)
INSERT [dbo].[ScraperSettings] ([ID], [StoreID], [QueryBankID], [IsUpdate], [RunOrder], [ScraperSettingTypeID], [ScraperTarget], [SourceID]) VALUES (23, 1, 3705, 1, 1, 10, N'PaymentLog', 26)
INSERT [dbo].[ScraperSettings] ([ID], [StoreID], [QueryBankID], [IsUpdate], [RunOrder], [ScraperSettingTypeID], [ScraperTarget], [SourceID]) VALUES (24, 2, 56, 1, 1, 10, N'PaymentLog', 7)
INSERT [dbo].[ScraperSettings] ([ID], [StoreID], [QueryBankID], [IsUpdate], [RunOrder], [ScraperSettingTypeID], [ScraperTarget], [SourceID]) VALUES (25, 3, 54, 1, 1, 10, N'PaymentLog', 8)
INSERT [dbo].[ScraperSettings] ([ID], [StoreID], [QueryBankID], [IsUpdate], [RunOrder], [ScraperSettingTypeID], [ScraperTarget], [SourceID]) VALUES (26, 4, 63, 1, 1, 10, N'PaymentLog', 29)
INSERT [dbo].[ScraperSettings] ([ID], [StoreID], [QueryBankID], [IsUpdate], [RunOrder], [ScraperSettingTypeID], [ScraperTarget], [SourceID]) VALUES (27, 5, 466, 1, 1, 10, N'PaymentLog', 10)
INSERT [dbo].[ScraperSettings] ([ID], [StoreID], [QueryBankID], [IsUpdate], [RunOrder], [ScraperSettingTypeID], [ScraperTarget], [SourceID]) VALUES (28, 1, 3706, 0, 2, 9, N'PaymentLog', 26)
INSERT [dbo].[ScraperSettings] ([ID], [StoreID], [QueryBankID], [IsUpdate], [RunOrder], [ScraperSettingTypeID], [ScraperTarget], [SourceID]) VALUES (29, 2, 57, 0, 2, 9, N'PaymentLog', 7)
INSERT [dbo].[ScraperSettings] ([ID], [StoreID], [QueryBankID], [IsUpdate], [RunOrder], [ScraperSettingTypeID], [ScraperTarget], [SourceID]) VALUES (30, 3, 55, 0, 2, 9, N'PaymentLog', 8)
INSERT [dbo].[ScraperSettings] ([ID], [StoreID], [QueryBankID], [IsUpdate], [RunOrder], [ScraperSettingTypeID], [ScraperTarget], [SourceID]) VALUES (31, 4, 64, 0, 2, 9, N'PaymentLog', 29)
INSERT [dbo].[ScraperSettings] ([ID], [StoreID], [QueryBankID], [IsUpdate], [RunOrder], [ScraperSettingTypeID], [ScraperTarget], [SourceID]) VALUES (32, 5, 467, 0, 2, 9, N'PaymentLog', 10)
INSERT [dbo].[ScraperSettings] ([ID], [StoreID], [QueryBankID], [IsUpdate], [RunOrder], [ScraperSettingTypeID], [ScraperTarget], [SourceID]) VALUES (33, 1, 3707, 1, 3, 11, N'PaymentLog', 26)
INSERT [dbo].[ScraperSettings] ([ID], [StoreID], [QueryBankID], [IsUpdate], [RunOrder], [ScraperSettingTypeID], [ScraperTarget], [SourceID]) VALUES (34, 2, 58, 1, 3, 11, N'PaymentLog', 7)
INSERT [dbo].[ScraperSettings] ([ID], [StoreID], [QueryBankID], [IsUpdate], [RunOrder], [ScraperSettingTypeID], [ScraperTarget], [SourceID]) VALUES (35, 3, 56, 1, 3, 11, N'PaymentLog', 8)
INSERT [dbo].[ScraperSettings] ([ID], [StoreID], [QueryBankID], [IsUpdate], [RunOrder], [ScraperSettingTypeID], [ScraperTarget], [SourceID]) VALUES (36, 4, 65, 1, 3, 11, N'PaymentLog', 29)
INSERT [dbo].[ScraperSettings] ([ID], [StoreID], [QueryBankID], [IsUpdate], [RunOrder], [ScraperSettingTypeID], [ScraperTarget], [SourceID]) VALUES (37, 5, 468, 1, 3, 11, N'PaymentLog', 10)
INSERT [dbo].[ScraperSettings] ([ID], [StoreID], [QueryBankID], [IsUpdate], [RunOrder], [ScraperSettingTypeID], [ScraperTarget], [SourceID]) VALUES (38, 1, 5, 0, 2, 3, N'Orders', 26)
INSERT [dbo].[ScraperSettings] ([ID], [StoreID], [QueryBankID], [IsUpdate], [RunOrder], [ScraperSettingTypeID], [ScraperTarget], [SourceID]) VALUES (39, 2, 5, 0, 2, 3, N'Orders', 7)
INSERT [dbo].[ScraperSettings] ([ID], [StoreID], [QueryBankID], [IsUpdate], [RunOrder], [ScraperSettingTypeID], [ScraperTarget], [SourceID]) VALUES (40, 3, 5, 0, 2, 3, N'Orders', 8)
INSERT [dbo].[ScraperSettings] ([ID], [StoreID], [QueryBankID], [IsUpdate], [RunOrder], [ScraperSettingTypeID], [ScraperTarget], [SourceID]) VALUES (41, 4, 5, 0, 2, 3, N'Orders', 29)
INSERT [dbo].[ScraperSettings] ([ID], [StoreID], [QueryBankID], [IsUpdate], [RunOrder], [ScraperSettingTypeID], [ScraperTarget], [SourceID]) VALUES (42, 5, 5, 0, 2, 3, N'Orders', 10)
SET IDENTITY_INSERT [dbo].[ScraperSettings] OFF
SET IDENTITY_INSERT [dbo].[AmazonSettings] ON 

INSERT [dbo].[AmazonSettings] ([MarketplaceID], [CompanyName], [SellerID], [AccessKey], [SecretKey], [Site], [Username], [Password], [MarketplaceName], [Marketplace], [SourceID], [BypassOrders], [BrandID], [LastOrderRequest], [LastOrderLineRequest], [LastOrderRequestsRemaining], [LastOrderLineRequestsRemaining], [FulfilledByThirdParty], [ServiceURL], [OrderStatuses], [FulfillmentChannels], [FromDate], [ToDate], [FulfillmentType]) VALUES (1, N'Balsam Hill UK', N' ', N' ', N' ', N'balsamhilluk', N'', N'', N'A1F83G8C2ARO7P', N'Amazon', 6, 0, 6, CAST(N'2019-05-23T04:29:45.843' AS DateTime), CAST(N'2019-02-19T08:12:17.960' AS DateTime), 5, 27, 1, N'https://mws.amazonservices.co.uk', N'Unshipped;PartiallyShipped;Shipped', N'AFN', CAST(N'2019-05-23T04:29:46.563' AS DateTime), NULL, N'FULL')
INSERT [dbo].[AmazonSettings] ([MarketplaceID], [CompanyName], [SellerID], [AccessKey], [SecretKey], [Site], [Username], [Password], [MarketplaceName], [Marketplace], [SourceID], [BypassOrders], [BrandID], [LastOrderRequest], [LastOrderLineRequest], [LastOrderRequestsRemaining], [LastOrderLineRequestsRemaining], [FulfilledByThirdParty], [ServiceURL], [OrderStatuses], [FulfillmentChannels], [FromDate], [ToDate], [FulfillmentType]) VALUES (2, N'Balsam Hill FR', N' ', N' ', N' ', N'balsamhillfr', N'', N'', N'A13V1IB3VIYZZH', N'Amazon', 2, 0, 7, CAST(N'2019-05-23T04:29:46.597' AS DateTime), CAST(N'2019-02-19T08:12:18.510' AS DateTime), 5, 1, 1, N'https://mws.amazonservices.co.uk', N'Unshipped;PartiallyShipped;Shipped', N'AFN', CAST(N'2019-05-23T04:29:46.847' AS DateTime), NULL, N'FULL')
INSERT [dbo].[AmazonSettings] ([MarketplaceID], [CompanyName], [SellerID], [AccessKey], [SecretKey], [Site], [Username], [Password], [MarketplaceName], [Marketplace], [SourceID], [BypassOrders], [BrandID], [LastOrderRequest], [LastOrderLineRequest], [LastOrderRequestsRemaining], [LastOrderLineRequestsRemaining], [FulfilledByThirdParty], [ServiceURL], [OrderStatuses], [FulfillmentChannels], [FromDate], [ToDate], [FulfillmentType]) VALUES (3, N'Balsam Hill DE', N' ', N' ', N' ', N'balsamhillde', N'', N'', N'A1PA6795UKMFR9', N'Amazon', 3, 0, 8, CAST(N'2019-05-23T04:29:46.893' AS DateTime), CAST(N'2019-02-19T07:12:18.643' AS DateTime), 5, 6, 1, N'https://mws.amazonservices.co.uk', N'Unshipped;PartiallyShipped;Shipped', N'AFN', CAST(N'2019-02-20T17:33:47.310' AS DateTime), NULL, N'FULL')
SET IDENTITY_INSERT [dbo].[AmazonSettings] OFF
SET IDENTITY_INSERT [dbo].[BrontoApiSettings] ON 

INSERT [dbo].[BrontoApiSettings] ([ID], [ApiType], [ClientID], [ClientPassword], [ApiToken], [ApiRefreshToken], [ApiTokenTimeout], [ApiRefreshTokenTimeout], [BrandID]) VALUES (17, N'REST', N'2ac7b3fc6d2248bd9e3e15ccc52228dc1ceb02de', N'4138f77b74a91458318085d2d5c7228ba08e6029', N'a7826fff-239e-49e3-b738-9281c9ca609b', N'3710a1b9-c500-4433-b666-f38ffc638c72', CAST(N'2020-11-26T12:33:10.343' AS DateTime), CAST(N'2020-12-04T12:04:44.310' AS DateTime), 6)
INSERT [dbo].[BrontoApiSettings] ([ID], [ApiType], [ClientID], [ClientPassword], [ApiToken], [ApiRefreshToken], [ApiTokenTimeout], [ApiRefreshTokenTimeout], [BrandID]) VALUES (18, N'SOAP', N'B7C5CF0E-CC67-460D-8F36-AEBAAFC11A23', N'', NULL, NULL, NULL, NULL, 6)
INSERT [dbo].[BrontoApiSettings] ([ID], [ApiType], [ClientID], [ClientPassword], [ApiToken], [ApiRefreshToken], [ApiTokenTimeout], [ApiRefreshTokenTimeout], [BrandID]) VALUES (19, N'REST', N'2ac7b3fc6d2248bd9e3e15ccc52228dc1ceb02de', N'4138f77b74a91458318085d2d5c7228ba08e6029', N'aa5f7eeb-60eb-4e0d-8027-255e0de66251', N'3710a1b9-c500-4433-b666-f38ffc638c72', CAST(N'2020-11-16T12:24:54.283' AS DateTime), CAST(N'2020-12-06T05:02:27.743' AS DateTime), 7)
INSERT [dbo].[BrontoApiSettings] ([ID], [ApiType], [ClientID], [ClientPassword], [ApiToken], [ApiRefreshToken], [ApiTokenTimeout], [ApiRefreshTokenTimeout], [BrandID]) VALUES (20, N'SOAP', N'FE906EB2-688F-4968-B0B5-F38C200A2D88', N'', NULL, NULL, NULL, NULL, 7)
INSERT [dbo].[BrontoApiSettings] ([ID], [ApiType], [ClientID], [ClientPassword], [ApiToken], [ApiRefreshToken], [ApiTokenTimeout], [ApiRefreshTokenTimeout], [BrandID]) VALUES (21, N'REST', N'2ac7b3fc6d2248bd9e3e15ccc52228dc1ceb02de', N'4138f77b74a91458318085d2d5c7228ba08e6029', N'a72f206c-d8a6-4a12-a559-52c3def63f27', N'3710a1b9-c500-4433-b666-f38ffc638c72', CAST(N'2020-11-16T12:25:50.260' AS DateTime), CAST(N'2020-12-16T11:25:50.260' AS DateTime), 8)
INSERT [dbo].[BrontoApiSettings] ([ID], [ApiType], [ClientID], [ClientPassword], [ApiToken], [ApiRefreshToken], [ApiTokenTimeout], [ApiRefreshTokenTimeout], [BrandID]) VALUES (22, N'SOAP', N'2B6DB33B-73FD-4D1C-9E40-ED0D8FB4446D', N'', NULL, NULL, NULL, NULL, 8)
INSERT [dbo].[BrontoApiSettings] ([ID], [ApiType], [ClientID], [ClientPassword], [ApiToken], [ApiRefreshToken], [ApiTokenTimeout], [ApiRefreshTokenTimeout], [BrandID]) VALUES (23, N'REST', N'd3b6ab5397863a08d72eb0e6d4d5f0f562f183e1', N'4e1327883ef3422f0727796d1c4e633a01e37861', N'87d7e5e8-f4f5-4505-9153-aa069657ac08', N'46c863dc-9fdd-4a77-bcae-81100bda9a44', CAST(N'2020-11-23T09:00:02.053' AS DateTime), CAST(N'2020-12-04T12:43:02.470' AS DateTime), 10)
INSERT [dbo].[BrontoApiSettings] ([ID], [ApiType], [ClientID], [ClientPassword], [ApiToken], [ApiRefreshToken], [ApiTokenTimeout], [ApiRefreshTokenTimeout], [BrandID]) VALUES (24, N'SOAP', N'2D38C987-4C09-4B54-971D-17DE726F06F0', N'', NULL, NULL, NULL, NULL, 10)
INSERT [dbo].[BrontoApiSettings] ([ID], [ApiType], [ClientID], [ClientPassword], [ApiToken], [ApiRefreshToken], [ApiTokenTimeout], [ApiRefreshTokenTimeout], [BrandID]) VALUES (25, N'REST', N'dc932038fb87fa078e9ee182732b5d87ecfa0f02', N'3c7a1267cc519745df79f19a969b3ff908543abc', N'46a99491-ef70-4e94-9106-1ea01ef56c89', N'afad0992-6eaf-485a-a31e-c97b2e281842', CAST(N'2016-04-30T11:00:07.690' AS DateTime), CAST(N'2016-04-30T14:41:56.203' AS DateTime), 9)
INSERT [dbo].[BrontoApiSettings] ([ID], [ApiType], [ClientID], [ClientPassword], [ApiToken], [ApiRefreshToken], [ApiTokenTimeout], [ApiRefreshTokenTimeout], [BrandID]) VALUES (26, N'SOAP', N'F9765085-94D9-41E6-AE6F-D99059908936', N'', NULL, NULL, NULL, NULL, 9)
SET IDENTITY_INSERT [dbo].[BrontoApiSettings] OFF
SET IDENTITY_INSERT [dbo].[BrontoEmailTemplate] ON 

INSERT [dbo].[BrontoEmailTemplate] ([ID], [MessageId], [Type], [Description], [SourceID], [ShippingConfirmationVersion]) VALUES (1, N'0bcf03eb0000000000000000000000048259', N'ShippingConfirmation', N'ShippingConfirmation', 6, N'2016')
INSERT [dbo].[BrontoEmailTemplate] ([ID], [MessageId], [Type], [Description], [SourceID], [ShippingConfirmationVersion]) VALUES (2, N'0bcf03eb0000000000000000000000049b95', N'ShippingConfirmation', N'ShippingConfirmation', 7, N'2016')
INSERT [dbo].[BrontoEmailTemplate] ([ID], [MessageId], [Type], [Description], [SourceID], [ShippingConfirmationVersion]) VALUES (3, N'0bcf03eb0000000000000000000000048b3a', N'ShippingConfirmation', N'ShippingConfirmation', 8, N'2016')
INSERT [dbo].[BrontoEmailTemplate] ([ID], [MessageId], [Type], [Description], [SourceID], [ShippingConfirmationVersion]) VALUES (4, N'0bcf03eb0000000000000000000000069240', N'ShippingConfirmation', N'ShippingConfirmation', 9, N'2017')
INSERT [dbo].[BrontoEmailTemplate] ([ID], [MessageId], [Type], [Description], [SourceID], [ShippingConfirmationVersion]) VALUES (5, N'0bcf03eb0000000000000000000000044f0a', N'ShippingConfirmation', N'ShippingConfirmation', 10, N'2016')
INSERT [dbo].[BrontoEmailTemplate] ([ID], [MessageId], [Type], [Description], [SourceID], [ShippingConfirmationVersion]) VALUES (6, N'0bcf03eb0000000000000000000000050464', N'NotifyMe', N'Notify Me When Product is back in stock', 26, N'2016')
INSERT [dbo].[BrontoEmailTemplate] ([ID], [MessageId], [Type], [Description], [SourceID], [ShippingConfirmationVersion]) VALUES (7, N'0bcf03eb00000000000000000000000576a3', N'ShippingConfirmation', N'ShippingConfirmation', 26, N'2017')
INSERT [dbo].[BrontoEmailTemplate] ([ID], [MessageId], [Type], [Description], [SourceID], [ShippingConfirmationVersion]) VALUES (8, N'0bcf03eb0000000000000000000000048259', N'ShippingConfirmationWarranty', N'ShippingConfirmation', 6, N'2016')
INSERT [dbo].[BrontoEmailTemplate] ([ID], [MessageId], [Type], [Description], [SourceID], [ShippingConfirmationVersion]) VALUES (9, N'0bcf03eb0000000000000000000000049b95', N'ShippingConfirmationWarranty', N'ShippingConfirmation', 7, N'2016')
INSERT [dbo].[BrontoEmailTemplate] ([ID], [MessageId], [Type], [Description], [SourceID], [ShippingConfirmationVersion]) VALUES (10, N'0bcf03eb0000000000000000000000048b3a', N'ShippingConfirmationWarranty', N'ShippingConfirmation', 8, N'2016')
INSERT [dbo].[BrontoEmailTemplate] ([ID], [MessageId], [Type], [Description], [SourceID], [ShippingConfirmationVersion]) VALUES (11, N'0bcf03eb0000000000000000000000069240', N'ShippingConfirmationWarranty', N'ShippingConfirmation', 9, N'2017')
INSERT [dbo].[BrontoEmailTemplate] ([ID], [MessageId], [Type], [Description], [SourceID], [ShippingConfirmationVersion]) VALUES (12, N'0bcf03eb0000000000000000000000044f0a', N'ShippingConfirmationWarranty', N'ShippingConfirmation', 10, N'2016')
INSERT [dbo].[BrontoEmailTemplate] ([ID], [MessageId], [Type], [Description], [SourceID], [ShippingConfirmationVersion]) VALUES (13, N'0bcf03eb0000000000000000000000048259', N'ShippingConfirmationWarranty', N'ShippingConfirmation', 26, N'2016')
INSERT [dbo].[BrontoEmailTemplate] ([ID], [MessageId], [Type], [Description], [SourceID], [ShippingConfirmationVersion]) VALUES (14, N'0bcf03eb0000000000000000000000069240', N'ShippingConfirmation', N'ShippingConfirmation', 29, N'2017')
INSERT [dbo].[BrontoEmailTemplate] ([ID], [MessageId], [Type], [Description], [SourceID], [ShippingConfirmationVersion]) VALUES (15, N'0bcf03eb0000000000000000000000069240', N'ShippingConfirmationWarranty', N'ShippingConfirmation', 29, N'2017')
INSERT [dbo].[BrontoEmailTemplate] ([ID], [MessageId], [Type], [Description], [SourceID], [ShippingConfirmationVersion]) VALUES (16, N'0bcf03eb00000000000000000000000682c8', N'NotifyMe', N'Notify Me When Product is back in stock', 29, N'2016')
INSERT [dbo].[BrontoEmailTemplate] ([ID], [MessageId], [Type], [Description], [SourceID], [ShippingConfirmationVersion]) VALUES (17, N'd33a7fa97661980ae40406e97d39a5d0', N'ShippingConfirmation', N'ShippingConfirmation', 32, N'2017')
INSERT [dbo].[BrontoEmailTemplate] ([ID], [MessageId], [Type], [Description], [SourceID], [ShippingConfirmationVersion]) VALUES (18, N'0bcf03eb0000000000000000000000049b95', N'ShippingConfirmationWarranty', N'ShippingConfirmation', 32, N'2016')
INSERT [dbo].[BrontoEmailTemplate] ([ID], [MessageId], [Type], [Description], [SourceID], [ShippingConfirmationVersion]) VALUES (19, N'ee61a825fb559ca311c46606fb43850e', N'ShippingConfirmation', N'ShippingConfirmation', 33, N'2017')
INSERT [dbo].[BrontoEmailTemplate] ([ID], [MessageId], [Type], [Description], [SourceID], [ShippingConfirmationVersion]) VALUES (20, N'0bcf03eb0000000000000000000000048b3a', N'ShippingConfirmationWarranty', N'ShippingConfirmation', 33, N'2016')
SET IDENTITY_INSERT [dbo].[BrontoEmailTemplate] OFF

INSERT [dbo].[MarketplaceCountryFullName_LU] ([CountryCode], [CountryName]) VALUES (N'ca', N'Canada')
INSERT [dbo].[MarketplaceCountryFullName_LU] ([CountryCode], [CountryName]) VALUES (N'can', N'Canada')
INSERT [dbo].[MarketplaceCountryFullName_LU] ([CountryCode], [CountryName]) VALUES (N'canada', N'Canada')
INSERT [dbo].[MarketplaceCountryFullName_LU] ([CountryCode], [CountryName]) VALUES (N'us', N'United States')
INSERT [dbo].[MarketplaceCountryFullName_LU] ([CountryCode], [CountryName]) VALUES (N'united states', N'United States')
INSERT [dbo].[MarketplaceCountryFullName_LU] ([CountryCode], [CountryName]) VALUES (N'usa', N'United States')
INSERT [dbo].[MarketplaceCountryFullName_LU] ([CountryCode], [CountryName]) VALUES (N'pr', N'Puerto Rico')
INSERT [dbo].[MarketplaceCountryFullName_LU] ([CountryCode], [CountryName]) VALUES (N'puerto rico', N'Puerto Rico')
INSERT [dbo].[MarketplaceCountryFullName_LU] ([CountryCode], [CountryName]) VALUES (N'pri', N'Puerto Rico')
INSERT [dbo].[MarketplaceCountryFullName_LU] ([CountryCode], [CountryName]) VALUES (N'FR', N'France')
INSERT [dbo].[MarketplaceCountryFullName_LU] ([CountryCode], [CountryName]) VALUES (N'GB', N'United Kingdom')
INSERT [dbo].[MarketplaceCountryFullName_LU] ([CountryCode], [CountryName]) VALUES (N'IE', N'Ireland')
INSERT [dbo].[MarketplaceCountryFullName_LU] ([CountryCode], [CountryName]) VALUES (N'IT', N'Italy')
INSERT [dbo].[MarketplaceCountryFullName_LU] ([CountryCode], [CountryName]) VALUES (N'HU', N'Hungary')
SET IDENTITY_INSERT [dbo].[MarketplaceFtpType] ON 

INSERT [dbo].[MarketplaceFtpType] ([ID], [Type]) VALUES (1, N'Orders')
INSERT [dbo].[MarketplaceFtpType] ([ID], [Type]) VALUES (2, N'Inventory')
INSERT [dbo].[MarketplaceFtpType] ([ID], [Type]) VALUES (3, N'Tracking')
INSERT [dbo].[MarketplaceFtpType] ([ID], [Type]) VALUES (4, N'Acknowledgement')
INSERT [dbo].[MarketplaceFtpType] ([ID], [Type]) VALUES (5, N'All')
SET IDENTITY_INSERT [dbo].[MarketplaceFtpType] OFF
SET IDENTITY_INSERT [dbo].[MarketplaceSettings] ON 

INSERT [dbo].[MarketplaceSettings] ([ID], [MarketplaceTypeID], [SourceID], [Name]) VALUES (1, 0, 6, N'Balsam Hill UK')
INSERT [dbo].[MarketplaceSettings] ([ID], [MarketplaceTypeID], [SourceID], [Name]) VALUES (2, 0, 2, N'Balsam Hill FR')
INSERT [dbo].[MarketplaceSettings] ([ID], [MarketplaceTypeID], [SourceID], [Name]) VALUES (3, 0, 3, N'Balsam Hill DE')
SET IDENTITY_INSERT [dbo].[MarketplaceSettings] OFF
SET IDENTITY_INSERT [dbo].[Setting] ON 

INSERT [dbo].[Setting] ([SettingID], [Name], [Value]) VALUES (1, N'StoreCountryNoMatchingPostalExceptions', N'UnitedKingdom=Ireland')
INSERT [dbo].[Setting] ([SettingID], [Name], [Value]) VALUES (2, N'ItemAllocationReportWarehousesNotToUse', N'')
INSERT [dbo].[Setting] ([SettingID], [Name], [Value]) VALUES (3, N'SchedulerPaused', N'False')
INSERT [dbo].[Setting] ([SettingID], [Name], [Value]) VALUES (4, N'SekoUATUrl', N'https://hubuat1.supplystream.com/hub/api/')
INSERT [dbo].[Setting] ([SettingID], [Name], [Value]) VALUES (5, N'SekoLiveUrl', N'https://hubuat1.supplystream.com/hub/api/')
INSERT [dbo].[Setting] ([SettingID], [Name], [Value]) VALUES (6, N'SekoToken', N'kiprmh9u3pa119ztcyf1brqm20s5fu221w2h2t')
INSERT [dbo].[Setting] ([SettingID], [Name], [Value]) VALUES (7, N'ActiveFTPLowPort', N'6000')
INSERT [dbo].[Setting] ([SettingID], [Name], [Value]) VALUES (8, N'ActiveFTPHighPort', N'6001')
INSERT [dbo].[Setting] ([SettingID], [Name], [Value]) VALUES (9, N'FTPLogFilePath', N'C:\Temp\wm-edt-ftp-logs.txt')
INSERT [dbo].[Setting] ([SettingID], [Name], [Value]) VALUES (10, N'UseOrderCountQuery', N'True')
INSERT [dbo].[Setting] ([SettingID], [Name], [Value]) VALUES (11, N'DispatchFailedTrackingNumbersEmail', N'True')
INSERT [dbo].[Setting] ([SettingID], [Name], [Value]) VALUES (12, N'DispatchFailedTrackingNumbersEmailAddress', N'wm@elevenwinds.com')
INSERT [dbo].[Setting] ([SettingID], [Name], [Value]) VALUES (13, N'LocalTempPath', N'S:\WarehouseManager\Integration\International\Temp')
INSERT [dbo].[Setting] ([SettingID], [Name], [Value]) VALUES (17, N'UseWarehouseCutoffTimes', N'True')
INSERT [dbo].[Setting] ([SettingID], [Name], [Value]) VALUES (18, N'DispatchFailedToSendOrdersEmail', N'True')
INSERT [dbo].[Setting] ([SettingID], [Name], [Value]) VALUES (19, N'DispatchFailedToSendOrdersEmailAddress', N'wm@elevenwinds.com')
INSERT [dbo].[Setting] ([SettingID], [Name], [Value]) VALUES (20, N'DefaultPrice', N'10')
INSERT [dbo].[Setting] ([SettingID], [Name], [Value]) VALUES (21, N'SalesForceUsername', N'deolson@balsambrands.com.partial')
INSERT [dbo].[Setting] ([SettingID], [Name], [Value]) VALUES (22, N'SalesForcePassword', N'B@l$amic1!')
INSERT [dbo].[Setting] ([SettingID], [Name], [Value]) VALUES (23, N'SalesForceClientKey', N'3MVG9FS3IyroMOh6kcLgYOf5qUaBk5lpZ_vtcBmkbyjhSX7fl6B1jpcohVxIiWakefj.yUVxnZNdPm213JQwI')
INSERT [dbo].[Setting] ([SettingID], [Name], [Value]) VALUES (24, N'SalesForceClientSecret', N'7191713869938888677')
INSERT [dbo].[Setting] ([SettingID], [Name], [Value]) VALUES (25, N'SalesForceRequestEndpointURL', N'https://cs9.salesforce.com/services/oauth2/token')
INSERT [dbo].[Setting] ([SettingID], [Name], [Value]) VALUES (26, N'SalesForceEmailNotificationList', N'wm@elevenwinds.com')
INSERT [dbo].[Setting] ([SettingID], [Name], [Value]) VALUES (27, N'DispatchIRSummaryReportEmail', N'True')
INSERT [dbo].[Setting] ([SettingID], [Name], [Value]) VALUES (28, N'DispatchIRSummaryReportEmailAddress', N'wm@elevenwinds.com')
INSERT [dbo].[Setting] ([SettingID], [Name], [Value]) VALUES (29, N'DispatchIRDetailReportEmail', N'True')
INSERT [dbo].[Setting] ([SettingID], [Name], [Value]) VALUES (30, N'DispatchIRDetailReportEmailAddress', N'wm@elevenwinds.com')
INSERT [dbo].[Setting] ([SettingID], [Name], [Value]) VALUES (31, N'DispatchIRPostStoreUpdateReportEmail', N'True')
INSERT [dbo].[Setting] ([SettingID], [Name], [Value]) VALUES (32, N'DispatchIRPostStoreUpdateReportEmailAddress', N'wm@elevenwinds.com')
INSERT [dbo].[Setting] ([SettingID], [Name], [Value]) VALUES (33, N'TestSKUs', N'DEVzbb4924,ztestorder')
INSERT [dbo].[Setting] ([SettingID], [Name], [Value]) VALUES (34, N'IRReportPath', N'S:\WarehouseManager\Integration\IR_Reports')
INSERT [dbo].[Setting] ([SettingID], [Name], [Value]) VALUES (35, N'WarrantyTNReportRecipients', N'wm@elevenwinds.com')
INSERT [dbo].[Setting] ([SettingID], [Name], [Value]) VALUES (36, N'AutoUpgradeRateZoneForWarranty', N'3')
INSERT [dbo].[Setting] ([SettingID], [Name], [Value]) VALUES (37, N'UnprocessedOrderReportExcludedStatuses', N'Processing,See Order Notes,Cancelled,Warranty')
INSERT [dbo].[Setting] ([SettingID], [Name], [Value]) VALUES (38, N'FedexDeveloperKey', N'8bSzHHROIxT4dEcU')
INSERT [dbo].[Setting] ([SettingID], [Name], [Value]) VALUES (39, N'FedexPassword', N'knBUwALZoEs4Y1kGHpoYwDF4r')
INSERT [dbo].[Setting] ([SettingID], [Name], [Value]) VALUES (40, N'FedexAccountNumber', N'755744247')
INSERT [dbo].[Setting] ([SettingID], [Name], [Value]) VALUES (41, N'FedexMeterNumber', N'109321304')
INSERT [dbo].[Setting] ([SettingID], [Name], [Value]) VALUES (42, N'FedexCustomerTransactionId', N'ElevenWindsIntegration')
INSERT [dbo].[Setting] ([SettingID], [Name], [Value]) VALUES (43, N'FedExApiUrl', N'https://ws.fedex.com:443/web-services/addressvalidation')
INSERT [dbo].[Setting] ([SettingID], [Name], [Value]) VALUES (44, N'ValidateAddressesUsingFedExApi', N'false')
INSERT [dbo].[Setting] ([SettingID], [Name], [Value]) VALUES (45, N'SkipPaymentLogRetry', N'False')
INSERT [dbo].[Setting] ([SettingID], [Name], [Value]) VALUES (46, N'InventorySourcingPath', N'S:\WarehouseManager\Integration\International\InventoryInbounds\Sourcing')
INSERT [dbo].[Setting] ([SettingID], [Name], [Value]) VALUES (47, N'InventorySourcingFileEmail', N'internationaloperations@balsambrands.com, wmalerts@elevenwinds.com')
INSERT [dbo].[Setting] ([SettingID], [Name], [Value]) VALUES (48, N'InventorySourcingAllocationPath', N'S:\WarehouseManager\Integration\International\InventoryInbounds\Allocation')
INSERT [dbo].[Setting] ([SettingID], [Name], [Value]) VALUES (49, N'WarehousesExemptedFromLotCodeValidation', N'2')
INSERT [dbo].[Setting] ([SettingID], [Name], [Value]) VALUES (50, N'AllowTrackingNumberLineItemByPass', N'True')
INSERT [dbo].[Setting] ([SettingID], [Name], [Value]) VALUES (51, N'InventorySourcingPolygroupPath', N'S:\WarehouseManager\Integration\International\InventoryInbounds\Polygroup')
INSERT [dbo].[Setting] ([SettingID], [Name], [Value]) VALUES (52, N'InventorySourcingWarehouseReceiptsPath', N'S:\WarehouseManager\Integration\International\InventoryInbounds\WarehouseReceipts')
INSERT [dbo].[Setting] ([SettingID], [Name], [Value]) VALUES (53, N'UseUTF8Encoding', N'True')
INSERT [dbo].[Setting] ([SettingID], [Name], [Value]) VALUES (54, N'CHRExcludedDates', N'2016-07-04|2016-09-05|2016-11-24|2016-12-25|2017-01-01')
INSERT [dbo].[Setting] ([SettingID], [Name], [Value]) VALUES (55, N'CHRCustomerCodeBAL', N'C3159511')
INSERT [dbo].[Setting] ([SettingID], [Name], [Value]) VALUES (56, N'CHRCustomerCodeTC', N'C8001640')
INSERT [dbo].[Setting] ([SettingID], [Name], [Value]) VALUES (57, N'CHRCustomerCodeCTM', N'C8001641')
INSERT [dbo].[Setting] ([SettingID], [Name], [Value]) VALUES (58, N'CHRCustomerCodeTREE', N'C8001642')
INSERT [dbo].[Setting] ([SettingID], [Name], [Value]) VALUES (59, N'CHROrderEmailAddress', N'wm@elevenwinds.com')
INSERT [dbo].[Setting] ([SettingID], [Name], [Value]) VALUES (60, N'CHRSendOrderScheduledRunTimes', N'07:00|12:00')
INSERT [dbo].[Setting] ([SettingID], [Name], [Value]) VALUES (61, N'CHRLTLFilePath', N'S:\WarehouseManager\Integration\International\LTL Files')
INSERT [dbo].[Setting] ([SettingID], [Name], [Value]) VALUES (62, N'LTLShipMethod', N'ION.CHR.LTL')
INSERT [dbo].[Setting] ([SettingID], [Name], [Value]) VALUES (63, N'LTLShipWeight', N'151')
INSERT [dbo].[Setting] ([SettingID], [Name], [Value]) VALUES (64, N'LTLShippingEnabled', N'False')
INSERT [dbo].[Setting] ([SettingID], [Name], [Value]) VALUES (65, N'GeneralEmailRecipients', N'wm@elevenwinds.com')
INSERT [dbo].[Setting] ([SettingID], [Name], [Value]) VALUES (66, N'FedexTimeoutSleepAmount', N'60')
INSERT [dbo].[Setting] ([SettingID], [Name], [Value]) VALUES (67, N'UpcsNotInWHMReportEmailAddress', N'wm@elevenwinds.com')
INSERT [dbo].[Setting] ([SettingID], [Name], [Value]) VALUES (68, N'RemorsePeriod', N'1')
INSERT [dbo].[Setting] ([SettingID], [Name], [Value]) VALUES (69, N'WarrantyKillMode', N'False')
INSERT [dbo].[Setting] ([SettingID], [Name], [Value]) VALUES (70, N'ForceWarrantyOrdersToError', N'False')
INSERT [dbo].[Setting] ([SettingID], [Name], [Value]) VALUES (71, N'IRMajorDiscrepancyBaseOrderDrop', N'10')
INSERT [dbo].[Setting] ([SettingID], [Name], [Value]) VALUES (72, N'IRMajorDiscrepancyPercentageOrderDrop', N'15')
INSERT [dbo].[Setting] ([SettingID], [Name], [Value]) VALUES (73, N'WarrantyOrderDateIsUTC', N'False')
INSERT [dbo].[Setting] ([SettingID], [Name], [Value]) VALUES (74, N'SalesForceJobUrl', N'https://cs9-api.salesforce.com/services/async/36.0/job')
INSERT [dbo].[Setting] ([SettingID], [Name], [Value]) VALUES (75, N'OmitSalesForceWarrantyInventoryProperty', N'True')
INSERT [dbo].[Setting] ([SettingID], [Name], [Value]) VALUES (76, N'SalesForce_TotalOrder_Threshold', N'1')
INSERT [dbo].[Setting] ([SettingID], [Name], [Value]) VALUES (77, N'HybrisThrowExceptionIfOutsideOfRemorsePeriod', N'False')
INSERT [dbo].[Setting] ([SettingID], [Name], [Value]) VALUES (78, N'InventoryUpdateThreshold', N'10')
INSERT [dbo].[Setting] ([SettingID], [Name], [Value]) VALUES (79, N'OrderCleanUpCutOffTime', N'2000')
INSERT [dbo].[Setting] ([SettingID], [Name], [Value]) VALUES (80, N'ByPassCheckForTestOrder', N'True')
INSERT [dbo].[Setting] ([SettingID], [Name], [Value]) VALUES (81, N'AmazonFeedValve', N'False')
INSERT [dbo].[Setting] ([SettingID], [Name], [Value]) VALUES (82, N'AmazonTrackingNumberValve', N'False')
INSERT [dbo].[Setting] ([SettingID], [Name], [Value]) VALUES (83, N'AmazonInventoryValve', N'False')
INSERT [dbo].[Setting] ([SettingID], [Name], [Value]) VALUES (84, N'AmazonOrderLoadingValve', N'False')
INSERT [dbo].[Setting] ([SettingID], [Name], [Value]) VALUES (85, N'ScheduledTimesForInventorySnapshot', N'00:00|12:00|16:00')
INSERT [dbo].[Setting] ([SettingID], [Name], [Value]) VALUES (86, N'InternationalCountriesRequireCommercialInvoice', N'norway|switzerland|suisse|schweiz')
INSERT [dbo].[Setting] ([SettingID], [Name], [Value]) VALUES (87, N'InternationalPostalCodesRequireCommercialInvoice', N'je|gy')
INSERT [dbo].[Setting] ([SettingID], [Name], [Value]) VALUES (88, N'FedExFreightEnabled', N'False')
INSERT [dbo].[Setting] ([SettingID], [Name], [Value]) VALUES (89, N'FedExFreightShipMethod', N'ION.FDEG.FEDEXFREIGHT')
INSERT [dbo].[Setting] ([SettingID], [Name], [Value]) VALUES (90, N'AutomatedTNPullingIntervalInMinutes', N'60')
INSERT [dbo].[Setting] ([SettingID], [Name], [Value]) VALUES (91, N'NotifyMeInventoryUpdateThreshold', N'10')
INSERT [dbo].[Setting] ([SettingID], [Name], [Value]) VALUES (92, N'FedExHomeShipMethodID', N'-1')
INSERT [dbo].[Setting] ([SettingID], [Name], [Value]) VALUES (93, N'FedExGroundShipMethodID', N'-1')
INSERT [dbo].[Setting] ([SettingID], [Name], [Value]) VALUES (94, N'UpcsWithoutSkusReportRecipients', N'wm@elevenwinds.com')
INSERT [dbo].[Setting] ([SettingID], [Name], [Value]) VALUES (95, N'SkuUpcRollupReportRecipients', N'wm@elevenwinds.com')
INSERT [dbo].[Setting] ([SettingID], [Name], [Value]) VALUES (96, N'SalesforceAmendmentThresholdCutOff', N'2018-06-11')
INSERT [dbo].[Setting] ([SettingID], [Name], [Value]) VALUES (97, N'SendInventoryExpectedReceiptPriorToWeeks', N'3')
INSERT [dbo].[Setting] ([SettingID], [Name], [Value]) VALUES (98, N'ProshipRateRequestEnabled', N'True')
INSERT [dbo].[Setting] ([SettingID], [Name], [Value]) VALUES (99, N'ExcludedWarehousesFromTNValidation', N'2')
INSERT [dbo].[Setting] ([SettingID], [Name], [Value]) VALUES (100, N'CarrierBiasingEnabled', N'True')
INSERT [dbo].[Setting] ([SettingID], [Name], [Value]) VALUES (101, N'WarehousePriorityOverride', N'')
SET IDENTITY_INSERT [dbo].[Setting] OFF
GO
SET IDENTITY_INSERT [dbo].[VolusionSetting] ON 

INSERT [dbo].[VolusionSetting] ([ID], [Name], [Code], [FullName], [EIN], [URL], [UserID], [PlainTextPassword], [EncryptedPassword], [DiscountPercentage], [LocalDirectoryOrders], [LocalDirectoryTracking], [LocalDirectoryCommercialInvoices], [OrderStatus], [LastOrderFileCount], [LastOrderFileName], [LastOrderFileLoaded], [LastProcessingDate], [LastProcessingCount], [LastGenerateDate], [LastGenerateCount], [LastTrackingFileCount], [LastTrackingFileName], [LastTrackingFileLoaded], [Active], [UseWarehousePriorityOverride], [ReallocationLevelThreshold], [PseudoStore], [TimeZoneOffset], [PlatformID], [CanSendConfirmationEmails], [CanSendTrackingNumberEmails], [StoreDomain], [IsActiveInOrderLoader], [RegionID], [HasCatalog], [NarvarCode], [BrontoName], [TaxPercentage], [BrandID], [SourceID]) VALUES (1, N'Balsam Hill UK', N'BH-UK', N'Balsam Hill Tree Company United Kingdom', N'1', N'http://www.hamcoupons.info', N'warehousemgr@balsamhill.com', N'Orders123', N'D3315BAC785146E95D95867EE303F407622F5AA133A9F13D4A2CF626492BA662', CAST(75.00 AS Decimal(18, 2)), N'S:\WarehouseManager\Balsam_Files2\International\Stores\BH-UK', N'S:\WarehouseManager\Balsam_Files2\International\Stores\BH-UK', N'S:\WarehouseManager\Balsam_Files2\International\Stores\BH-UK', NULL, 2, N'BHUK_VOrders_08282015_0700.csv', NULL, NULL, 2, NULL, 2, 0, N'BHUK09.11.2014.csv', NULL, 1, 0, NULL, 0, -8, 1, 0, 1, NULL, 0, 2, 0, N'BalsamHillUK', N'Balsam Hill UK', 20, 6, 6)
INSERT [dbo].[VolusionSetting] ([ID], [Name], [Code], [FullName], [EIN], [URL], [UserID], [PlainTextPassword], [EncryptedPassword], [DiscountPercentage], [LocalDirectoryOrders], [LocalDirectoryTracking], [LocalDirectoryCommercialInvoices], [OrderStatus], [LastOrderFileCount], [LastOrderFileName], [LastOrderFileLoaded], [LastProcessingDate], [LastProcessingCount], [LastGenerateDate], [LastGenerateCount], [LastTrackingFileCount], [LastTrackingFileName], [LastTrackingFileLoaded], [Active], [UseWarehousePriorityOverride], [ReallocationLevelThreshold], [PseudoStore], [TimeZoneOffset], [PlatformID], [CanSendConfirmationEmails], [CanSendTrackingNumberEmails], [StoreDomain], [IsActiveInOrderLoader], [RegionID], [HasCatalog], [NarvarCode], [BrontoName], [TaxPercentage], [BrandID], [SourceID]) VALUES (2, N'Balsam Hill FR', N'BHFR', N'Balsam Hill Tree Company France', N'2', N'http://www.hamcoupons.info', N'warehousemgr@balsamhill.com', N'Orders123', N'D3315BAC785146E95D95867EE303F407622F5AA133A9F13D4A2CF626492BA662', CAST(75.00 AS Decimal(18, 2)), N'S:\WarehouseManager\Balsam_Files2\International\Stores\BHFR', N'S:\WarehouseManager\Balsam_Files2\International\Stores\BHFR', N'S:\WarehouseManager\Balsam_Files2\International\Stores\BHFR', NULL, 1, N'BHFR_VOrders_08282015_0700.csv', NULL, NULL, 1, NULL, 1, 0, N'BHFR09.10.2014.csv', NULL, 1, 0, NULL, 0, -9, 1, 0, 0, NULL, 0, 2, 0, N'BalsamHillFR', N'Balsam Hill FR', 19, 7, 7)
INSERT [dbo].[VolusionSetting] ([ID], [Name], [Code], [FullName], [EIN], [URL], [UserID], [PlainTextPassword], [EncryptedPassword], [DiscountPercentage], [LocalDirectoryOrders], [LocalDirectoryTracking], [LocalDirectoryCommercialInvoices], [OrderStatus], [LastOrderFileCount], [LastOrderFileName], [LastOrderFileLoaded], [LastProcessingDate], [LastProcessingCount], [LastGenerateDate], [LastGenerateCount], [LastTrackingFileCount], [LastTrackingFileName], [LastTrackingFileLoaded], [Active], [UseWarehousePriorityOverride], [ReallocationLevelThreshold], [PseudoStore], [TimeZoneOffset], [PlatformID], [CanSendConfirmationEmails], [CanSendTrackingNumberEmails], [StoreDomain], [IsActiveInOrderLoader], [RegionID], [HasCatalog], [NarvarCode], [BrontoName], [TaxPercentage], [BrandID], [SourceID]) VALUES (3, N'Balsam Hill DE', N'BHDE', N'Balsam Hill Tree Company Germany', N'3', N'http://www.hamcoupons.info', N'warehousemgr@balsamhill.com', N'Orders123', N'D3315BAC785146E95D95867EE303F407622F5AA133A9F13D4A2CF626492BA662', CAST(75.00 AS Decimal(18, 2)), N'S:\WarehouseManager\Balsam_Files2\International\Stores\BHDE', N'S:\WarehouseManager\Balsam_Files2\International\Stores\BHDE', N'S:\WarehouseManager\Balsam_Files2\International\Stores\BHDE', NULL, 1, N'BHDE_VOrders_08282015_0700.csv', NULL, NULL, 1, NULL, 1, 0, N'BHDE2.09.09.2014.csv', NULL, 1, 0, NULL, 0, -9, 1, 0, 0, NULL, 0, 2, 0, N'BalsamHillDE', N'Balsam Hill DE', 20, 8, 8)
INSERT [dbo].[VolusionSetting] ([ID], [Name], [Code], [FullName], [EIN], [URL], [UserID], [PlainTextPassword], [EncryptedPassword], [DiscountPercentage], [LocalDirectoryOrders], [LocalDirectoryTracking], [LocalDirectoryCommercialInvoices], [OrderStatus], [LastOrderFileCount], [LastOrderFileName], [LastOrderFileLoaded], [LastProcessingDate], [LastProcessingCount], [LastGenerateDate], [LastGenerateCount], [LastTrackingFileCount], [LastTrackingFileName], [LastTrackingFileLoaded], [Active], [UseWarehousePriorityOverride], [ReallocationLevelThreshold], [PseudoStore], [TimeZoneOffset], [PlatformID], [CanSendConfirmationEmails], [CanSendTrackingNumberEmails], [StoreDomain], [IsActiveInOrderLoader], [RegionID], [HasCatalog], [NarvarCode], [BrontoName], [TaxPercentage], [BrandID], [SourceID]) VALUES (4, N'Balsam Hill AU', N'BH-AU', N'Balsam Hill  Tree Company Australia', N'4', N'http://www.hamcoupons.info', N'warehousemgr@balsamhill.com', N'Orders123', N'D3315BAC785146E95D95867EE303F407622F5AA133A9F13D4A2CF626492BA662', CAST(75.00 AS Decimal(18, 2)), N'S:\WarehouseManager\Balsam_Files2\International\Stores\BH-AU', N'S:\WarehouseManager\Balsam_Files2\International\Stores\BH-AU', N'S:\WarehouseManager\Balsam_Files2\International\Stores\BH-AU', NULL, 0, N'BHAU_VOrders_08282015_0700.csv', NULL, NULL, 5, NULL, 5, 0, N'BHAU09.30.2014.csv', NULL, 1, 0, NULL, 0, -19, 1, 0, 1, NULL, 0, 3, 0, N'BalsamHillAU', N'Balsam Hill AU', NULL, 10, 9)
INSERT [dbo].[VolusionSetting] ([ID], [Name], [Code], [FullName], [EIN], [URL], [UserID], [PlainTextPassword], [EncryptedPassword], [DiscountPercentage], [LocalDirectoryOrders], [LocalDirectoryTracking], [LocalDirectoryCommercialInvoices], [OrderStatus], [LastOrderFileCount], [LastOrderFileName], [LastOrderFileLoaded], [LastProcessingDate], [LastProcessingCount], [LastGenerateDate], [LastGenerateCount], [LastTrackingFileCount], [LastTrackingFileName], [LastTrackingFileLoaded], [Active], [UseWarehousePriorityOverride], [ReallocationLevelThreshold], [PseudoStore], [TimeZoneOffset], [PlatformID], [CanSendConfirmationEmails], [CanSendTrackingNumberEmails], [StoreDomain], [IsActiveInOrderLoader], [RegionID], [HasCatalog], [NarvarCode], [BrontoName], [TaxPercentage], [BrandID], [SourceID]) VALUES (5, N'Treetopia UK', N'TTUK', N'Treetopia UK', N'5', N'http://www.hamcoupons.info', N'warehousemgr@balsamhill.com', N'Orders123', N'D3315BAC785146E95D95867EE303F407622F5AA133A9F13D4A2CF626492BA662', CAST(75.00 AS Decimal(18, 2)), N'S:\WarehouseManager\Balsam_Files2\International\Stores\TTUK', N'S:\WarehouseManager\Balsam_Files2\International\Stores\TTUK', N'S:\WarehouseManager\Balsam_Files2\International\Stores\TTUK', NULL, 1, N'TTUK_VOrders_08282015_0700.csv', NULL, NULL, 1, NULL, 1, NULL, NULL, NULL, 1, 0, NULL, 0, -8, 1, 0, 0, NULL, 0, 2, 0, N'TreetopiaUK', N'Treetopia UK', 20, 9, 10)
INSERT [dbo].[VolusionSetting] ([ID], [Name], [Code], [FullName], [EIN], [URL], [UserID], [PlainTextPassword], [EncryptedPassword], [DiscountPercentage], [LocalDirectoryOrders], [LocalDirectoryTracking], [LocalDirectoryCommercialInvoices], [OrderStatus], [LastOrderFileCount], [LastOrderFileName], [LastOrderFileLoaded], [LastProcessingDate], [LastProcessingCount], [LastGenerateDate], [LastGenerateCount], [LastTrackingFileCount], [LastTrackingFileName], [LastTrackingFileLoaded], [Active], [UseWarehousePriorityOverride], [ReallocationLevelThreshold], [PseudoStore], [TimeZoneOffset], [PlatformID], [CanSendConfirmationEmails], [CanSendTrackingNumberEmails], [StoreDomain], [IsActiveInOrderLoader], [RegionID], [HasCatalog], [NarvarCode], [BrontoName], [TaxPercentage], [BrandID], [SourceID]) VALUES (6, N'Balsam Hill UK - Hybris', N'BH-UK', N'Balsam Hill Tree Company United Kingdom', N'1', N'http://www.hamcoupons.info', N'warehousemgr@balsamhill.com', N'Orders123', N'D3315BAC785146E95D95867EE303F407622F5AA133A9F13D4A2CF626492BA662', CAST(75.00 AS Decimal(18, 2)), N'S:\WarehouseManager\Balsam_Files2\International\Stores\BH-UK', N'S:\WarehouseManager\Balsam_Files2\International\Stores\BH-UK', N'S:\WarehouseManager\Balsam_Files2\International\Stores\BH-UK', NULL, 2, N'BHUK_VOrders_08282015_0700.csv', NULL, NULL, 2, NULL, 2, 0, N'BHUK09.11.2014.csv', NULL, 1, 0, NULL, 0, -8, 3, 0, 1, NULL, 0, 2, 0, N'BalsamHillUk', N'Balsam Hill UK', 20, 6, 26)
INSERT [dbo].[VolusionSetting] ([ID], [Name], [Code], [FullName], [EIN], [URL], [UserID], [PlainTextPassword], [EncryptedPassword], [DiscountPercentage], [LocalDirectoryOrders], [LocalDirectoryTracking], [LocalDirectoryCommercialInvoices], [OrderStatus], [LastOrderFileCount], [LastOrderFileName], [LastOrderFileLoaded], [LastProcessingDate], [LastProcessingCount], [LastGenerateDate], [LastGenerateCount], [LastTrackingFileCount], [LastTrackingFileName], [LastTrackingFileLoaded], [Active], [UseWarehousePriorityOverride], [ReallocationLevelThreshold], [PseudoStore], [TimeZoneOffset], [PlatformID], [CanSendConfirmationEmails], [CanSendTrackingNumberEmails], [StoreDomain], [IsActiveInOrderLoader], [RegionID], [HasCatalog], [NarvarCode], [BrontoName], [TaxPercentage], [BrandID], [SourceID]) VALUES (9, N'Balsam Hill AU Hybris', N'BH-AU', N'Balsam Hill  Tree Company Australia', N'4', N'http://www.hamcoupons.info', N'warehousemgr@balsamhill.com', N'Orders123', N'D3315BAC785146E95D95867EE303F407622F5AA133A9F13D4A2CF626492BA662', CAST(75.00 AS Decimal(18, 2)), N'S:\WarehouseManager\Balsam_Files2\International\Stores\BH-AU', N'S:\WarehouseManager\Balsam_Files2\International\Stores\BH-AU', N'S:\WarehouseManager\Balsam_Files2\International\Stores\BH-AU', NULL, 0, N'BHAU_VOrders_08282015_0700.csv', NULL, NULL, 5, NULL, 5, 0, N'BHAU09.30.2014.csv', NULL, 1, 0, NULL, 0, -19, 3, 0, 1, NULL, 0, 3, 0, N'BalsamHillAU', N'Balsam Hill AU', NULL, 10, 29)
INSERT [dbo].[VolusionSetting] ([ID], [Name], [Code], [FullName], [EIN], [URL], [UserID], [PlainTextPassword], [EncryptedPassword], [DiscountPercentage], [LocalDirectoryOrders], [LocalDirectoryTracking], [LocalDirectoryCommercialInvoices], [OrderStatus], [LastOrderFileCount], [LastOrderFileName], [LastOrderFileLoaded], [LastProcessingDate], [LastProcessingCount], [LastGenerateDate], [LastGenerateCount], [LastTrackingFileCount], [LastTrackingFileName], [LastTrackingFileLoaded], [Active], [UseWarehousePriorityOverride], [ReallocationLevelThreshold], [PseudoStore], [TimeZoneOffset], [PlatformID], [CanSendConfirmationEmails], [CanSendTrackingNumberEmails], [StoreDomain], [IsActiveInOrderLoader], [RegionID], [HasCatalog], [NarvarCode], [BrontoName], [TaxPercentage], [BrandID], [SourceID]) VALUES (11, N'Balsam Hill FR Hybris', N'BHFR', N'Balsam Hill Tree Company France', N'2', N'http://www.hamcoupons.info', N'warehousemgr@balsamhill.com', N'Orders123', N'D3315BAC785146E95D95867EE303F407622F5AA133A9F13D4A2CF626492BA662', CAST(75.00 AS Decimal(18, 2)), N'S:\WarehouseManager\Balsam_Files2\International\Stores\BHFR', N'S:\WarehouseManager\Balsam_Files2\International\Stores\BHFR', N'S:\WarehouseManager\Balsam_Files2\International\Stores\BHFR', NULL, 1, N'BHFR_VOrders_08282015_0700.csv', NULL, NULL, 1, NULL, 1, 0, N'BHFR09.10.2014.csv', NULL, 1, 0, NULL, 0, -9, 3, 0, 1, NULL, 0, 2, 0, N'BalsamHillFR', N'Balsam Hill FR', 19, 7, 32)
INSERT [dbo].[VolusionSetting] ([ID], [Name], [Code], [FullName], [EIN], [URL], [UserID], [PlainTextPassword], [EncryptedPassword], [DiscountPercentage], [LocalDirectoryOrders], [LocalDirectoryTracking], [LocalDirectoryCommercialInvoices], [OrderStatus], [LastOrderFileCount], [LastOrderFileName], [LastOrderFileLoaded], [LastProcessingDate], [LastProcessingCount], [LastGenerateDate], [LastGenerateCount], [LastTrackingFileCount], [LastTrackingFileName], [LastTrackingFileLoaded], [Active], [UseWarehousePriorityOverride], [ReallocationLevelThreshold], [PseudoStore], [TimeZoneOffset], [PlatformID], [CanSendConfirmationEmails], [CanSendTrackingNumberEmails], [StoreDomain], [IsActiveInOrderLoader], [RegionID], [HasCatalog], [NarvarCode], [BrontoName], [TaxPercentage], [BrandID], [SourceID]) VALUES (12, N'Balsam Hill DE Hybris', N'BHDE', N'Balsam Hill Tree Company Germany', N'3', N'http://www.hamcoupons.info', N'warehousemgr@balsamhill.com', N'Orders123', N'D3315BAC785146E95D95867EE303F407622F5AA133A9F13D4A2CF626492BA662', CAST(75.00 AS Decimal(18, 2)), N'S:\WarehouseManager\Balsam_Files2\International\Stores\BHDE', N'S:\WarehouseManager\Balsam_Files2\International\Stores\BHDE', N'S:\WarehouseManager\Balsam_Files2\International\Stores\BHDE', NULL, 1, N'BHDE_VOrders_08282015_0700.csv', NULL, NULL, 1, NULL, 1, 0, N'BHDE2.09.09.2014.csv', NULL, 1, 0, NULL, 0, -9, 3, 0, 1, NULL, 0, 2, 0, N'BalsamHillDE', N'Balsam Hill DE', 20, 8, 33)
SET IDENTITY_INSERT [dbo].[VolusionSetting] OFF

SET IDENTITY_INSERT [dbo].[Warehouse] ON 
INSERT [dbo].[Warehouse] ([WarehouseID], [Name], [FullName], [Address1], [Address2], [City], [State], [Zip], [Phone], [Priority], [Email], [WarehouseTrackingNumberDirectory], [InventoryLastLoaded], [InventoryLastLoadedFile], [InventoryLoadCount], [InventoryLoadStatus], [InventoryLoadMapping], [ReconciledDate], [FedexFile], [FedexFileLoaded], [FedexFileEffectiveDate], [FedexFileOriginRange], [Active], [GenerateOrderFileCSV], [GenerateOrderFileXML], [SendViaFTP], [SendViaEMAIL], [WarehousePrefix], [WarehouseOrdersDirectory], [WarehouseInventoryDirectory], [SendViaWebService], [CheckFTPForFile], [CutOffTime], [SendCommercialInvoicesViaFTP], [SendCommercialInvoicesViaEmail], [FileIteration], [GenerateWarrantyOrderFileCSV], [GenerateWarrantyOrderFileXML], [SendNoOrdersNotificationEmail], [HandlesTrackingNumbers], [IsWarranty], [DoNotResetFileIteration], [HandlesPersonalization], [UsesUniqueOrderID], [AutomatedTNPulling], [FedExFreightEnabled], [WarehouseAllocationToggle], [GenerateOrderFileExcel], [LocalDirectoryCommercialInvoices], [PersonalizationExclusive], [TermsOfSale], [PersonalizationPriority]) VALUES (4, N'TestWarehouse', N'Warehouse For Testing', N'651 Stratford Dr.', NULL, N'Meridian', N'IDAHO', N'4642', NULL, NULL, N'qa@elevenwinds.com', N'\tmp', NULL, NULL, NULL, NULL, NULL, NULL, NULL, NULL, NULL, NULL, 1, 1, 0, 1, 0, N'TEST', N'\tmp', N'\tmp', 0, 0, '11am', 1, 0, 0, 0, 0, 0, 1, 0, 0, 0, 0, 0, 1, 0, 0, N'Z:\Files\Trees\CommercialInvoices', 0, N'DDP', NULL)
SET IDENTITY_INSERT [dbo].[Warehouse] OFF

INSERT [dbo].[SourceWarehouse] ([SourceID], [WarehouseID], [OrderFileGenerated], [Active], [Priority]) VALUES (1, 4, NULL, 1, NULL)
INSERT [dbo].[SourceWarehouse] ([SourceID], [WarehouseID], [OrderFileGenerated], [Active], [Priority]) VALUES (11, 4, NULL, 1, NULL)
INSERT [dbo].[SourceWarehouse] ([SourceID], [WarehouseID], [OrderFileGenerated], [Active], [Priority]) VALUES (15, 4, NULL, 1, NULL)
INSERT [dbo].[SourceWarehouse] ([SourceID], [WarehouseID], [OrderFileGenerated], [Active], [Priority]) VALUES (25, 4, NULL, 1, NULL)

INSERT [dbo].[WarehouseMappings] ([WarehouseID], [MappingID], [Active], [IsCustom]) VALUES (4, 1, 1, 0)
INSERT [dbo].[WarehouseMappings] ([WarehouseID], [MappingID], [Active], [IsCustom]) VALUES (4, 2, 1, 0)
INSERT [dbo].[WarehouseMappings] ([WarehouseID], [MappingID], [Active], [IsCustom]) VALUES (4, 3, 1, 0)

INSERT [dbo].[WarehouseFTPSite] ([WarehouseID], [FtpSiteCode], [FtpSite], [FtpUserID], [FtpPassword], [FtpRemoteGetDirectory], [FtpRemotePutDirectory], [Inventory], [TrackingNumbers], [Orders], [Port], [Secure], [IsConnectionModeActive], [WarrantyOrders]) VALUES (4, N'ftp1', N'ftp.elevenwinds.com', N'warehousemgr', N'warehousemgr', N'', N'', 1, 0, 1, NULL, 0, 0, NULL)