USE [${Environment}WarehouseManager]
GO
SET IDENTITY_INSERT [dbo].[Brand] ON 

INSERT [dbo].[Brand] ([ID], [Code], [Context], [BrandCodeForWHM], [Name], [EIN], [CommercialInvoiceDirectory], [SalesforceAccountID], [Country], [BrontoName], [NarvarURL]) VALUES (1, N'BAL', N'Trees', N'BAL', N'Balsam Hill', N'2005415488', N'Z:\Files\Trees\Commercial Invoices', N'001F0000019PN3Q', N'United States', N'Balsam Hill', N'https://balsamhill.narvar.com/balsamhill/tracking/{shipMethodShortName}?tracking_numbers={trackingNumber}{zipInfo}')
INSERT [dbo].[Brand] ([ID], [Code], [Context], [BrandCodeForWHM], [Name], [EIN], [CommercialInvoiceDirectory], [SalesforceAccountID], [Country], [BrontoName], [NarvarURL]) VALUES (2, N'TREE', N'Trees', N'TREE', N'Treetopia', N'200709564', N'Z:\Files\Trees\Commercial Invoices', N'001F0000019PN4n', N'United States', N'Treetopia', N'https://treetopia.narvar.com/treetopia/tracking/{shipMethodShortName}?tracking_numbers={trackingNumber}&amp;service={shipMethodID}{zipInfo}')
INSERT [dbo].[Brand] ([ID], [Code], [Context], [BrandCodeForWHM], [Name], [EIN], [CommercialInvoiceDirectory], [SalesforceAccountID], [Country], [BrontoName], [NarvarURL]) VALUES (3, N'CTM', N'Trees', N'CTM', N'Christmas Tree Market', N'200709564', N'Z:\Files\Trees\Commercial Invoices', N'001F0000019PN5b', N'United States', N'Christmas Tree Market', N'https://christmastreemarket.narvar.com/christmastreemarket/tracking/{shipMethodShortName}?tracking_numbers={trackingNumber}&amp;service={shipMethodID}{zipInfo}')
INSERT [dbo].[Brand] ([ID], [Code], [Context], [BrandCodeForWHM], [Name], [EIN], [CommercialInvoiceDirectory], [SalesforceAccountID], [Country], [BrontoName], [NarvarURL]) VALUES (4, N'TC', N'Trees', N'TC', N'Tree Classics', N'275008733', N'Z:\Files\Trees\Commercial Invoices', N'001F0000019PN4E', N'United States', N'Tree Classics', N'https://treeclassics.narvar.com/treeclassics/tracking/{shipMethodShortName}?tracking_numbers={trackingNumber}&amp;service={shipMethodID}{zipInfo}')
INSERT [dbo].[Brand] ([ID], [Code], [Context], [BrandCodeForWHM], [Name], [EIN], [CommercialInvoiceDirectory], [SalesforceAccountID], [Country], [BrontoName], [NarvarURL]) VALUES (5, N'GVCT', N'Trees', N'GVCT', N'Green Valley Christmas Trees', NULL, N'Z:\Files\Trees\Commercial Invoices', N'001F0000019PN7X', N'United States', N'Green Valley Christmas Trees', N'https://greenvalleychristmastrees.narvar.com/greenvalleychristmastrees/tracking/{shipMethodShortName}?tracking_numbers={trackingNumber}&amp;service={shipMethodID}{zipInfo}')
INSERT [dbo].[Brand] ([ID], [Code], [Context], [BrandCodeForWHM], [Name], [EIN], [CommercialInvoiceDirectory], [SalesforceAccountID], [Country], [BrontoName], [NarvarURL]) VALUES (6, N'BHUK', N'International', N'BHUK', N'Balsam Hill UK', N'1', N'Z:\Files\Trees\BH International\BH UK\BH UK Orders', N'001F0000019PN8a', N'United Kingdom', N'Balsam Hill UK', N'https://balsamhilluk.narvar.com/balsamhilluk/tracking/{shipMethodShortName}?tracking_numbers={trackingNumber}&amp;service={shipMethodID}')
INSERT [dbo].[Brand] ([ID], [Code], [Context], [BrandCodeForWHM], [Name], [EIN], [CommercialInvoiceDirectory], [SalesforceAccountID], [Country], [BrontoName], [NarvarURL]) VALUES (7, N'BHFR', N'International', N'BHFR', N'Balsam Hill FR', N'2', N'Z:\Files\Trees\BH International\BH FR\BH FR Orders', N'001F0000019PN9O', N'France', N'Balsam Hill FR', N'https://balsamhilluk.narvar.com/balsamhilluk/tracking/{shipMethodShortName}?tracking_numbers={trackingNumber}&amp;service={shipMethodID}&locale=fr_FR')
INSERT [dbo].[Brand] ([ID], [Code], [Context], [BrandCodeForWHM], [Name], [EIN], [CommercialInvoiceDirectory], [SalesforceAccountID], [Country], [BrontoName], [NarvarURL]) VALUES (8, N'BHDE', N'International', N'BHDE', N'Balsam Hill DE', N'3', N'Z:\Files\Trees\BH International\BH DE\BH DE Orders', N'001F0000019PNA2', N'Germany', N'Balsam Hill DE', N'https://balsamhilluk.narvar.com/balsamhilluk/tracking/{shipMethodShortName}?tracking_numbers={trackingNumber}&amp;service={shipMethodID}&locale=de_DE')
INSERT [dbo].[Brand] ([ID], [Code], [Context], [BrandCodeForWHM], [Name], [EIN], [CommercialInvoiceDirectory], [SalesforceAccountID], [Country], [BrontoName], [NarvarURL]) VALUES (9, N'TTUK', N'International', N'TTUK', N'Treetopia UK', N'5', N'Z:\Files\Trees\BH International\TT UK\TT UK Orders', N'001F000001AHX52', N'United Kingdom', N'Treetopia UK', N'https://treetopiauk.narvar.com/treetopiauk/tracking/{shipMethodShortName}?tracking_numbers={trackingNumber}&amp;service={shipMethodID}')
INSERT [dbo].[Brand] ([ID], [Code], [Context], [BrandCodeForWHM], [Name], [EIN], [CommercialInvoiceDirectory], [SalesforceAccountID], [Country], [BrontoName], [NarvarURL]) VALUES (10, N'BHAU', N'International', N'BHAU', N'Balsam Hill AU', N'4', N'Z:\Files\Trees\BH International\BH AU\BH AU Orders', N'001F0000019PNBF', N'Australia', N'Balsam Hill AU', N'https://narvar.com/tracking/balsamhillau/{shipMethodShortName}?tracking_numbers={trackingNumber}&locale=en_AU')
INSERT [dbo].[Brand] ([ID], [Code], [Context], [BrandCodeForWHM], [Name], [EIN], [CommercialInvoiceDirectory], [SalesforceAccountID], [Country], [BrontoName], [NarvarURL]) VALUES (11, N'BP', N'Trees', N'BP', N'Balsam Provisions', N'2005415488', N'Z:\Files\Trees\Commercial Invoices', N'001F0000019PN3Q', N'United States', N'Balsam Hill', N'https://balsamhill.narvar.com/balsamhill/tracking/{shipMethodShortName}?tracking_numbers={trackingNumber}&amp;service={shipMethodID}{zipInfo}')
SET IDENTITY_INSERT [dbo].[Brand] OFF
SET IDENTITY_INSERT [dbo].[Platform] ON 

INSERT [dbo].[Platform] ([ID], [Name], [LoadInventoryFromPlatform], [LoadOrdersFromPlatform], [LoadCustomersFromPlatform]) VALUES (1, N'Volusion', 1, 1, 1)
INSERT [dbo].[Platform] ([ID], [Name], [LoadInventoryFromPlatform], [LoadOrdersFromPlatform], [LoadCustomersFromPlatform]) VALUES (2, N'Pseudo', 0, 0, 0)
INSERT [dbo].[Platform] ([ID], [Name], [LoadInventoryFromPlatform], [LoadOrdersFromPlatform], [LoadCustomersFromPlatform]) VALUES (3, N'Hybris', 1, 0, 0)
INSERT [dbo].[Platform] ([ID], [Name], [LoadInventoryFromPlatform], [LoadOrdersFromPlatform], [LoadCustomersFromPlatform]) VALUES (5, N'SalesForce', 0, 0, 0)
INSERT [dbo].[Platform] ([ID], [Name], [LoadInventoryFromPlatform], [LoadOrdersFromPlatform], [LoadCustomersFromPlatform]) VALUES (6, N'Amazon', 0, 0, 0)
INSERT [dbo].[Platform] ([ID], [Name], [LoadInventoryFromPlatform], [LoadOrdersFromPlatform], [LoadCustomersFromPlatform]) VALUES (9, N'Wayfair', 0, 0, 0)
INSERT [dbo].[Platform] ([ID], [Name], [LoadInventoryFromPlatform], [LoadOrdersFromPlatform], [LoadCustomersFromPlatform]) VALUES (99, N'ION', 0, 0, 0)
SET IDENTITY_INSERT [dbo].[Platform] OFF
SET IDENTITY_INSERT [dbo].[Region] ON 

INSERT [dbo].[Region] ([ID], [RegionName], [Context]) VALUES (1, N'Domestic', N'Trees')
INSERT [dbo].[Region] ([ID], [RegionName], [Context]) VALUES (2, N'European', N'International')
INSERT [dbo].[Region] ([ID], [RegionName], [Context]) VALUES (3, N'Oceania', N'International')
SET IDENTITY_INSERT [dbo].[Region] OFF
SET IDENTITY_INSERT [dbo].[Source] ON 

INSERT [dbo].[Source] ([ID], [Name], [BrandID], [PlatformID], [RegionID], [BrandCodeForPlatform], [Timezone], [HasCatalog], [HandlesOrders], [HandlesTrackingNumbers], [HandlesInventoryAllocation], [UsesBronto]) VALUES (1, N'Balsam Hill Volusion', 1, 1, 1, N'BAL', N'America/Los_Angeles', 0, 0, 0, 0, 1)
INSERT [dbo].[Source] ([ID], [Name], [BrandID], [PlatformID], [RegionID], [BrandCodeForPlatform], [Timezone], [HasCatalog], [HandlesOrders], [HandlesTrackingNumbers], [HandlesInventoryAllocation], [UsesBronto]) VALUES (2, N'Treetopia Volusion', 2, 1, 1, N'TREE', N'America/Los_Angeles', 0, 1, 1, 0, 1)
INSERT [dbo].[Source] ([ID], [Name], [BrandID], [PlatformID], [RegionID], [BrandCodeForPlatform], [Timezone], [HasCatalog], [HandlesOrders], [HandlesTrackingNumbers], [HandlesInventoryAllocation], [UsesBronto]) VALUES (3, N'Tree Classics Volusion', 4, 1, 1, N'TC', N'America/Los_Angeles', 0, 1, 1, 0, 1)
INSERT [dbo].[Source] ([ID], [Name], [BrandID], [PlatformID], [RegionID], [BrandCodeForPlatform], [Timezone], [HasCatalog], [HandlesOrders], [HandlesTrackingNumbers], [HandlesInventoryAllocation], [UsesBronto]) VALUES (4, N'Christmas Tree Market Volusion', 3, 1, 1, N'CTM', N'America/Los_Angeles', 0, 0, 0, 0, 1)
INSERT [dbo].[Source] ([ID], [Name], [BrandID], [PlatformID], [RegionID], [BrandCodeForPlatform], [Timezone], [HasCatalog], [HandlesOrders], [HandlesTrackingNumbers], [HandlesInventoryAllocation], [UsesBronto]) VALUES (5, N'Green Valley Christmas Trees Volusion', 5, 1, 1, N'GVCT', N'America/Los_Angeles', 0, 0, 0, 0, 1)
INSERT [dbo].[Source] ([ID], [Name], [BrandID], [PlatformID], [RegionID], [BrandCodeForPlatform], [Timezone], [HasCatalog], [HandlesOrders], [HandlesTrackingNumbers], [HandlesInventoryAllocation], [UsesBronto]) VALUES (6, N'Balsam Hill UK Volusion', 6, 1, 2, N'BH-UK', N'Europe/London', 0, 0, 0, 0, 1)
INSERT [dbo].[Source] ([ID], [Name], [BrandID], [PlatformID], [RegionID], [BrandCodeForPlatform], [Timezone], [HasCatalog], [HandlesOrders], [HandlesTrackingNumbers], [HandlesInventoryAllocation], [UsesBronto]) VALUES (7, N'Balsam Hill FR Volusion', 7, 1, 2, N'BHFR', N'Europe/London', 0, 1, 1, 0, 1)
INSERT [dbo].[Source] ([ID], [Name], [BrandID], [PlatformID], [RegionID], [BrandCodeForPlatform], [Timezone], [HasCatalog], [HandlesOrders], [HandlesTrackingNumbers], [HandlesInventoryAllocation], [UsesBronto]) VALUES (8, N'Balsam Hill DE Volusion', 8, 1, 2, N'BHDE', N'Europe/London', 0, 1, 1, 0, 1)
INSERT [dbo].[Source] ([ID], [Name], [BrandID], [PlatformID], [RegionID], [BrandCodeForPlatform], [Timezone], [HasCatalog], [HandlesOrders], [HandlesTrackingNumbers], [HandlesInventoryAllocation], [UsesBronto]) VALUES (9, N'Balsam Hill AU Volusion', 10, 1, 3, N'BH-AU', N'Australia/Sydney', 0, 0, 0, 0, 1)
INSERT [dbo].[Source] ([ID], [Name], [BrandID], [PlatformID], [RegionID], [BrandCodeForPlatform], [Timezone], [HasCatalog], [HandlesOrders], [HandlesTrackingNumbers], [HandlesInventoryAllocation], [UsesBronto]) VALUES (10, N'Treetopia UK Volusion', 9, 1, 2, N'TTUK', N'Europe/London', 0, 1, 1, 1, 1)
INSERT [dbo].[Source] ([ID], [Name], [BrandID], [PlatformID], [RegionID], [BrandCodeForPlatform], [Timezone], [HasCatalog], [HandlesOrders], [HandlesTrackingNumbers], [HandlesInventoryAllocation], [UsesBronto]) VALUES (11, N'Balsam Hill Amazon', 1, 6, 1, N'AMZBH', N'America/Los_Angeles', 0, 1, 1, 1, 0)
INSERT [dbo].[Source] ([ID], [Name], [BrandID], [PlatformID], [RegionID], [BrandCodeForPlatform], [Timezone], [HasCatalog], [HandlesOrders], [HandlesTrackingNumbers], [HandlesInventoryAllocation], [UsesBronto]) VALUES (12, N'Treetopia Amazon', 2, 6, 1, N'AMZTT', N'America/Los_Angeles', 0, 1, 1, 1, 0)
INSERT [dbo].[Source] ([ID], [Name], [BrandID], [PlatformID], [RegionID], [BrandCodeForPlatform], [Timezone], [HasCatalog], [HandlesOrders], [HandlesTrackingNumbers], [HandlesInventoryAllocation], [UsesBronto]) VALUES (13, N'Tree Classics Amazon', 4, 6, 1, N'AMZTC', N'America/Los_Angeles', 0, 1, 1, 1, 0)
INSERT [dbo].[Source] ([ID], [Name], [BrandID], [PlatformID], [RegionID], [BrandCodeForPlatform], [Timezone], [HasCatalog], [HandlesOrders], [HandlesTrackingNumbers], [HandlesInventoryAllocation], [UsesBronto]) VALUES (14, N'Christmas Tree Market Amazon', 3, 6, 1, N'AMZCTM', N'America/Los_Angeles', 0, 1, 1, 1, 0)
INSERT [dbo].[Source] ([ID], [Name], [BrandID], [PlatformID], [RegionID], [BrandCodeForPlatform], [Timezone], [HasCatalog], [HandlesOrders], [HandlesTrackingNumbers], [HandlesInventoryAllocation], [UsesBronto]) VALUES (15, N'Balsam Hill Salesforce', 1, 5, 1, N'BAL', N'America/Los_Angeles', 0, 1, 1, 0, 1)
INSERT [dbo].[Source] ([ID], [Name], [BrandID], [PlatformID], [RegionID], [BrandCodeForPlatform], [Timezone], [HasCatalog], [HandlesOrders], [HandlesTrackingNumbers], [HandlesInventoryAllocation], [UsesBronto]) VALUES (16, N'Treetopia Salesforce', 2, 5, 1, N'TREE', N'America/Los_Angeles', 0, 1, 1, 0, 1)
INSERT [dbo].[Source] ([ID], [Name], [BrandID], [PlatformID], [RegionID], [BrandCodeForPlatform], [Timezone], [HasCatalog], [HandlesOrders], [HandlesTrackingNumbers], [HandlesInventoryAllocation], [UsesBronto]) VALUES (17, N'Tree Classics Salesforce', 4, 5, 1, N'TC', N'America/Los_Angeles', 0, 1, 1, 0, 1)
INSERT [dbo].[Source] ([ID], [Name], [BrandID], [PlatformID], [RegionID], [BrandCodeForPlatform], [Timezone], [HasCatalog], [HandlesOrders], [HandlesTrackingNumbers], [HandlesInventoryAllocation], [UsesBronto]) VALUES (18, N'Christmas Tree Market Salesforce', 3, 5, 1, N'CTM', N'America/Los_Angeles', 0, 1, 1, 0, 1)
INSERT [dbo].[Source] ([ID], [Name], [BrandID], [PlatformID], [RegionID], [BrandCodeForPlatform], [Timezone], [HasCatalog], [HandlesOrders], [HandlesTrackingNumbers], [HandlesInventoryAllocation], [UsesBronto]) VALUES (19, N'Green Valley Christmas Trees Salesforce', 5, 5, 1, N'GVCT', N'America/Los_Angeles', 0, 1, 1, 0, 1)
INSERT [dbo].[Source] ([ID], [Name], [BrandID], [PlatformID], [RegionID], [BrandCodeForPlatform], [Timezone], [HasCatalog], [HandlesOrders], [HandlesTrackingNumbers], [HandlesInventoryAllocation], [UsesBronto]) VALUES (20, N'Balsam Hill UK Salesforce', 6, 5, 2, N'BH-UK', N'Europe/London', 0, 1, 1, 0, 1)
INSERT [dbo].[Source] ([ID], [Name], [BrandID], [PlatformID], [RegionID], [BrandCodeForPlatform], [Timezone], [HasCatalog], [HandlesOrders], [HandlesTrackingNumbers], [HandlesInventoryAllocation], [UsesBronto]) VALUES (21, N'Balsam Hill FR Salesforce', 7, 5, 2, N'BH-FR', N'Europe/London', 0, 1, 1, 0, 1)
INSERT [dbo].[Source] ([ID], [Name], [BrandID], [PlatformID], [RegionID], [BrandCodeForPlatform], [Timezone], [HasCatalog], [HandlesOrders], [HandlesTrackingNumbers], [HandlesInventoryAllocation], [UsesBronto]) VALUES (22, N'Balsam Hill DE Salesforce', 8, 5, 2, N'BH-DE', N'Europe/London', 0, 1, 1, 0, 1)
INSERT [dbo].[Source] ([ID], [Name], [BrandID], [PlatformID], [RegionID], [BrandCodeForPlatform], [Timezone], [HasCatalog], [HandlesOrders], [HandlesTrackingNumbers], [HandlesInventoryAllocation], [UsesBronto]) VALUES (23, N'Balsam Hill AU Salesforce', 10, 5, 3, N'BH-AU', N'Australia/Sydney', 0, 1, 1, 0, 1)
INSERT [dbo].[Source] ([ID], [Name], [BrandID], [PlatformID], [RegionID], [BrandCodeForPlatform], [Timezone], [HasCatalog], [HandlesOrders], [HandlesTrackingNumbers], [HandlesInventoryAllocation], [UsesBronto]) VALUES (24, N'Treetopia UK Salesforce', 9, 5, 2, N'TTUK', N'Europe/London', 0, 1, 1, 0, 1)
INSERT [dbo].[Source] ([ID], [Name], [BrandID], [PlatformID], [RegionID], [BrandCodeForPlatform], [Timezone], [HasCatalog], [HandlesOrders], [HandlesTrackingNumbers], [HandlesInventoryAllocation], [UsesBronto]) VALUES (25, N'Balsam Hill Hybris', 1, 3, 1, N'BH', N'America/Los_Angeles', 1, 1, 1, 1, 1)
INSERT [dbo].[Source] ([ID], [Name], [BrandID], [PlatformID], [RegionID], [BrandCodeForPlatform], [Timezone], [HasCatalog], [HandlesOrders], [HandlesTrackingNumbers], [HandlesInventoryAllocation], [UsesBronto]) VALUES (26, N'Balsam Hill UK Hybris', 6, 3, 2, N'BH-UK', N'Europe/London', 0, 1, 1, 1, 1)
INSERT [dbo].[Source] ([ID], [Name], [BrandID], [PlatformID], [RegionID], [BrandCodeForPlatform], [Timezone], [HasCatalog], [HandlesOrders], [HandlesTrackingNumbers], [HandlesInventoryAllocation], [UsesBronto]) VALUES (29, N'Balsam Hill AU Hybris', 10, 3, 3, N'BH-AU', N'Australia/Sydney', 0, 1, 1, 1, 1)
INSERT [dbo].[Source] ([ID], [Name], [BrandID], [PlatformID], [RegionID], [BrandCodeForPlatform], [Timezone], [HasCatalog], [HandlesOrders], [HandlesTrackingNumbers], [HandlesInventoryAllocation], [UsesBronto]) VALUES (32, N'Balsam Hill FR Hybris', 7, 3, 2, N'BH-FR', N'Europe/Paris', 0, 1, 1, 1, 1)
INSERT [dbo].[Source] ([ID], [Name], [BrandID], [PlatformID], [RegionID], [BrandCodeForPlatform], [Timezone], [HasCatalog], [HandlesOrders], [HandlesTrackingNumbers], [HandlesInventoryAllocation], [UsesBronto]) VALUES (33, N'Balsam Hill DE Hybris', 8, 3, 2, N'BH-DE', N'Europe/Berlin', 0, 1, 1, 1, 1)
INSERT [dbo].[Source] ([ID], [Name], [BrandID], [PlatformID], [RegionID], [BrandCodeForPlatform], [Timezone], [HasCatalog], [HandlesOrders], [HandlesTrackingNumbers], [HandlesInventoryAllocation], [UsesBronto]) VALUES (34, N'Balsam Provisions Hybris', 11, 3, 1, N'BP', N'America/Los_Angeles', 0, 1, 1, 1, 1)
INSERT [dbo].[Source] ([ID], [Name], [BrandID], [PlatformID], [RegionID], [BrandCodeForPlatform], [Timezone], [HasCatalog], [HandlesOrders], [HandlesTrackingNumbers], [HandlesInventoryAllocation], [UsesBronto]) VALUES (35, N'Balsam Provisions Salesforce', 11, 5, 1, N'BP', N'America/Los_Angeles', 0, 1, 1, 0, 1)
INSERT [dbo].[Source] ([ID], [Name], [BrandID], [PlatformID], [RegionID], [BrandCodeForPlatform], [Timezone], [HasCatalog], [HandlesOrders], [HandlesTrackingNumbers], [HandlesInventoryAllocation], [UsesBronto]) VALUES (36, N'Balsam Provisions Amazon', 11, 6, 1, N'AMZBP', N'America/Los_Angeles', 0, 1, 1, 1, 0)
INSERT [dbo].[Source] ([ID], [Name], [BrandID], [PlatformID], [RegionID], [BrandCodeForPlatform], [Timezone], [HasCatalog], [HandlesOrders], [HandlesTrackingNumbers], [HandlesInventoryAllocation], [UsesBronto]) VALUES (37, N'Tree Classics Wayfair', 4, 9, 1, N'WAYBAL', N'America/Los_Angeles', 0, 1, 1, 1, 0)
SET IDENTITY_INSERT [dbo].[Source] OFF
SET IDENTITY_INSERT [dbo].[MappingCategory] ON 

INSERT [dbo].[MappingCategory] ([ID], [Description]) VALUES (1, N'SourcingFile')
INSERT [dbo].[MappingCategory] ([ID], [Description]) VALUES (2, N'SourcingAllocationFile')
INSERT [dbo].[MappingCategory] ([ID], [Description]) VALUES (3, N'SourcingWarehouseReceipt')
INSERT [dbo].[MappingCategory] ([ID], [Description]) VALUES (4, N'UPCLoad')
INSERT [dbo].[MappingCategory] ([ID], [Description]) VALUES (5, N'SKUUPCLoad')
SET IDENTITY_INSERT [dbo].[MappingCategory] OFF
SET IDENTITY_INSERT [dbo].[MappingFileCategory] ON 

INSERT [dbo].[MappingFileCategory] ([ID], [Description], [Active]) VALUES (1, N'xlsx', 1)
INSERT [dbo].[MappingFileCategory] ([ID], [Description], [Active]) VALUES (2, N'csv', 1)
SET IDENTITY_INSERT [dbo].[MappingFileCategory] OFF
SET IDENTITY_INSERT [dbo].[Mapping] ON 

INSERT [dbo].[Mapping] ([ID], [MappingCategoryID], [MappingFileCategoryID], [Name], [HasHeader], [Delimiter/SpreadSheet], [Deleted], [NumOfHeaderRows], [IsDefault]) VALUES (4, 1, 1, N'GitSourcing', 0, N'sheet1', 0, 0, 1)
INSERT [dbo].[Mapping] ([ID], [MappingCategoryID], [MappingFileCategoryID], [Name], [HasHeader], [Delimiter/SpreadSheet], [Deleted], [NumOfHeaderRows], [IsDefault]) VALUES (5, 1, 2, N'GitSourcing', 0, N',', 0, 0, 1)
INSERT [dbo].[Mapping] ([ID], [MappingCategoryID], [MappingFileCategoryID], [Name], [HasHeader], [Delimiter/SpreadSheet], [Deleted], [NumOfHeaderRows], [IsDefault]) VALUES (6, 2, 1, N'GitSourcingAllocation', 0, N'sheet1', 0, 0, 1)
INSERT [dbo].[Mapping] ([ID], [MappingCategoryID], [MappingFileCategoryID], [Name], [HasHeader], [Delimiter/SpreadSheet], [Deleted], [NumOfHeaderRows], [IsDefault]) VALUES (7, 2, 2, N'GitSourcingAllocation', 0, N',', 0, 0, 1)
INSERT [dbo].[Mapping] ([ID], [MappingCategoryID], [MappingFileCategoryID], [Name], [HasHeader], [Delimiter/SpreadSheet], [Deleted], [NumOfHeaderRows], [IsDefault]) VALUES (8, 3, 1, N'GitWarehouseReceipt', 0, N'sheet1', 0, 0, 1)
INSERT [dbo].[Mapping] ([ID], [MappingCategoryID], [MappingFileCategoryID], [Name], [HasHeader], [Delimiter/SpreadSheet], [Deleted], [NumOfHeaderRows], [IsDefault]) VALUES (9, 4, 1, N'UpcLoader', 1, N',', 0, 1, 1)
INSERT [dbo].[Mapping] ([ID], [MappingCategoryID], [MappingFileCategoryID], [Name], [HasHeader], [Delimiter/SpreadSheet], [Deleted], [NumOfHeaderRows], [IsDefault]) VALUES (10, 5, 1, N'SkuUpcLoader', 1, N',', 0, 1, 1)
SET IDENTITY_INSERT [dbo].[Mapping] OFF
SET IDENTITY_INSERT [dbo].[MappingCategoryFieldDetail] ON 

INSERT [dbo].[MappingCategoryFieldDetail] ([ID], [Description], [ColumnName], [Required]) VALUES (1, N'Brand', N'brand', 1)
INSERT [dbo].[MappingCategoryFieldDetail] ([ID], [Description], [ColumnName], [Required]) VALUES (2, N'SkuStore', N'skustore', 1)
INSERT [dbo].[MappingCategoryFieldDetail] ([ID], [Description], [ColumnName], [Required]) VALUES (3, N'Lot Code', N'year', 1)
INSERT [dbo].[MappingCategoryFieldDetail] ([ID], [Description], [ColumnName], [Required]) VALUES (4, N'Cubic Ft.', N'cubicft', 0)
INSERT [dbo].[MappingCategoryFieldDetail] ([ID], [Description], [ColumnName], [Required]) VALUES (5, N'Quantity Available', N'quantityavailable', 1)
INSERT [dbo].[MappingCategoryFieldDetail] ([ID], [Description], [ColumnName], [Required]) VALUES (6, N'Quantity to Release', N'quantitytorelease', 1)
INSERT [dbo].[MappingCategoryFieldDetail] ([ID], [Description], [ColumnName], [Required]) VALUES (7, N'Available Date', N'availabledate', 1)
INSERT [dbo].[MappingCategoryFieldDetail] ([ID], [Description], [ColumnName], [Required]) VALUES (8, N'UPC', N'upc', 1)
INSERT [dbo].[MappingCategoryFieldDetail] ([ID], [Description], [ColumnName], [Required]) VALUES (9, N'Warehouse', N'warehouse', 1)
INSERT [dbo].[MappingCategoryFieldDetail] ([ID], [Description], [ColumnName], [Required]) VALUES (10, N'UnitFt3', N'unitft3', 1)
INSERT [dbo].[MappingCategoryFieldDetail] ([ID], [Description], [ColumnName], [Required]) VALUES (11, N'ShipQty', N'shipqty', 1)
INSERT [dbo].[MappingCategoryFieldDetail] ([ID], [Description], [ColumnName], [Required]) VALUES (12, N'Shipdate', N'shipdate', 1)
INSERT [dbo].[MappingCategoryFieldDetail] ([ID], [Description], [ColumnName], [Required]) VALUES (13, N'ShipmentFt3', N'shipmentft3', 1)
INSERT [dbo].[MappingCategoryFieldDetail] ([ID], [Description], [ColumnName], [Required]) VALUES (14, N'AdjustmentReason', N'adjustmentreason', 1)
INSERT [dbo].[MappingCategoryFieldDetail] ([ID], [Description], [ColumnName], [Required]) VALUES (15, N'Upc', N'upc', 1)
INSERT [dbo].[MappingCategoryFieldDetail] ([ID], [Description], [ColumnName], [Required]) VALUES (16, N'Date Received', N'datereceived', 1)
INSERT [dbo].[MappingCategoryFieldDetail] ([ID], [Description], [ColumnName], [Required]) VALUES (17, N'Quantity', N'quantity', 1)
INSERT [dbo].[MappingCategoryFieldDetail] ([ID], [Description], [ColumnName], [Required]) VALUES (18, N'Vendor Part Number', N'vendorpartnumber', 1)
INSERT [dbo].[MappingCategoryFieldDetail] ([ID], [Description], [ColumnName], [Required]) VALUES (19, N'Description', N'description', 1)
INSERT [dbo].[MappingCategoryFieldDetail] ([ID], [Description], [ColumnName], [Required]) VALUES (20, N'Carton Number', N'cartonnumber', 1)
INSERT [dbo].[MappingCategoryFieldDetail] ([ID], [Description], [ColumnName], [Required]) VALUES (21, N'Quantity In Carton', N'QuantityInCarton', 1)
INSERT [dbo].[MappingCategoryFieldDetail] ([ID], [Description], [ColumnName], [Required]) VALUES (22, N'Total Cartons', N'totalcartons', 1)
INSERT [dbo].[MappingCategoryFieldDetail] ([ID], [Description], [ColumnName], [Required]) VALUES (23, N'Is Master Pack', N'ismasterpack', 1)
INSERT [dbo].[MappingCategoryFieldDetail] ([ID], [Description], [ColumnName], [Required]) VALUES (24, N'Length', N'length', 1)
INSERT [dbo].[MappingCategoryFieldDetail] ([ID], [Description], [ColumnName], [Required]) VALUES (26, N'Width', N'width', 1)
INSERT [dbo].[MappingCategoryFieldDetail] ([ID], [Description], [ColumnName], [Required]) VALUES (28, N'Height', N'height', 1)
INSERT [dbo].[MappingCategoryFieldDetail] ([ID], [Description], [ColumnName], [Required]) VALUES (30, N'Weight', N'weight', 1)
INSERT [dbo].[MappingCategoryFieldDetail] ([ID], [Description], [ColumnName], [Required]) VALUES (32, N'Cubic Feet Per Item', N'cubicfeetperitem', 1)
INSERT [dbo].[MappingCategoryFieldDetail] ([ID], [Description], [ColumnName], [Required]) VALUES (33, N'Lot Code', N'lotcode', 1)
INSERT [dbo].[MappingCategoryFieldDetail] ([ID], [Description], [ColumnName], [Required]) VALUES (34, N'Is LTL', N'isltl', 1)
INSERT [dbo].[MappingCategoryFieldDetail] ([ID], [Description], [ColumnName], [Required]) VALUES (35, N'Is Tree', N'istree', 1)
INSERT [dbo].[MappingCategoryFieldDetail] ([ID], [Description], [ColumnName], [Required]) VALUES (36, N'Is Drop Ship', N'isdropship', 1)
INSERT [dbo].[MappingCategoryFieldDetail] ([ID], [Description], [ColumnName], [Required]) VALUES (37, N'Is Back Ordered', N'isbackordered', 1)
INSERT [dbo].[MappingCategoryFieldDetail] ([ID], [Description], [ColumnName], [Required]) VALUES (38, N'Warranty Lot Code', N'warrantylotcode', 1)
INSERT [dbo].[MappingCategoryFieldDetail] ([ID], [Description], [ColumnName], [Required]) VALUES (39, N'Is RTP', N'isrtp', 1)
INSERT [dbo].[MappingCategoryFieldDetail] ([ID], [Description], [ColumnName], [Required]) VALUES (40, N'Allocation', N'allocation', 1)
SET IDENTITY_INSERT [dbo].[MappingCategoryFieldDetail] OFF
SET IDENTITY_INSERT [dbo].[MappingDetail] ON 

INSERT [dbo].[MappingDetail] ([ID], [MappingID], [MappingCategoryFieldDetailID], [MappingPosition]) VALUES (1, 4, 1, 1)
INSERT [dbo].[MappingDetail] ([ID], [MappingID], [MappingCategoryFieldDetailID], [MappingPosition]) VALUES (2, 4, 2, 2)
INSERT [dbo].[MappingDetail] ([ID], [MappingID], [MappingCategoryFieldDetailID], [MappingPosition]) VALUES (3, 4, 3, 3)
INSERT [dbo].[MappingDetail] ([ID], [MappingID], [MappingCategoryFieldDetailID], [MappingPosition]) VALUES (4, 4, 4, 4)
INSERT [dbo].[MappingDetail] ([ID], [MappingID], [MappingCategoryFieldDetailID], [MappingPosition]) VALUES (5, 4, 5, 5)
INSERT [dbo].[MappingDetail] ([ID], [MappingID], [MappingCategoryFieldDetailID], [MappingPosition]) VALUES (6, 4, 6, 6)
INSERT [dbo].[MappingDetail] ([ID], [MappingID], [MappingCategoryFieldDetailID], [MappingPosition]) VALUES (7, 4, 7, 7)
INSERT [dbo].[MappingDetail] ([ID], [MappingID], [MappingCategoryFieldDetailID], [MappingPosition]) VALUES (8, 5, 1, 1)
INSERT [dbo].[MappingDetail] ([ID], [MappingID], [MappingCategoryFieldDetailID], [MappingPosition]) VALUES (9, 5, 2, 2)
INSERT [dbo].[MappingDetail] ([ID], [MappingID], [MappingCategoryFieldDetailID], [MappingPosition]) VALUES (10, 5, 3, 3)
INSERT [dbo].[MappingDetail] ([ID], [MappingID], [MappingCategoryFieldDetailID], [MappingPosition]) VALUES (11, 5, 4, 4)
INSERT [dbo].[MappingDetail] ([ID], [MappingID], [MappingCategoryFieldDetailID], [MappingPosition]) VALUES (12, 5, 5, 5)
INSERT [dbo].[MappingDetail] ([ID], [MappingID], [MappingCategoryFieldDetailID], [MappingPosition]) VALUES (13, 5, 6, 6)
INSERT [dbo].[MappingDetail] ([ID], [MappingID], [MappingCategoryFieldDetailID], [MappingPosition]) VALUES (14, 5, 7, 7)
INSERT [dbo].[MappingDetail] ([ID], [MappingID], [MappingCategoryFieldDetailID], [MappingPosition]) VALUES (15, 6, 1, 1)
INSERT [dbo].[MappingDetail] ([ID], [MappingID], [MappingCategoryFieldDetailID], [MappingPosition]) VALUES (16, 6, 2, 2)
INSERT [dbo].[MappingDetail] ([ID], [MappingID], [MappingCategoryFieldDetailID], [MappingPosition]) VALUES (17, 6, 8, 3)
INSERT [dbo].[MappingDetail] ([ID], [MappingID], [MappingCategoryFieldDetailID], [MappingPosition]) VALUES (18, 6, 3, 4)
INSERT [dbo].[MappingDetail] ([ID], [MappingID], [MappingCategoryFieldDetailID], [MappingPosition]) VALUES (19, 6, 10, 5)
INSERT [dbo].[MappingDetail] ([ID], [MappingID], [MappingCategoryFieldDetailID], [MappingPosition]) VALUES (20, 6, 11, 6)
INSERT [dbo].[MappingDetail] ([ID], [MappingID], [MappingCategoryFieldDetailID], [MappingPosition]) VALUES (21, 6, 12, 7)
INSERT [dbo].[MappingDetail] ([ID], [MappingID], [MappingCategoryFieldDetailID], [MappingPosition]) VALUES (22, 6, 9, 8)
INSERT [dbo].[MappingDetail] ([ID], [MappingID], [MappingCategoryFieldDetailID], [MappingPosition]) VALUES (23, 6, 13, 9)
INSERT [dbo].[MappingDetail] ([ID], [MappingID], [MappingCategoryFieldDetailID], [MappingPosition]) VALUES (24, 6, 14, 10)
INSERT [dbo].[MappingDetail] ([ID], [MappingID], [MappingCategoryFieldDetailID], [MappingPosition]) VALUES (25, 8, 15, 1)
INSERT [dbo].[MappingDetail] ([ID], [MappingID], [MappingCategoryFieldDetailID], [MappingPosition]) VALUES (26, 8, 16, 2)
INSERT [dbo].[MappingDetail] ([ID], [MappingID], [MappingCategoryFieldDetailID], [MappingPosition]) VALUES (27, 8, 17, 3)
INSERT [dbo].[MappingDetail] ([ID], [MappingID], [MappingCategoryFieldDetailID], [MappingPosition]) VALUES (28, 9, 8, 1)
INSERT [dbo].[MappingDetail] ([ID], [MappingID], [MappingCategoryFieldDetailID], [MappingPosition]) VALUES (29, 9, 18, 2)
INSERT [dbo].[MappingDetail] ([ID], [MappingID], [MappingCategoryFieldDetailID], [MappingPosition]) VALUES (30, 9, 19, 3)
INSERT [dbo].[MappingDetail] ([ID], [MappingID], [MappingCategoryFieldDetailID], [MappingPosition]) VALUES (31, 9, 20, 4)
INSERT [dbo].[MappingDetail] ([ID], [MappingID], [MappingCategoryFieldDetailID], [MappingPosition]) VALUES (32, 9, 21, 5)
INSERT [dbo].[MappingDetail] ([ID], [MappingID], [MappingCategoryFieldDetailID], [MappingPosition]) VALUES (33, 9, 22, 6)
INSERT [dbo].[MappingDetail] ([ID], [MappingID], [MappingCategoryFieldDetailID], [MappingPosition]) VALUES (34, 9, 23, 7)
INSERT [dbo].[MappingDetail] ([ID], [MappingID], [MappingCategoryFieldDetailID], [MappingPosition]) VALUES (35, 9, 24, 12)
INSERT [dbo].[MappingDetail] ([ID], [MappingID], [MappingCategoryFieldDetailID], [MappingPosition]) VALUES (37, 9, 26, 13)
INSERT [dbo].[MappingDetail] ([ID], [MappingID], [MappingCategoryFieldDetailID], [MappingPosition]) VALUES (39, 9, 28, 14)
INSERT [dbo].[MappingDetail] ([ID], [MappingID], [MappingCategoryFieldDetailID], [MappingPosition]) VALUES (41, 9, 30, 15)
INSERT [dbo].[MappingDetail] ([ID], [MappingID], [MappingCategoryFieldDetailID], [MappingPosition]) VALUES (43, 9, 32, 16)
INSERT [dbo].[MappingDetail] ([ID], [MappingID], [MappingCategoryFieldDetailID], [MappingPosition]) VALUES (44, 9, 33, 17)
INSERT [dbo].[MappingDetail] ([ID], [MappingID], [MappingCategoryFieldDetailID], [MappingPosition]) VALUES (45, 9, 34, 8)
INSERT [dbo].[MappingDetail] ([ID], [MappingID], [MappingCategoryFieldDetailID], [MappingPosition]) VALUES (46, 9, 35, 9)
INSERT [dbo].[MappingDetail] ([ID], [MappingID], [MappingCategoryFieldDetailID], [MappingPosition]) VALUES (47, 9, 36, 10)
INSERT [dbo].[MappingDetail] ([ID], [MappingID], [MappingCategoryFieldDetailID], [MappingPosition]) VALUES (48, 9, 37, 11)
INSERT [dbo].[MappingDetail] ([ID], [MappingID], [MappingCategoryFieldDetailID], [MappingPosition]) VALUES (49, 9, 38, 18)
INSERT [dbo].[MappingDetail] ([ID], [MappingID], [MappingCategoryFieldDetailID], [MappingPosition]) VALUES (50, 9, 39, 19)
INSERT [dbo].[MappingDetail] ([ID], [MappingID], [MappingCategoryFieldDetailID], [MappingPosition]) VALUES (51, 10, 8, 1)
INSERT [dbo].[MappingDetail] ([ID], [MappingID], [MappingCategoryFieldDetailID], [MappingPosition]) VALUES (52, 10, 2, 2)
INSERT [dbo].[MappingDetail] ([ID], [MappingID], [MappingCategoryFieldDetailID], [MappingPosition]) VALUES (53, 10, 1, 3)
INSERT [dbo].[MappingDetail] ([ID], [MappingID], [MappingCategoryFieldDetailID], [MappingPosition]) VALUES (54, 10, 40, 4)
SET IDENTITY_INSERT [dbo].[MappingDetail] OFF
SET IDENTITY_INSERT [dbo].[MappingCategoryField] ON 

INSERT [dbo].[MappingCategoryField] ([ID], [MappingCategoryID], [MappingCategoryFieldDetailID]) VALUES (1, 1, 1)
INSERT [dbo].[MappingCategoryField] ([ID], [MappingCategoryID], [MappingCategoryFieldDetailID]) VALUES (2, 1, 2)
INSERT [dbo].[MappingCategoryField] ([ID], [MappingCategoryID], [MappingCategoryFieldDetailID]) VALUES (3, 1, 3)
INSERT [dbo].[MappingCategoryField] ([ID], [MappingCategoryID], [MappingCategoryFieldDetailID]) VALUES (4, 1, 4)
INSERT [dbo].[MappingCategoryField] ([ID], [MappingCategoryID], [MappingCategoryFieldDetailID]) VALUES (5, 1, 5)
INSERT [dbo].[MappingCategoryField] ([ID], [MappingCategoryID], [MappingCategoryFieldDetailID]) VALUES (6, 1, 6)
INSERT [dbo].[MappingCategoryField] ([ID], [MappingCategoryID], [MappingCategoryFieldDetailID]) VALUES (7, 1, 7)
INSERT [dbo].[MappingCategoryField] ([ID], [MappingCategoryID], [MappingCategoryFieldDetailID]) VALUES (8, 2, 8)
INSERT [dbo].[MappingCategoryField] ([ID], [MappingCategoryID], [MappingCategoryFieldDetailID]) VALUES (9, 2, 9)
INSERT [dbo].[MappingCategoryField] ([ID], [MappingCategoryID], [MappingCategoryFieldDetailID]) VALUES (10, 4, 8)
INSERT [dbo].[MappingCategoryField] ([ID], [MappingCategoryID], [MappingCategoryFieldDetailID]) VALUES (11, 4, 18)
INSERT [dbo].[MappingCategoryField] ([ID], [MappingCategoryID], [MappingCategoryFieldDetailID]) VALUES (12, 4, 19)
INSERT [dbo].[MappingCategoryField] ([ID], [MappingCategoryID], [MappingCategoryFieldDetailID]) VALUES (13, 4, 20)
INSERT [dbo].[MappingCategoryField] ([ID], [MappingCategoryID], [MappingCategoryFieldDetailID]) VALUES (14, 4, 21)
INSERT [dbo].[MappingCategoryField] ([ID], [MappingCategoryID], [MappingCategoryFieldDetailID]) VALUES (15, 4, 22)
INSERT [dbo].[MappingCategoryField] ([ID], [MappingCategoryID], [MappingCategoryFieldDetailID]) VALUES (16, 4, 23)
INSERT [dbo].[MappingCategoryField] ([ID], [MappingCategoryID], [MappingCategoryFieldDetailID]) VALUES (17, 4, 24)
INSERT [dbo].[MappingCategoryField] ([ID], [MappingCategoryID], [MappingCategoryFieldDetailID]) VALUES (19, 4, 26)
INSERT [dbo].[MappingCategoryField] ([ID], [MappingCategoryID], [MappingCategoryFieldDetailID]) VALUES (21, 4, 28)
INSERT [dbo].[MappingCategoryField] ([ID], [MappingCategoryID], [MappingCategoryFieldDetailID]) VALUES (23, 4, 30)
INSERT [dbo].[MappingCategoryField] ([ID], [MappingCategoryID], [MappingCategoryFieldDetailID]) VALUES (25, 4, 32)
INSERT [dbo].[MappingCategoryField] ([ID], [MappingCategoryID], [MappingCategoryFieldDetailID]) VALUES (26, 4, 33)
INSERT [dbo].[MappingCategoryField] ([ID], [MappingCategoryID], [MappingCategoryFieldDetailID]) VALUES (27, 4, 34)
INSERT [dbo].[MappingCategoryField] ([ID], [MappingCategoryID], [MappingCategoryFieldDetailID]) VALUES (28, 4, 35)
INSERT [dbo].[MappingCategoryField] ([ID], [MappingCategoryID], [MappingCategoryFieldDetailID]) VALUES (29, 4, 36)
INSERT [dbo].[MappingCategoryField] ([ID], [MappingCategoryID], [MappingCategoryFieldDetailID]) VALUES (30, 4, 37)
INSERT [dbo].[MappingCategoryField] ([ID], [MappingCategoryID], [MappingCategoryFieldDetailID]) VALUES (31, 4, 38)
INSERT [dbo].[MappingCategoryField] ([ID], [MappingCategoryID], [MappingCategoryFieldDetailID]) VALUES (32, 4, 39)
SET IDENTITY_INSERT [dbo].[MappingCategoryField] OFF
SET IDENTITY_INSERT [dbo].[AspNetPermissionGroup] ON 

INSERT [dbo].[AspNetPermissionGroup] ([ID], [Name]) VALUES (1, N'Order Processing')
INSERT [dbo].[AspNetPermissionGroup] ([ID], [Name]) VALUES (2, N'Inventory Reconciliation')
INSERT [dbo].[AspNetPermissionGroup] ([ID], [Name]) VALUES (3, N'Skus')
INSERT [dbo].[AspNetPermissionGroup] ([ID], [Name]) VALUES (4, N'Reporting')
INSERT [dbo].[AspNetPermissionGroup] ([ID], [Name]) VALUES (5, N'Account')
INSERT [dbo].[AspNetPermissionGroup] ([ID], [Name]) VALUES (6, N'Warehouse')
INSERT [dbo].[AspNetPermissionGroup] ([ID], [Name]) VALUES (7, N'Scheduler')
INSERT [dbo].[AspNetPermissionGroup] ([ID], [Name]) VALUES (8, N'Store')
INSERT [dbo].[AspNetPermissionGroup] ([ID], [Name]) VALUES (9, N'System')
INSERT [dbo].[AspNetPermissionGroup] ([ID], [Name]) VALUES (10, N'Tracking Numbers')
INSERT [dbo].[AspNetPermissionGroup] ([ID], [Name]) VALUES (11, N'User Management')
INSERT [dbo].[AspNetPermissionGroup] ([ID], [Name]) VALUES (12, N'Global Inventory')
INSERT [dbo].[AspNetPermissionGroup] ([ID], [Name]) VALUES (13, N'Rabbit Payloads')
SET IDENTITY_INSERT [dbo].[AspNetPermissionGroup] OFF
SET IDENTITY_INSERT [dbo].[AspNetPermission] ON 

INSERT [dbo].[AspNetPermission] ([ID], [Name], [PermissionGroupID]) VALUES (1, N'Load Inventory', 2)
INSERT [dbo].[AspNetPermission] ([ID], [Name], [PermissionGroupID]) VALUES (2, N'Do Reconciliation', 2)
INSERT [dbo].[AspNetPermission] ([ID], [Name], [PermissionGroupID]) VALUES (3, N'Inventory Store Update', 2)
INSERT [dbo].[AspNetPermission] ([ID], [Name], [PermissionGroupID]) VALUES (4, N'OrderProcessing', 1)
INSERT [dbo].[AspNetPermission] ([ID], [Name], [PermissionGroupID]) VALUES (5, N'InventoryReconciliation', 2)
INSERT [dbo].[AspNetPermission] ([ID], [Name], [PermissionGroupID]) VALUES (6, N'SchedulerToggle', 7)
INSERT [dbo].[AspNetPermission] ([ID], [Name], [PermissionGroupID]) VALUES (7, N'Store', 8)
INSERT [dbo].[AspNetPermission] ([ID], [Name], [PermissionGroupID]) VALUES (8, N'Warehouse', 6)
INSERT [dbo].[AspNetPermission] ([ID], [Name], [PermissionGroupID]) VALUES (9, N'WarehouseFTPSite', 6)
INSERT [dbo].[AspNetPermission] ([ID], [Name], [PermissionGroupID]) VALUES (10, N'TrackingNumbers', 10)
INSERT [dbo].[AspNetPermission] ([ID], [Name], [PermissionGroupID]) VALUES (11, N'System', 9)
INSERT [dbo].[AspNetPermission] ([ID], [Name], [PermissionGroupID]) VALUES (12, N'Administration', 5)
INSERT [dbo].[AspNetPermission] ([ID], [Name], [PermissionGroupID]) VALUES (13, N'Reporting', 4)
INSERT [dbo].[AspNetPermission] ([ID], [Name], [PermissionGroupID]) VALUES (16, N'Scheduler Setup', 7)
INSERT [dbo].[AspNetPermission] ([ID], [Name], [PermissionGroupID]) VALUES (17, N'User Account Setup', 5)
INSERT [dbo].[AspNetPermission] ([ID], [Name], [PermissionGroupID]) VALUES (18, N'Store and Warehouse Conversion', 3)
INSERT [dbo].[AspNetPermission] ([ID], [Name], [PermissionGroupID]) VALUES (19, N'SkuWarehouse Links', 3)
INSERT [dbo].[AspNetPermission] ([ID], [Name], [PermissionGroupID]) VALUES (20, N'Sku Shared Stores', 3)
INSERT [dbo].[AspNetPermission] ([ID], [Name], [PermissionGroupID]) VALUES (21, N'Sku Shared Skus', NULL)
INSERT [dbo].[AspNetPermission] ([ID], [Name], [PermissionGroupID]) VALUES (22, N'Sku Priority', NULL)
INSERT [dbo].[AspNetPermission] ([ID], [Name], [PermissionGroupID]) VALUES (23, N'Sku Bundle', 3)
INSERT [dbo].[AspNetPermission] ([ID], [Name], [PermissionGroupID]) VALUES (24, N'Roles and Permissions', 11)
INSERT [dbo].[AspNetPermission] ([ID], [Name], [PermissionGroupID]) VALUES (25, N'Create Role', 11)
INSERT [dbo].[AspNetPermission] ([ID], [Name], [PermissionGroupID]) VALUES (26, N'Edit Permissions', 11)
INSERT [dbo].[AspNetPermission] ([ID], [Name], [PermissionGroupID]) VALUES (27, N'Delete Role', 11)
INSERT [dbo].[AspNetPermission] ([ID], [Name], [PermissionGroupID]) VALUES (28, N'Users and Role', 11)
INSERT [dbo].[AspNetPermission] ([ID], [Name], [PermissionGroupID]) VALUES (29, N'Ship Method Filter', 9)
INSERT [dbo].[AspNetPermission] ([ID], [Name], [PermissionGroupID]) VALUES (30, N'OrderDispatching', 1)
INSERT [dbo].[AspNetPermission] ([ID], [Name], [PermissionGroupID]) VALUES (31, N'OrderCancellation', 1)
INSERT [dbo].[AspNetPermission] ([ID], [Name], [PermissionGroupID]) VALUES (32, N'Warranty', 1)
INSERT [dbo].[AspNetPermission] ([ID], [Name], [PermissionGroupID]) VALUES (33, N'SkuUpcSetup', 3)
INSERT [dbo].[AspNetPermission] ([ID], [Name], [PermissionGroupID]) VALUES (34, N'UPCManagement', 3)
INSERT [dbo].[AspNetPermission] ([ID], [Name], [PermissionGroupID]) VALUES (35, N'InventoryHoldForWarehouse', 3)
INSERT [dbo].[AspNetPermission] ([ID], [Name], [PermissionGroupID]) VALUES (36, N'Setting', 9)
INSERT [dbo].[AspNetPermission] ([ID], [Name], [PermissionGroupID]) VALUES (37, N'MasterpackAssociation', 3)
INSERT [dbo].[AspNetPermission] ([ID], [Name], [PermissionGroupID]) VALUES (38, N'Global Inventory', 12)
INSERT [dbo].[AspNetPermission] ([ID], [Name], [PermissionGroupID]) VALUES (39, N'Load Sourcing File', 12)
INSERT [dbo].[AspNetPermission] ([ID], [Name], [PermissionGroupID]) VALUES (40, N'Rabbit Payloads', 13)
INSERT [dbo].[AspNetPermission] ([ID], [Name], [PermissionGroupID]) VALUES (41, N'View Rabbit Payloads', 13)
INSERT [dbo].[AspNetPermission] ([ID], [Name], [PermissionGroupID]) VALUES (42, N'Process Rabbit Payloads', 13)
INSERT [dbo].[AspNetPermission] ([ID], [Name], [PermissionGroupID]) VALUES (43, N'StandardOrderProcessing', 1)
INSERT [dbo].[AspNetPermission] ([ID], [Name], [PermissionGroupID]) VALUES (44, N'FraudulentOrderProcessing', 1)
INSERT [dbo].[AspNetPermission] ([ID], [Name], [PermissionGroupID]) VALUES (45, N'AmendmentProcessing', 1)
INSERT [dbo].[AspNetPermission] ([ID], [Name], [PermissionGroupID]) VALUES (46, N'Utility', 9)
SET IDENTITY_INSERT [dbo].[AspNetPermission] OFF
SET IDENTITY_INSERT [dbo].[AspNetPermissionRoleAssociation] ON 

INSERT [dbo].[AspNetPermissionRoleAssociation] ([ID], [PermissionID], [RoleID], [Active]) VALUES (1, 1, N'1', 1)
INSERT [dbo].[AspNetPermissionRoleAssociation] ([ID], [PermissionID], [RoleID], [Active]) VALUES (2, 4, N'1', 1)
INSERT [dbo].[AspNetPermissionRoleAssociation] ([ID], [PermissionID], [RoleID], [Active]) VALUES (3, 2, N'1', 1)
INSERT [dbo].[AspNetPermissionRoleAssociation] ([ID], [PermissionID], [RoleID], [Active]) VALUES (4, 3, N'1', 1)
INSERT [dbo].[AspNetPermissionRoleAssociation] ([ID], [PermissionID], [RoleID], [Active]) VALUES (6, 6, N'1', 1)
INSERT [dbo].[AspNetPermissionRoleAssociation] ([ID], [PermissionID], [RoleID], [Active]) VALUES (7, 7, N'1', 1)
INSERT [dbo].[AspNetPermissionRoleAssociation] ([ID], [PermissionID], [RoleID], [Active]) VALUES (8, 8, N'1', 1)
INSERT [dbo].[AspNetPermissionRoleAssociation] ([ID], [PermissionID], [RoleID], [Active]) VALUES (9, 9, N'1', 1)
INSERT [dbo].[AspNetPermissionRoleAssociation] ([ID], [PermissionID], [RoleID], [Active]) VALUES (10, 10, N'1', 1)
INSERT [dbo].[AspNetPermissionRoleAssociation] ([ID], [PermissionID], [RoleID], [Active]) VALUES (11, 11, N'1', 1)
INSERT [dbo].[AspNetPermissionRoleAssociation] ([ID], [PermissionID], [RoleID], [Active]) VALUES (12, 12, N'1', 1)
INSERT [dbo].[AspNetPermissionRoleAssociation] ([ID], [PermissionID], [RoleID], [Active]) VALUES (13, 13, N'1', 1)
INSERT [dbo].[AspNetPermissionRoleAssociation] ([ID], [PermissionID], [RoleID], [Active]) VALUES (14, 13, N'4', 1)
INSERT [dbo].[AspNetPermissionRoleAssociation] ([ID], [PermissionID], [RoleID], [Active]) VALUES (17, 16, N'1', 1)
INSERT [dbo].[AspNetPermissionRoleAssociation] ([ID], [PermissionID], [RoleID], [Active]) VALUES (18, 17, N'1', 1)
INSERT [dbo].[AspNetPermissionRoleAssociation] ([ID], [PermissionID], [RoleID], [Active]) VALUES (25, 24, N'1', 0)
INSERT [dbo].[AspNetPermissionRoleAssociation] ([ID], [PermissionID], [RoleID], [Active]) VALUES (26, 25, N'1', 0)
INSERT [dbo].[AspNetPermissionRoleAssociation] ([ID], [PermissionID], [RoleID], [Active]) VALUES (27, 26, N'1', 0)
INSERT [dbo].[AspNetPermissionRoleAssociation] ([ID], [PermissionID], [RoleID], [Active]) VALUES (28, 27, N'1', 0)
INSERT [dbo].[AspNetPermissionRoleAssociation] ([ID], [PermissionID], [RoleID], [Active]) VALUES (29, 28, N'1', 1)
INSERT [dbo].[AspNetPermissionRoleAssociation] ([ID], [PermissionID], [RoleID], [Active]) VALUES (30, 29, N'1', 1)
INSERT [dbo].[AspNetPermissionRoleAssociation] ([ID], [PermissionID], [RoleID], [Active]) VALUES (32, 5, N'1', 1)
INSERT [dbo].[AspNetPermissionRoleAssociation] ([ID], [PermissionID], [RoleID], [Active]) VALUES (33, 31, N'1', 1)
INSERT [dbo].[AspNetPermissionRoleAssociation] ([ID], [PermissionID], [RoleID], [Active]) VALUES (34, 32, N'1', 1)
INSERT [dbo].[AspNetPermissionRoleAssociation] ([ID], [PermissionID], [RoleID], [Active]) VALUES (35, 33, N'1', 1)
INSERT [dbo].[AspNetPermissionRoleAssociation] ([ID], [PermissionID], [RoleID], [Active]) VALUES (36, 34, N'1', 1)
INSERT [dbo].[AspNetPermissionRoleAssociation] ([ID], [PermissionID], [RoleID], [Active]) VALUES (37, 4, N'5', 1)
INSERT [dbo].[AspNetPermissionRoleAssociation] ([ID], [PermissionID], [RoleID], [Active]) VALUES (38, 30, N'5', 1)
INSERT [dbo].[AspNetPermissionRoleAssociation] ([ID], [PermissionID], [RoleID], [Active]) VALUES (39, 31, N'5', 1)
INSERT [dbo].[AspNetPermissionRoleAssociation] ([ID], [PermissionID], [RoleID], [Active]) VALUES (40, 32, N'5', 1)
INSERT [dbo].[AspNetPermissionRoleAssociation] ([ID], [PermissionID], [RoleID], [Active]) VALUES (41, 1, N'5', 1)
INSERT [dbo].[AspNetPermissionRoleAssociation] ([ID], [PermissionID], [RoleID], [Active]) VALUES (42, 2, N'5', 1)
INSERT [dbo].[AspNetPermissionRoleAssociation] ([ID], [PermissionID], [RoleID], [Active]) VALUES (43, 3, N'5', 1)
INSERT [dbo].[AspNetPermissionRoleAssociation] ([ID], [PermissionID], [RoleID], [Active]) VALUES (44, 5, N'5', 1)
INSERT [dbo].[AspNetPermissionRoleAssociation] ([ID], [PermissionID], [RoleID], [Active]) VALUES (45, 18, N'5', 1)
INSERT [dbo].[AspNetPermissionRoleAssociation] ([ID], [PermissionID], [RoleID], [Active]) VALUES (46, 19, N'5', 1)
INSERT [dbo].[AspNetPermissionRoleAssociation] ([ID], [PermissionID], [RoleID], [Active]) VALUES (47, 20, N'5', 1)
INSERT [dbo].[AspNetPermissionRoleAssociation] ([ID], [PermissionID], [RoleID], [Active]) VALUES (48, 23, N'5', 1)
INSERT [dbo].[AspNetPermissionRoleAssociation] ([ID], [PermissionID], [RoleID], [Active]) VALUES (49, 33, N'5', 1)
INSERT [dbo].[AspNetPermissionRoleAssociation] ([ID], [PermissionID], [RoleID], [Active]) VALUES (50, 34, N'5', 1)
INSERT [dbo].[AspNetPermissionRoleAssociation] ([ID], [PermissionID], [RoleID], [Active]) VALUES (51, 13, N'5', 1)
INSERT [dbo].[AspNetPermissionRoleAssociation] ([ID], [PermissionID], [RoleID], [Active]) VALUES (52, 12, N'5', 1)
INSERT [dbo].[AspNetPermissionRoleAssociation] ([ID], [PermissionID], [RoleID], [Active]) VALUES (53, 17, N'5', 1)
INSERT [dbo].[AspNetPermissionRoleAssociation] ([ID], [PermissionID], [RoleID], [Active]) VALUES (54, 8, N'5', 1)
INSERT [dbo].[AspNetPermissionRoleAssociation] ([ID], [PermissionID], [RoleID], [Active]) VALUES (55, 9, N'5', 1)
INSERT [dbo].[AspNetPermissionRoleAssociation] ([ID], [PermissionID], [RoleID], [Active]) VALUES (56, 6, N'5', 1)
INSERT [dbo].[AspNetPermissionRoleAssociation] ([ID], [PermissionID], [RoleID], [Active]) VALUES (57, 16, N'5', 1)
INSERT [dbo].[AspNetPermissionRoleAssociation] ([ID], [PermissionID], [RoleID], [Active]) VALUES (58, 7, N'5', 1)
INSERT [dbo].[AspNetPermissionRoleAssociation] ([ID], [PermissionID], [RoleID], [Active]) VALUES (59, 11, N'5', 1)
INSERT [dbo].[AspNetPermissionRoleAssociation] ([ID], [PermissionID], [RoleID], [Active]) VALUES (60, 29, N'5', 1)
INSERT [dbo].[AspNetPermissionRoleAssociation] ([ID], [PermissionID], [RoleID], [Active]) VALUES (61, 10, N'5', 1)
INSERT [dbo].[AspNetPermissionRoleAssociation] ([ID], [PermissionID], [RoleID], [Active]) VALUES (62, 24, N'5', 1)
INSERT [dbo].[AspNetPermissionRoleAssociation] ([ID], [PermissionID], [RoleID], [Active]) VALUES (63, 25, N'5', 1)
INSERT [dbo].[AspNetPermissionRoleAssociation] ([ID], [PermissionID], [RoleID], [Active]) VALUES (64, 26, N'5', 1)
INSERT [dbo].[AspNetPermissionRoleAssociation] ([ID], [PermissionID], [RoleID], [Active]) VALUES (65, 27, N'5', 1)
INSERT [dbo].[AspNetPermissionRoleAssociation] ([ID], [PermissionID], [RoleID], [Active]) VALUES (66, 28, N'5', 1)
INSERT [dbo].[AspNetPermissionRoleAssociation] ([ID], [PermissionID], [RoleID], [Active]) VALUES (67, 30, N'1', 1)
INSERT [dbo].[AspNetPermissionRoleAssociation] ([ID], [PermissionID], [RoleID], [Active]) VALUES (68, 35, N'1', 1)
INSERT [dbo].[AspNetPermissionRoleAssociation] ([ID], [PermissionID], [RoleID], [Active]) VALUES (69, 35, N'5', 1)
INSERT [dbo].[AspNetPermissionRoleAssociation] ([ID], [PermissionID], [RoleID], [Active]) VALUES (70, 36, N'1', 0)
INSERT [dbo].[AspNetPermissionRoleAssociation] ([ID], [PermissionID], [RoleID], [Active]) VALUES (71, 36, N'5', 1)
INSERT [dbo].[AspNetPermissionRoleAssociation] ([ID], [PermissionID], [RoleID], [Active]) VALUES (72, 37, N'1', 1)
INSERT [dbo].[AspNetPermissionRoleAssociation] ([ID], [PermissionID], [RoleID], [Active]) VALUES (73, 37, N'5', 1)
INSERT [dbo].[AspNetPermissionRoleAssociation] ([ID], [PermissionID], [RoleID], [Active]) VALUES (76, 32, N'7', 1)
INSERT [dbo].[AspNetPermissionRoleAssociation] ([ID], [PermissionID], [RoleID], [Active]) VALUES (77, 13, N'7', 1)
INSERT [dbo].[AspNetPermissionRoleAssociation] ([ID], [PermissionID], [RoleID], [Active]) VALUES (78, 38, N'1', 1)
INSERT [dbo].[AspNetPermissionRoleAssociation] ([ID], [PermissionID], [RoleID], [Active]) VALUES (79, 38, N'5', 1)
INSERT [dbo].[AspNetPermissionRoleAssociation] ([ID], [PermissionID], [RoleID], [Active]) VALUES (80, 39, N'1', 1)
INSERT [dbo].[AspNetPermissionRoleAssociation] ([ID], [PermissionID], [RoleID], [Active]) VALUES (81, 39, N'5', 1)
INSERT [dbo].[AspNetPermissionRoleAssociation] ([ID], [PermissionID], [RoleID], [Active]) VALUES (82, 40, N'1', 1)
INSERT [dbo].[AspNetPermissionRoleAssociation] ([ID], [PermissionID], [RoleID], [Active]) VALUES (83, 40, N'5', 1)
INSERT [dbo].[AspNetPermissionRoleAssociation] ([ID], [PermissionID], [RoleID], [Active]) VALUES (84, 41, N'1', 1)
INSERT [dbo].[AspNetPermissionRoleAssociation] ([ID], [PermissionID], [RoleID], [Active]) VALUES (85, 41, N'5', 1)
INSERT [dbo].[AspNetPermissionRoleAssociation] ([ID], [PermissionID], [RoleID], [Active]) VALUES (86, 42, N'1', 1)
INSERT [dbo].[AspNetPermissionRoleAssociation] ([ID], [PermissionID], [RoleID], [Active]) VALUES (87, 42, N'5', 1)
INSERT [dbo].[AspNetPermissionRoleAssociation] ([ID], [PermissionID], [RoleID], [Active]) VALUES (88, 43, N'1', 1)
INSERT [dbo].[AspNetPermissionRoleAssociation] ([ID], [PermissionID], [RoleID], [Active]) VALUES (89, 43, N'5', 1)
INSERT [dbo].[AspNetPermissionRoleAssociation] ([ID], [PermissionID], [RoleID], [Active]) VALUES (90, 44, N'1', 1)
INSERT [dbo].[AspNetPermissionRoleAssociation] ([ID], [PermissionID], [RoleID], [Active]) VALUES (91, 44, N'5', 1)
INSERT [dbo].[AspNetPermissionRoleAssociation] ([ID], [PermissionID], [RoleID], [Active]) VALUES (92, 45, N'5', 1)
INSERT [dbo].[AspNetPermissionRoleAssociation] ([ID], [PermissionID], [RoleID], [Active]) VALUES (93, 46, N'5', 1)
INSERT [dbo].[AspNetPermissionRoleAssociation] ([ID], [PermissionID], [RoleID], [Active]) VALUES (94, 46, N'1', 1)
SET IDENTITY_INSERT [dbo].[AspNetPermissionRoleAssociation] OFF
INSERT [dbo].[AspNetRoles] ([Id], [ConcurrencyStamp], [Name], [NormalizedName]) VALUES (N'1', NULL, N'Administrator', NULL)
INSERT [dbo].[AspNetRoles] ([Id], [ConcurrencyStamp], [Name], [NormalizedName]) VALUES (N'2', NULL, N'Employee', NULL)
INSERT [dbo].[AspNetRoles] ([Id], [ConcurrencyStamp], [Name], [NormalizedName]) VALUES (N'3', NULL, N'Read-Only', NULL)
INSERT [dbo].[AspNetRoles] ([Id], [ConcurrencyStamp], [Name], [NormalizedName]) VALUES (N'4', NULL, N'CustomerService', NULL)
INSERT [dbo].[AspNetRoles] ([Id], [ConcurrencyStamp], [Name], [NormalizedName]) VALUES (N'5', NULL, N'Super Admin', NULL)
INSERT [dbo].[AspNetRoles] ([Id], [ConcurrencyStamp], [Name], [NormalizedName]) VALUES (N'7', NULL, N'Warranty Processor', NULL)
SET IDENTITY_INSERT [dbo].[Carrier] ON 

INSERT [dbo].[Carrier] ([ID], [CarrierName], [NarvarCarrier], [CarrierCode], [Active], [RegionID], [ProshipEnabled], [PeakStart], [PeakEnd], [PeakFee]) VALUES (1, N'Fedex', N'fedex', N'FDEG', 1, 1, 0, NULL, NULL, NULL)
INSERT [dbo].[Carrier] ([ID], [CarrierName], [NarvarCarrier], [CarrierCode], [Active], [RegionID], [ProshipEnabled], [PeakStart], [PeakEnd], [PeakFee]) VALUES (2, N'USPS', N'usps', N'USPS', 0, 1, 0, NULL, NULL, NULL)
INSERT [dbo].[Carrier] ([ID], [CarrierName], [NarvarCarrier], [CarrierCode], [Active], [RegionID], [ProshipEnabled], [PeakStart], [PeakEnd], [PeakFee]) VALUES (3, N'UPS', N'ups', N'UPSN', 1, 1, 0, NULL, NULL, NULL)
INSERT [dbo].[Carrier] ([ID], [CarrierName], [NarvarCarrier], [CarrierCode], [Active], [RegionID], [ProshipEnabled], [PeakStart], [PeakEnd], [PeakFee]) VALUES (4, N'PitneyBowes', N'usps', N'PB', 1, 1, 0, NULL, NULL, NULL)
INSERT [dbo].[Carrier] ([ID], [CarrierName], [NarvarCarrier], [CarrierCode], [Active], [RegionID], [ProshipEnabled], [PeakStart], [PeakEnd], [PeakFee]) VALUES (6, N'OnTrac', N'usps', N'OTC', 1, 1, 0, NULL, NULL, NULL)
INSERT [dbo].[Carrier] ([ID], [CarrierName], [NarvarCarrier], [CarrierCode], [Active], [RegionID], [ProshipEnabled], [PeakStart], [PeakEnd], [PeakFee]) VALUES (7, N'CHR', N'CHR', N'CHR', 1, 1, 0, NULL, NULL, NULL)
INSERT [dbo].[Carrier] ([ID], [CarrierName], [NarvarCarrier], [CarrierCode], [Active], [RegionID], [ProshipEnabled], [PeakStart], [PeakEnd], [PeakFee]) VALUES (8, N'StarTrack', N'STK', N'STK', 1, 3, 0, NULL, NULL, NULL)
INSERT [dbo].[Carrier] ([ID], [CarrierName], [NarvarCarrier], [CarrierCode], [Active], [RegionID], [ProshipEnabled], [PeakStart], [PeakEnd], [PeakFee]) VALUES (9, N'Lone Star Overnight', N'Lonestar', N'LSO', 1, 1, 0, NULL, NULL, NULL)
INSERT [dbo].[Carrier] ([ID], [CarrierName], [NarvarCarrier], [CarrierCode], [Active], [RegionID], [ProshipEnabled], [PeakStart], [PeakEnd], [PeakFee]) VALUES (10, N'UPS', N'UPS', N'UPSN', 1, 2, 0, NULL, NULL, NULL)
INSERT [dbo].[Carrier] ([ID], [CarrierName], [NarvarCarrier], [CarrierCode], [Active], [RegionID], [ProshipEnabled], [PeakStart], [PeakEnd], [PeakFee]) VALUES (11, N'DPD', N'DPD', N'DPD', 1, 1, 0, NULL, NULL, NULL)
SET IDENTITY_INSERT [dbo].[Carrier] OFF
SET IDENTITY_INSERT [dbo].[CategoryStatusCode] ON 

INSERT [dbo].[CategoryStatusCode] ([ID], [StatusCodeID], [StatusCategoryID]) VALUES (1, 1, 1)
INSERT [dbo].[CategoryStatusCode] ([ID], [StatusCodeID], [StatusCategoryID]) VALUES (2, 2, 1)
INSERT [dbo].[CategoryStatusCode] ([ID], [StatusCodeID], [StatusCategoryID]) VALUES (3, 3, 1)
INSERT [dbo].[CategoryStatusCode] ([ID], [StatusCodeID], [StatusCategoryID]) VALUES (4, 4, 1)
INSERT [dbo].[CategoryStatusCode] ([ID], [StatusCodeID], [StatusCategoryID]) VALUES (5, 5, 1)
INSERT [dbo].[CategoryStatusCode] ([ID], [StatusCodeID], [StatusCategoryID]) VALUES (6, 6, 1)
INSERT [dbo].[CategoryStatusCode] ([ID], [StatusCodeID], [StatusCategoryID]) VALUES (7, 7, 1)
INSERT [dbo].[CategoryStatusCode] ([ID], [StatusCodeID], [StatusCategoryID]) VALUES (8, 8, 1)
INSERT [dbo].[CategoryStatusCode] ([ID], [StatusCodeID], [StatusCategoryID]) VALUES (9, 9, 2)
INSERT [dbo].[CategoryStatusCode] ([ID], [StatusCodeID], [StatusCategoryID]) VALUES (10, 10, 2)
SET IDENTITY_INSERT [dbo].[CategoryStatusCode] OFF
SET IDENTITY_INSERT [dbo].[CountryCode_LU] ON 

INSERT [dbo].[CountryCode_LU] ([ID], [Country], [CountryCode], [CurrencyCode], [Primary], [CountryCodeA3], [IsISOStandard], [WHMCurrencyCode], [IsHybris]) VALUES (1, N'Afghanistan', N'AF', N'AFN', 1, N'AFG', 1, N'AFN', 0)
INSERT [dbo].[CountryCode_LU] ([ID], [Country], [CountryCode], [CurrencyCode], [Primary], [CountryCodeA3], [IsISOStandard], [WHMCurrencyCode], [IsHybris]) VALUES (2, N'Albania', N'AL', N'ALL', 1, N'ALB', 1, N'ALL', 0)
INSERT [dbo].[CountryCode_LU] ([ID], [Country], [CountryCode], [CurrencyCode], [Primary], [CountryCodeA3], [IsISOStandard], [WHMCurrencyCode], [IsHybris]) VALUES (3, N'Algeria', N'DZ', N'DZD', 1, N'DZA', 1, N'DZD', 0)
INSERT [dbo].[CountryCode_LU] ([ID], [Country], [CountryCode], [CurrencyCode], [Primary], [CountryCodeA3], [IsISOStandard], [WHMCurrencyCode], [IsHybris]) VALUES (4, N'American Samoa', N'AS', N'USD', 1, N'ASM', 1, N'USD', 0)
INSERT [dbo].[CountryCode_LU] ([ID], [Country], [CountryCode], [CurrencyCode], [Primary], [CountryCodeA3], [IsISOStandard], [WHMCurrencyCode], [IsHybris]) VALUES (5, N'Andorra', N'AD', N'EUR', 1, N'AND', 1, N'EUR', 0)
INSERT [dbo].[CountryCode_LU] ([ID], [Country], [CountryCode], [CurrencyCode], [Primary], [CountryCodeA3], [IsISOStandard], [WHMCurrencyCode], [IsHybris]) VALUES (6, N'Angola', N'AO', N'AOA', 1, N'AGO', 1, N'AOA', 0)
INSERT [dbo].[CountryCode_LU] ([ID], [Country], [CountryCode], [CurrencyCode], [Primary], [CountryCodeA3], [IsISOStandard], [WHMCurrencyCode], [IsHybris]) VALUES (7, N'Anguilla', N'AI', N'XCD', 1, N'AIA', 1, N'XCD', 0)
INSERT [dbo].[CountryCode_LU] ([ID], [Country], [CountryCode], [CurrencyCode], [Primary], [CountryCodeA3], [IsISOStandard], [WHMCurrencyCode], [IsHybris]) VALUES (8, N'Antarctica', N'AQ', N'XCD', 1, N'ATA', 1, N'XCD', 0)
INSERT [dbo].[CountryCode_LU] ([ID], [Country], [CountryCode], [CurrencyCode], [Primary], [CountryCodeA3], [IsISOStandard], [WHMCurrencyCode], [IsHybris]) VALUES (9, N'Antigua and Barbuda', N'AG', N'XCD', 1, N'ATG', 1, N'XCD', 0)
INSERT [dbo].[CountryCode_LU] ([ID], [Country], [CountryCode], [CurrencyCode], [Primary], [CountryCodeA3], [IsISOStandard], [WHMCurrencyCode], [IsHybris]) VALUES (10, N'Argentina', N'AR', N'ARS', 1, N'ARG', 1, N'ARS', 0)
INSERT [dbo].[CountryCode_LU] ([ID], [Country], [CountryCode], [CurrencyCode], [Primary], [CountryCodeA3], [IsISOStandard], [WHMCurrencyCode], [IsHybris]) VALUES (11, N'Armenia', N'AM', N'AMD', 1, N'ARM', 1, N'AMD', 0)
INSERT [dbo].[CountryCode_LU] ([ID], [Country], [CountryCode], [CurrencyCode], [Primary], [CountryCodeA3], [IsISOStandard], [WHMCurrencyCode], [IsHybris]) VALUES (12, N'Aruba', N'AW', N'AWG', 1, N'ABW', 1, N'AWG', 0)
INSERT [dbo].[CountryCode_LU] ([ID], [Country], [CountryCode], [CurrencyCode], [Primary], [CountryCodeA3], [IsISOStandard], [WHMCurrencyCode], [IsHybris]) VALUES (13, N'Australia', N'AU', N'AUD', 1, N'AUS', 1, N'AUD', 0)
INSERT [dbo].[CountryCode_LU] ([ID], [Country], [CountryCode], [CurrencyCode], [Primary], [CountryCodeA3], [IsISOStandard], [WHMCurrencyCode], [IsHybris]) VALUES (14, N'Austria', N'AT', N'EUR', 1, N'AUT', 1, N'EUR', 0)
INSERT [dbo].[CountryCode_LU] ([ID], [Country], [CountryCode], [CurrencyCode], [Primary], [CountryCodeA3], [IsISOStandard], [WHMCurrencyCode], [IsHybris]) VALUES (15, N'Azerbaijan', N'AZ', N'AZN', 1, N'AZE', 1, N'AZN', 0)
INSERT [dbo].[CountryCode_LU] ([ID], [Country], [CountryCode], [CurrencyCode], [Primary], [CountryCodeA3], [IsISOStandard], [WHMCurrencyCode], [IsHybris]) VALUES (16, N'Bahamas', N'BS', N'BSD', 1, N'BHS', 1, N'BSD', 0)
INSERT [dbo].[CountryCode_LU] ([ID], [Country], [CountryCode], [CurrencyCode], [Primary], [CountryCodeA3], [IsISOStandard], [WHMCurrencyCode], [IsHybris]) VALUES (17, N'Bahrain', N'BH', N'BHD', 1, N'BHR', 1, N'BHD', 0)
INSERT [dbo].[CountryCode_LU] ([ID], [Country], [CountryCode], [CurrencyCode], [Primary], [CountryCodeA3], [IsISOStandard], [WHMCurrencyCode], [IsHybris]) VALUES (18, N'Bangladesh', N'BD', N'BDT', 1, N'BGD', 1, N'BDT', 0)
INSERT [dbo].[CountryCode_LU] ([ID], [Country], [CountryCode], [CurrencyCode], [Primary], [CountryCodeA3], [IsISOStandard], [WHMCurrencyCode], [IsHybris]) VALUES (19, N'Barbados', N'BB', N'BBD', 1, N'BRB', 1, N'BBD', 0)
INSERT [dbo].[CountryCode_LU] ([ID], [Country], [CountryCode], [CurrencyCode], [Primary], [CountryCodeA3], [IsISOStandard], [WHMCurrencyCode], [IsHybris]) VALUES (20, N'Belarus', N'BY', N'BYR', 1, N'BLR', 1, N'BYR', 0)
INSERT [dbo].[CountryCode_LU] ([ID], [Country], [CountryCode], [CurrencyCode], [Primary], [CountryCodeA3], [IsISOStandard], [WHMCurrencyCode], [IsHybris]) VALUES (21, N'Belgium', N'BE', N'EUR', 1, N'BEL', 1, N'EUR', 0)
INSERT [dbo].[CountryCode_LU] ([ID], [Country], [CountryCode], [CurrencyCode], [Primary], [CountryCodeA3], [IsISOStandard], [WHMCurrencyCode], [IsHybris]) VALUES (22, N'Belize', N'BZ', N'BZD', 1, N'BLZ', 1, N'BZD', 0)
INSERT [dbo].[CountryCode_LU] ([ID], [Country], [CountryCode], [CurrencyCode], [Primary], [CountryCodeA3], [IsISOStandard], [WHMCurrencyCode], [IsHybris]) VALUES (23, N'Benin', N'BJ', N'XOF', 1, N'BEN', 1, N'XOF', 0)
INSERT [dbo].[CountryCode_LU] ([ID], [Country], [CountryCode], [CurrencyCode], [Primary], [CountryCodeA3], [IsISOStandard], [WHMCurrencyCode], [IsHybris]) VALUES (24, N'Bermuda', N'BM', N'BMD', 1, N'BMU', 1, N'BMD', 0)
INSERT [dbo].[CountryCode_LU] ([ID], [Country], [CountryCode], [CurrencyCode], [Primary], [CountryCodeA3], [IsISOStandard], [WHMCurrencyCode], [IsHybris]) VALUES (25, N'Bhutan', N'BT', N'BTN', 1, N'BTN', 1, N'BTN', 0)
INSERT [dbo].[CountryCode_LU] ([ID], [Country], [CountryCode], [CurrencyCode], [Primary], [CountryCodeA3], [IsISOStandard], [WHMCurrencyCode], [IsHybris]) VALUES (26, N'Bolivia', N'BO', N'BOB', 1, N'BOL', 1, N'BOB', 0)
INSERT [dbo].[CountryCode_LU] ([ID], [Country], [CountryCode], [CurrencyCode], [Primary], [CountryCodeA3], [IsISOStandard], [WHMCurrencyCode], [IsHybris]) VALUES (27, N'Bosnia and Herzegovina', N'BA', N'BAM', 1, N'BIH', 1, N'BAM', 0)
INSERT [dbo].[CountryCode_LU] ([ID], [Country], [CountryCode], [CurrencyCode], [Primary], [CountryCodeA3], [IsISOStandard], [WHMCurrencyCode], [IsHybris]) VALUES (28, N'Botswana', N'BW', N'BWP', 1, N'BWA', 1, N'BWP', 0)
INSERT [dbo].[CountryCode_LU] ([ID], [Country], [CountryCode], [CurrencyCode], [Primary], [CountryCodeA3], [IsISOStandard], [WHMCurrencyCode], [IsHybris]) VALUES (29, N'Bouvet Island', N'BV', N'NOK', 1, N'BVT', 1, N'EUR', 0)
INSERT [dbo].[CountryCode_LU] ([ID], [Country], [CountryCode], [CurrencyCode], [Primary], [CountryCodeA3], [IsISOStandard], [WHMCurrencyCode], [IsHybris]) VALUES (30, N'Brazil', N'BR', N'BRL', 1, N'BRA', 1, N'BRL', 0)
INSERT [dbo].[CountryCode_LU] ([ID], [Country], [CountryCode], [CurrencyCode], [Primary], [CountryCodeA3], [IsISOStandard], [WHMCurrencyCode], [IsHybris]) VALUES (31, N'British Indian Ocean Territory', N'IO', N'USD', 1, N'IOT', 1, N'USD', 0)
INSERT [dbo].[CountryCode_LU] ([ID], [Country], [CountryCode], [CurrencyCode], [Primary], [CountryCodeA3], [IsISOStandard], [WHMCurrencyCode], [IsHybris]) VALUES (32, N'Brunei Darussalam', N'BN', N'BND', 1, N'BRN', 1, N'BND', 0)
INSERT [dbo].[CountryCode_LU] ([ID], [Country], [CountryCode], [CurrencyCode], [Primary], [CountryCodeA3], [IsISOStandard], [WHMCurrencyCode], [IsHybris]) VALUES (33, N'Bulgaria', N'BG', N'BGN', 1, N'BGR', 1, N'BGN', 0)
INSERT [dbo].[CountryCode_LU] ([ID], [Country], [CountryCode], [CurrencyCode], [Primary], [CountryCodeA3], [IsISOStandard], [WHMCurrencyCode], [IsHybris]) VALUES (34, N'Burkina Faso', N'BF', N'XOF', 1, N'BFA', 1, N'XOF', 0)
INSERT [dbo].[CountryCode_LU] ([ID], [Country], [CountryCode], [CurrencyCode], [Primary], [CountryCodeA3], [IsISOStandard], [WHMCurrencyCode], [IsHybris]) VALUES (35, N'Burundi', N'BI', N'BIF', 1, N'BDI', 1, N'BIF', 0)
INSERT [dbo].[CountryCode_LU] ([ID], [Country], [CountryCode], [CurrencyCode], [Primary], [CountryCodeA3], [IsISOStandard], [WHMCurrencyCode], [IsHybris]) VALUES (36, N'Cambodia', N'KH', N'KHR', 1, N'KHM', 1, N'KHR', 0)
INSERT [dbo].[CountryCode_LU] ([ID], [Country], [CountryCode], [CurrencyCode], [Primary], [CountryCodeA3], [IsISOStandard], [WHMCurrencyCode], [IsHybris]) VALUES (37, N'Cameroon', N'CM', N'XAF', 1, N'CMR', 1, N'XAF', 0)
INSERT [dbo].[CountryCode_LU] ([ID], [Country], [CountryCode], [CurrencyCode], [Primary], [CountryCodeA3], [IsISOStandard], [WHMCurrencyCode], [IsHybris]) VALUES (38, N'Canada', N'CA', N'CAD', 1, N'CAN', 1, N'USD', 0)
INSERT [dbo].[CountryCode_LU] ([ID], [Country], [CountryCode], [CurrencyCode], [Primary], [CountryCodeA3], [IsISOStandard], [WHMCurrencyCode], [IsHybris]) VALUES (39, N'Cape Verde', N'CV', N'CVE', 1, N'CPV', 1, N'CVE', 0)
INSERT [dbo].[CountryCode_LU] ([ID], [Country], [CountryCode], [CurrencyCode], [Primary], [CountryCodeA3], [IsISOStandard], [WHMCurrencyCode], [IsHybris]) VALUES (40, N'Cayman Islands', N'KY', N'KYD', 1, N'CYM', 1, N'KYD', 0)
INSERT [dbo].[CountryCode_LU] ([ID], [Country], [CountryCode], [CurrencyCode], [Primary], [CountryCodeA3], [IsISOStandard], [WHMCurrencyCode], [IsHybris]) VALUES (41, N'Central African Republic', N'CF', N'XAF', 1, N'CAF', 1, N'XAF', 0)
INSERT [dbo].[CountryCode_LU] ([ID], [Country], [CountryCode], [CurrencyCode], [Primary], [CountryCodeA3], [IsISOStandard], [WHMCurrencyCode], [IsHybris]) VALUES (42, N'Chad', N'TD', N'XAF', 1, N'TCD', 1, N'XAF', 0)
INSERT [dbo].[CountryCode_LU] ([ID], [Country], [CountryCode], [CurrencyCode], [Primary], [CountryCodeA3], [IsISOStandard], [WHMCurrencyCode], [IsHybris]) VALUES (43, N'Chile', N'CL', N'CLP', 1, N'CHL', 1, N'CLP', 0)
INSERT [dbo].[CountryCode_LU] ([ID], [Country], [CountryCode], [CurrencyCode], [Primary], [CountryCodeA3], [IsISOStandard], [WHMCurrencyCode], [IsHybris]) VALUES (44, N'China', N'CN', N'CNY', 1, N'CHN', 1, N'CNY', 0)
INSERT [dbo].[CountryCode_LU] ([ID], [Country], [CountryCode], [CurrencyCode], [Primary], [CountryCodeA3], [IsISOStandard], [WHMCurrencyCode], [IsHybris]) VALUES (45, N'Hong Kong', N'HK', N'HKD', 1, N'HKG', 1, N'HKD', 0)
INSERT [dbo].[CountryCode_LU] ([ID], [Country], [CountryCode], [CurrencyCode], [Primary], [CountryCodeA3], [IsISOStandard], [WHMCurrencyCode], [IsHybris]) VALUES (46, N'Macu', N'MO', N'MOP', 1, N'MAC', 1, N'MOP', 0)
INSERT [dbo].[CountryCode_LU] ([ID], [Country], [CountryCode], [CurrencyCode], [Primary], [CountryCodeA3], [IsISOStandard], [WHMCurrencyCode], [IsHybris]) VALUES (47, N'Christmas Island', N'CX', N'AUD', 1, N'CXR', 1, N'AUD', 0)
INSERT [dbo].[CountryCode_LU] ([ID], [Country], [CountryCode], [CurrencyCode], [Primary], [CountryCodeA3], [IsISOStandard], [WHMCurrencyCode], [IsHybris]) VALUES (48, N'Cocos (Keeling) Islands', N'CC', N'AUD', 1, N'CCK', 1, N'AUD', 0)
INSERT [dbo].[CountryCode_LU] ([ID], [Country], [CountryCode], [CurrencyCode], [Primary], [CountryCodeA3], [IsISOStandard], [WHMCurrencyCode], [IsHybris]) VALUES (49, N'Colombia', N'CO', N'COP', 1, N'COL', 1, N'COP', 0)
INSERT [dbo].[CountryCode_LU] ([ID], [Country], [CountryCode], [CurrencyCode], [Primary], [CountryCodeA3], [IsISOStandard], [WHMCurrencyCode], [IsHybris]) VALUES (50, N'Comoros', N'KM', N'KMF', 1, N'COM', 1, N'KMF', 0)
INSERT [dbo].[CountryCode_LU] ([ID], [Country], [CountryCode], [CurrencyCode], [Primary], [CountryCodeA3], [IsISOStandard], [WHMCurrencyCode], [IsHybris]) VALUES (51, N'Congo (Brazzaville)', N'CG', N'XAF', 1, N'COG', 1, N'XAF', 0)
INSERT [dbo].[CountryCode_LU] ([ID], [Country], [CountryCode], [CurrencyCode], [Primary], [CountryCodeA3], [IsISOStandard], [WHMCurrencyCode], [IsHybris]) VALUES (52, N'Congo', N'CD', N'CDF', 1, N'COD', 1, N'CDF', 0)
INSERT [dbo].[CountryCode_LU] ([ID], [Country], [CountryCode], [CurrencyCode], [Primary], [CountryCodeA3], [IsISOStandard], [WHMCurrencyCode], [IsHybris]) VALUES (53, N'Cook Islands', N'CK', N'NZD', 1, N'COK', 1, N'NZD', 0)
INSERT [dbo].[CountryCode_LU] ([ID], [Country], [CountryCode], [CurrencyCode], [Primary], [CountryCodeA3], [IsISOStandard], [WHMCurrencyCode], [IsHybris]) VALUES (54, N'Costa Rica', N'CR', N'CRC', 1, N'CRI', 1, N'CRC', 0)
INSERT [dbo].[CountryCode_LU] ([ID], [Country], [CountryCode], [CurrencyCode], [Primary], [CountryCodeA3], [IsISOStandard], [WHMCurrencyCode], [IsHybris]) VALUES (55, N'Cte d''Ivoire', N'CI', N'', 1, N'CIV', 1, N'', 0)
INSERT [dbo].[CountryCode_LU] ([ID], [Country], [CountryCode], [CurrencyCode], [Primary], [CountryCodeA3], [IsISOStandard], [WHMCurrencyCode], [IsHybris]) VALUES (56, N'Croatia', N'HR', N'HRK', 1, N'HRV', 1, N'HRK', 0)
INSERT [dbo].[CountryCode_LU] ([ID], [Country], [CountryCode], [CurrencyCode], [Primary], [CountryCodeA3], [IsISOStandard], [WHMCurrencyCode], [IsHybris]) VALUES (57, N'Cuba', N'CU', N'CUP', 1, N'CUB', 1, N'CUP', 0)
INSERT [dbo].[CountryCode_LU] ([ID], [Country], [CountryCode], [CurrencyCode], [Primary], [CountryCodeA3], [IsISOStandard], [WHMCurrencyCode], [IsHybris]) VALUES (58, N'Cyprus', N'CY', N'EUR', 1, N'CYP', 1, N'EUR', 0)
INSERT [dbo].[CountryCode_LU] ([ID], [Country], [CountryCode], [CurrencyCode], [Primary], [CountryCodeA3], [IsISOStandard], [WHMCurrencyCode], [IsHybris]) VALUES (59, N'Czech Republic	', N'CZ', N'CZK', 1, N'CZE', 1, N'CZK', 0)
INSERT [dbo].[CountryCode_LU] ([ID], [Country], [CountryCode], [CurrencyCode], [Primary], [CountryCodeA3], [IsISOStandard], [WHMCurrencyCode], [IsHybris]) VALUES (60, N'Denmark', N'DK', N'DKK', 1, N'DNK', 1, N'GBP', 0)
INSERT [dbo].[CountryCode_LU] ([ID], [Country], [CountryCode], [CurrencyCode], [Primary], [CountryCodeA3], [IsISOStandard], [WHMCurrencyCode], [IsHybris]) VALUES (61, N'Deutschland', N'DE', N'EUR', 0, N'DEU', 1, N'EUR', 0)
INSERT [dbo].[CountryCode_LU] ([ID], [Country], [CountryCode], [CurrencyCode], [Primary], [CountryCodeA3], [IsISOStandard], [WHMCurrencyCode], [IsHybris]) VALUES (62, N'Djibouti', N'DJ', N'DJF', 1, N'DJI', 1, N'DJF', 0)
INSERT [dbo].[CountryCode_LU] ([ID], [Country], [CountryCode], [CurrencyCode], [Primary], [CountryCodeA3], [IsISOStandard], [WHMCurrencyCode], [IsHybris]) VALUES (63, N'Dominica', N'DM', N'XCD', 1, N'DMA', 1, N'XCD', 0)
INSERT [dbo].[CountryCode_LU] ([ID], [Country], [CountryCode], [CurrencyCode], [Primary], [CountryCodeA3], [IsISOStandard], [WHMCurrencyCode], [IsHybris]) VALUES (64, N'Dominican Republic', N'DO', N'DOP', 1, N'DOM', 1, N'DOP', 0)
INSERT [dbo].[CountryCode_LU] ([ID], [Country], [CountryCode], [CurrencyCode], [Primary], [CountryCodeA3], [IsISOStandard], [WHMCurrencyCode], [IsHybris]) VALUES (65, N'Ecuador', N'EC', N'ECS', 1, N'ECU', 1, N'ECS', 0)
INSERT [dbo].[CountryCode_LU] ([ID], [Country], [CountryCode], [CurrencyCode], [Primary], [CountryCodeA3], [IsISOStandard], [WHMCurrencyCode], [IsHybris]) VALUES (66, N'Egypt', N'EG', N'EGP', 1, N'EGY', 1, N'EGP', 0)
INSERT [dbo].[CountryCode_LU] ([ID], [Country], [CountryCode], [CurrencyCode], [Primary], [CountryCodeA3], [IsISOStandard], [WHMCurrencyCode], [IsHybris]) VALUES (67, N'El Salvador', N'SV', N'SVC', 1, N'SLV', 1, N'SVC', 0)
INSERT [dbo].[CountryCode_LU] ([ID], [Country], [CountryCode], [CurrencyCode], [Primary], [CountryCodeA3], [IsISOStandard], [WHMCurrencyCode], [IsHybris]) VALUES (68, N'Equatorial Guinea', N'GQ', N'XAF', 1, N'GNQ', 1, N'XAF', 0)
INSERT [dbo].[CountryCode_LU] ([ID], [Country], [CountryCode], [CurrencyCode], [Primary], [CountryCodeA3], [IsISOStandard], [WHMCurrencyCode], [IsHybris]) VALUES (69, N'Eritrea', N'ER', N'ERN', 1, N'ERI', 1, N'ERN', 0)
INSERT [dbo].[CountryCode_LU] ([ID], [Country], [CountryCode], [CurrencyCode], [Primary], [CountryCodeA3], [IsISOStandard], [WHMCurrencyCode], [IsHybris]) VALUES (70, N'Estonia', N'EE', N'EUR', 1, N'EST', 1, N'EUR', 0)
INSERT [dbo].[CountryCode_LU] ([ID], [Country], [CountryCode], [CurrencyCode], [Primary], [CountryCodeA3], [IsISOStandard], [WHMCurrencyCode], [IsHybris]) VALUES (71, N'Ethiopia', N'ET', N'ETB', 1, N'ETH', 1, N'ETB', 0)
INSERT [dbo].[CountryCode_LU] ([ID], [Country], [CountryCode], [CurrencyCode], [Primary], [CountryCodeA3], [IsISOStandard], [WHMCurrencyCode], [IsHybris]) VALUES (72, N'Falkland Islands (Malvinas)', N'FK', N'FKP', 1, N'FLK', 1, N'FKP', 0)
INSERT [dbo].[CountryCode_LU] ([ID], [Country], [CountryCode], [CurrencyCode], [Primary], [CountryCodeA3], [IsISOStandard], [WHMCurrencyCode], [IsHybris]) VALUES (73, N'Faroe Islands', N'FO', N'DLL', 1, N'FRO', 1, N'DLL', 0)
INSERT [dbo].[CountryCode_LU] ([ID], [Country], [CountryCode], [CurrencyCode], [Primary], [CountryCodeA3], [IsISOStandard], [WHMCurrencyCode], [IsHybris]) VALUES (74, N'Fiji', N'FJ', N'FJD', 1, N'FJI', 1, N'FJD', 0)
INSERT [dbo].[CountryCode_LU] ([ID], [Country], [CountryCode], [CurrencyCode], [Primary], [CountryCodeA3], [IsISOStandard], [WHMCurrencyCode], [IsHybris]) VALUES (75, N'Finland', N'FI', N'EUR', 1, N'FIN', 1, N'GBP', 0)
INSERT [dbo].[CountryCode_LU] ([ID], [Country], [CountryCode], [CurrencyCode], [Primary], [CountryCodeA3], [IsISOStandard], [WHMCurrencyCode], [IsHybris]) VALUES (76, N'France', N'FR', N'EUR', 1, N'FRA', 1, N'EUR', 0)
INSERT [dbo].[CountryCode_LU] ([ID], [Country], [CountryCode], [CurrencyCode], [Primary], [CountryCodeA3], [IsISOStandard], [WHMCurrencyCode], [IsHybris]) VALUES (77, N'French Guiana', N'GF', N'EUR', 1, N'GUF', 1, N'EUR', 0)
INSERT [dbo].[CountryCode_LU] ([ID], [Country], [CountryCode], [CurrencyCode], [Primary], [CountryCodeA3], [IsISOStandard], [WHMCurrencyCode], [IsHybris]) VALUES (78, N'French Polynesia', N'PF', N'EUR', 1, N'PYF', 1, N'EUR', 0)
INSERT [dbo].[CountryCode_LU] ([ID], [Country], [CountryCode], [CurrencyCode], [Primary], [CountryCodeA3], [IsISOStandard], [WHMCurrencyCode], [IsHybris]) VALUES (79, N'French Southern Territories', N'TF', N'EUR', 1, N'ATF', 1, N'EUR', 0)
INSERT [dbo].[CountryCode_LU] ([ID], [Country], [CountryCode], [CurrencyCode], [Primary], [CountryCodeA3], [IsISOStandard], [WHMCurrencyCode], [IsHybris]) VALUES (80, N'Gabon', N'GA', N'XAF', 1, N'GAB', 1, N'XAF', 0)
INSERT [dbo].[CountryCode_LU] ([ID], [Country], [CountryCode], [CurrencyCode], [Primary], [CountryCodeA3], [IsISOStandard], [WHMCurrencyCode], [IsHybris]) VALUES (81, N'Gambia', N'GM', N'GMD', 1, N'GMB', 1, N'GMD', 0)
INSERT [dbo].[CountryCode_LU] ([ID], [Country], [CountryCode], [CurrencyCode], [Primary], [CountryCodeA3], [IsISOStandard], [WHMCurrencyCode], [IsHybris]) VALUES (82, N'Georgia', N'GE', N'GEL', 1, N'GEO', 1, N'GEL', 0)
INSERT [dbo].[CountryCode_LU] ([ID], [Country], [CountryCode], [CurrencyCode], [Primary], [CountryCodeA3], [IsISOStandard], [WHMCurrencyCode], [IsHybris]) VALUES (83, N'Germany', N'DE', N'EUR', 1, N'DEU', 1, N'EUR', 0)
INSERT [dbo].[CountryCode_LU] ([ID], [Country], [CountryCode], [CurrencyCode], [Primary], [CountryCodeA3], [IsISOStandard], [WHMCurrencyCode], [IsHybris]) VALUES (84, N'Ghana', N'GH', N'GHS', 1, N'GHA', 1, N'GHS', 0)
INSERT [dbo].[CountryCode_LU] ([ID], [Country], [CountryCode], [CurrencyCode], [Primary], [CountryCodeA3], [IsISOStandard], [WHMCurrencyCode], [IsHybris]) VALUES (85, N'Gibraltar', N'GI', N'GIP', 1, N'GIB', 1, N'GIP', 0)
INSERT [dbo].[CountryCode_LU] ([ID], [Country], [CountryCode], [CurrencyCode], [Primary], [CountryCodeA3], [IsISOStandard], [WHMCurrencyCode], [IsHybris]) VALUES (86, N'Greece', N'GR', N'EUR', 1, N'GRC', 1, N'EUR', 0)
INSERT [dbo].[CountryCode_LU] ([ID], [Country], [CountryCode], [CurrencyCode], [Primary], [CountryCodeA3], [IsISOStandard], [WHMCurrencyCode], [IsHybris]) VALUES (87, N'Greenland', N'GL', N'DKK', 1, N'GRL', 1, N'DKK', 0)
INSERT [dbo].[CountryCode_LU] ([ID], [Country], [CountryCode], [CurrencyCode], [Primary], [CountryCodeA3], [IsISOStandard], [WHMCurrencyCode], [IsHybris]) VALUES (88, N'Grenada', N'GD', N'XCD', 1, N'GRD', 1, N'XCD', 0)
INSERT [dbo].[CountryCode_LU] ([ID], [Country], [CountryCode], [CurrencyCode], [Primary], [CountryCodeA3], [IsISOStandard], [WHMCurrencyCode], [IsHybris]) VALUES (89, N'Guadeloupe', N'GP', N'EUR', 1, N'GLP', 1, N'EUR', 0)
INSERT [dbo].[CountryCode_LU] ([ID], [Country], [CountryCode], [CurrencyCode], [Primary], [CountryCodeA3], [IsISOStandard], [WHMCurrencyCode], [IsHybris]) VALUES (90, N'Guam', N'GU', N'USD', 1, N'GUM', 1, N'USD', 0)
INSERT [dbo].[CountryCode_LU] ([ID], [Country], [CountryCode], [CurrencyCode], [Primary], [CountryCodeA3], [IsISOStandard], [WHMCurrencyCode], [IsHybris]) VALUES (91, N'Guatemala', N'GT', N'QTQ', 1, N'GTM', 1, N'QTQ', 0)
INSERT [dbo].[CountryCode_LU] ([ID], [Country], [CountryCode], [CurrencyCode], [Primary], [CountryCodeA3], [IsISOStandard], [WHMCurrencyCode], [IsHybris]) VALUES (92, N'Guernsey', N'GG', N'GGP', 1, N'GGY', 1, N'GGP', 0)
INSERT [dbo].[CountryCode_LU] ([ID], [Country], [CountryCode], [CurrencyCode], [Primary], [CountryCodeA3], [IsISOStandard], [WHMCurrencyCode], [IsHybris]) VALUES (93, N'Guinea', N'GN', N'GNF', 1, N'GIN', 1, N'GNF', 0)
INSERT [dbo].[CountryCode_LU] ([ID], [Country], [CountryCode], [CurrencyCode], [Primary], [CountryCodeA3], [IsISOStandard], [WHMCurrencyCode], [IsHybris]) VALUES (94, N'Guinea-Bissau', N'GW', N'GWP', 1, N'GNB', 1, N'GWP', 0)
INSERT [dbo].[CountryCode_LU] ([ID], [Country], [CountryCode], [CurrencyCode], [Primary], [CountryCodeA3], [IsISOStandard], [WHMCurrencyCode], [IsHybris]) VALUES (95, N'Guyana', N'GY', N'GYD', 1, N'GUY', 1, N'GYD', 0)
INSERT [dbo].[CountryCode_LU] ([ID], [Country], [CountryCode], [CurrencyCode], [Primary], [CountryCodeA3], [IsISOStandard], [WHMCurrencyCode], [IsHybris]) VALUES (96, N'Haiti', N'HT', N'HTG', 1, N'HTI', 1, N'HTG', 0)
INSERT [dbo].[CountryCode_LU] ([ID], [Country], [CountryCode], [CurrencyCode], [Primary], [CountryCodeA3], [IsISOStandard], [WHMCurrencyCode], [IsHybris]) VALUES (97, N'Heard Island and Mcdonald Islands', N'HM', N'AUD', 1, N'HMD', 1, N'AUD', 0)
INSERT [dbo].[CountryCode_LU] ([ID], [Country], [CountryCode], [CurrencyCode], [Primary], [CountryCodeA3], [IsISOStandard], [WHMCurrencyCode], [IsHybris]) VALUES (98, N'Holy See', N'VA', N'', 1, N'VAT', 1, N'', 0)
INSERT [dbo].[CountryCode_LU] ([ID], [Country], [CountryCode], [CurrencyCode], [Primary], [CountryCodeA3], [IsISOStandard], [WHMCurrencyCode], [IsHybris]) VALUES (99, N'Honduras', N'HN', N'HNL', 1, N'HND', 1, N'HNL', 0)
GO
INSERT [dbo].[CountryCode_LU] ([ID], [Country], [CountryCode], [CurrencyCode], [Primary], [CountryCodeA3], [IsISOStandard], [WHMCurrencyCode], [IsHybris]) VALUES (100, N'Hungary', N'HU', N'HUF', 1, N'HUN', 1, N'HUF', 0)
INSERT [dbo].[CountryCode_LU] ([ID], [Country], [CountryCode], [CurrencyCode], [Primary], [CountryCodeA3], [IsISOStandard], [WHMCurrencyCode], [IsHybris]) VALUES (101, N'Iceland', N'IS', N'ISK', 1, N'ISL', 1, N'ISK', 0)
INSERT [dbo].[CountryCode_LU] ([ID], [Country], [CountryCode], [CurrencyCode], [Primary], [CountryCodeA3], [IsISOStandard], [WHMCurrencyCode], [IsHybris]) VALUES (102, N'India', N'IN', N'INR', 1, N'IND', 1, N'INR', 0)
INSERT [dbo].[CountryCode_LU] ([ID], [Country], [CountryCode], [CurrencyCode], [Primary], [CountryCodeA3], [IsISOStandard], [WHMCurrencyCode], [IsHybris]) VALUES (103, N'Indonesia', N'ID', N'IDR', 1, N'IDN', 1, N'IDR', 0)
INSERT [dbo].[CountryCode_LU] ([ID], [Country], [CountryCode], [CurrencyCode], [Primary], [CountryCodeA3], [IsISOStandard], [WHMCurrencyCode], [IsHybris]) VALUES (104, N'Iran', N'IR', N'IRR', 1, N'IRN', 1, N'IRR', 0)
INSERT [dbo].[CountryCode_LU] ([ID], [Country], [CountryCode], [CurrencyCode], [Primary], [CountryCodeA3], [IsISOStandard], [WHMCurrencyCode], [IsHybris]) VALUES (105, N'Iraq', N'IQ', N'IQD', 1, N'IRQ', 1, N'IQD', 0)
INSERT [dbo].[CountryCode_LU] ([ID], [Country], [CountryCode], [CurrencyCode], [Primary], [CountryCodeA3], [IsISOStandard], [WHMCurrencyCode], [IsHybris]) VALUES (106, N'Ireland', N'IE', N'EUR', 1, N'IRL', 1, N'GBP', 0)
INSERT [dbo].[CountryCode_LU] ([ID], [Country], [CountryCode], [CurrencyCode], [Primary], [CountryCodeA3], [IsISOStandard], [WHMCurrencyCode], [IsHybris]) VALUES (107, N'Isle of Man', N'IM', N'GBP', 1, N'IMN', 1, N'GBP', 0)
INSERT [dbo].[CountryCode_LU] ([ID], [Country], [CountryCode], [CurrencyCode], [Primary], [CountryCodeA3], [IsISOStandard], [WHMCurrencyCode], [IsHybris]) VALUES (108, N'Israel', N'IL', N'ILS', 1, N'ISR', 1, N'ILS', 0)
INSERT [dbo].[CountryCode_LU] ([ID], [Country], [CountryCode], [CurrencyCode], [Primary], [CountryCodeA3], [IsISOStandard], [WHMCurrencyCode], [IsHybris]) VALUES (109, N'Italy', N'IT', N'EUR', 1, N'ITA', 1, N'EUR', 0)
INSERT [dbo].[CountryCode_LU] ([ID], [Country], [CountryCode], [CurrencyCode], [Primary], [CountryCodeA3], [IsISOStandard], [WHMCurrencyCode], [IsHybris]) VALUES (110, N'Jamaica', N'JM', N'JMD', 1, N'JAM', 1, N'JMD', 0)
INSERT [dbo].[CountryCode_LU] ([ID], [Country], [CountryCode], [CurrencyCode], [Primary], [CountryCodeA3], [IsISOStandard], [WHMCurrencyCode], [IsHybris]) VALUES (111, N'Japan', N'JP', N'JYP', 1, N'JPN', 1, N'JYP', 0)
INSERT [dbo].[CountryCode_LU] ([ID], [Country], [CountryCode], [CurrencyCode], [Primary], [CountryCodeA3], [IsISOStandard], [WHMCurrencyCode], [IsHybris]) VALUES (112, N'Jersey', N'JE', N'GBP', 1, N'JEY', 1, N'GBP', 0)
INSERT [dbo].[CountryCode_LU] ([ID], [Country], [CountryCode], [CurrencyCode], [Primary], [CountryCodeA3], [IsISOStandard], [WHMCurrencyCode], [IsHybris]) VALUES (113, N'Jordan', N'JO', N'JOD', 1, N'JOR', 1, N'JOD', 0)
INSERT [dbo].[CountryCode_LU] ([ID], [Country], [CountryCode], [CurrencyCode], [Primary], [CountryCodeA3], [IsISOStandard], [WHMCurrencyCode], [IsHybris]) VALUES (114, N'Kazakhstan', N'KZ', N'KZT', 1, N'KAZ', 1, N'KZT', 0)
INSERT [dbo].[CountryCode_LU] ([ID], [Country], [CountryCode], [CurrencyCode], [Primary], [CountryCodeA3], [IsISOStandard], [WHMCurrencyCode], [IsHybris]) VALUES (115, N'Kenya', N'KE', N'KES', 1, N'KEN', 1, N'KES', 0)
INSERT [dbo].[CountryCode_LU] ([ID], [Country], [CountryCode], [CurrencyCode], [Primary], [CountryCodeA3], [IsISOStandard], [WHMCurrencyCode], [IsHybris]) VALUES (116, N'Kiribati', N'KI', N'AUD', 1, N'KIR', 1, N'AUD', 0)
INSERT [dbo].[CountryCode_LU] ([ID], [Country], [CountryCode], [CurrencyCode], [Primary], [CountryCodeA3], [IsISOStandard], [WHMCurrencyCode], [IsHybris]) VALUES (117, N'Korea', N'KR', N'KRW', 1, N'KOR', 1, N'KRW', 0)
INSERT [dbo].[CountryCode_LU] ([ID], [Country], [CountryCode], [CurrencyCode], [Primary], [CountryCodeA3], [IsISOStandard], [WHMCurrencyCode], [IsHybris]) VALUES (118, N'Kuwait', N'KW', N'KWD', 1, N'KWT', 1, N'KWD', 0)
INSERT [dbo].[CountryCode_LU] ([ID], [Country], [CountryCode], [CurrencyCode], [Primary], [CountryCodeA3], [IsISOStandard], [WHMCurrencyCode], [IsHybris]) VALUES (119, N'Kyrgyzstan', N'KG', N'KGS', 1, N'KGZ', 1, N'KGS', 0)
INSERT [dbo].[CountryCode_LU] ([ID], [Country], [CountryCode], [CurrencyCode], [Primary], [CountryCodeA3], [IsISOStandard], [WHMCurrencyCode], [IsHybris]) VALUES (120, N'Laos', N'LA', N'LAK', 1, N'LAO', 1, N'LAK', 0)
INSERT [dbo].[CountryCode_LU] ([ID], [Country], [CountryCode], [CurrencyCode], [Primary], [CountryCodeA3], [IsISOStandard], [WHMCurrencyCode], [IsHybris]) VALUES (121, N'Latvia', N'LV', N'LVL', 1, N'LVA', 1, N'LVL', 0)
INSERT [dbo].[CountryCode_LU] ([ID], [Country], [CountryCode], [CurrencyCode], [Primary], [CountryCodeA3], [IsISOStandard], [WHMCurrencyCode], [IsHybris]) VALUES (122, N'Lebanon', N'LB', N'LBP', 1, N'LBN', 1, N'LBP', 0)
INSERT [dbo].[CountryCode_LU] ([ID], [Country], [CountryCode], [CurrencyCode], [Primary], [CountryCodeA3], [IsISOStandard], [WHMCurrencyCode], [IsHybris]) VALUES (123, N'Lesotho', N'LS', N'LSL', 1, N'LSO', 1, N'LSL', 0)
INSERT [dbo].[CountryCode_LU] ([ID], [Country], [CountryCode], [CurrencyCode], [Primary], [CountryCodeA3], [IsISOStandard], [WHMCurrencyCode], [IsHybris]) VALUES (124, N'Liberia', N'LR', N'LRD', 1, N'LBR', 1, N'LRD', 0)
INSERT [dbo].[CountryCode_LU] ([ID], [Country], [CountryCode], [CurrencyCode], [Primary], [CountryCodeA3], [IsISOStandard], [WHMCurrencyCode], [IsHybris]) VALUES (125, N'Libya', N'LY', N'LYD', 1, N'LBY', 1, N'LYD', 0)
INSERT [dbo].[CountryCode_LU] ([ID], [Country], [CountryCode], [CurrencyCode], [Primary], [CountryCodeA3], [IsISOStandard], [WHMCurrencyCode], [IsHybris]) VALUES (126, N'Liechtenstein', N'LI', N'CHF', 1, N'LIE', 1, N'CHF', 0)
INSERT [dbo].[CountryCode_LU] ([ID], [Country], [CountryCode], [CurrencyCode], [Primary], [CountryCodeA3], [IsISOStandard], [WHMCurrencyCode], [IsHybris]) VALUES (127, N'Lithuania', N'LT', N'LTL', 1, N'LTU', 1, N'LTL', 0)
INSERT [dbo].[CountryCode_LU] ([ID], [Country], [CountryCode], [CurrencyCode], [Primary], [CountryCodeA3], [IsISOStandard], [WHMCurrencyCode], [IsHybris]) VALUES (128, N'Luxembourg', N'LU', N'EUR', 1, N'LUX', 1, N'EUR', 0)
INSERT [dbo].[CountryCode_LU] ([ID], [Country], [CountryCode], [CurrencyCode], [Primary], [CountryCodeA3], [IsISOStandard], [WHMCurrencyCode], [IsHybris]) VALUES (129, N'Macedonia, Republic of', N'MK', N'MKD', 1, N'MKD', 1, N'MKD', 0)
INSERT [dbo].[CountryCode_LU] ([ID], [Country], [CountryCode], [CurrencyCode], [Primary], [CountryCodeA3], [IsISOStandard], [WHMCurrencyCode], [IsHybris]) VALUES (130, N'Madagascar', N'MG', N'MGF', 1, N'MDG', 1, N'MGF', 0)
INSERT [dbo].[CountryCode_LU] ([ID], [Country], [CountryCode], [CurrencyCode], [Primary], [CountryCodeA3], [IsISOStandard], [WHMCurrencyCode], [IsHybris]) VALUES (131, N'Malawi', N'MW', N'MWK', 1, N'MWI', 1, N'MWK', 0)
INSERT [dbo].[CountryCode_LU] ([ID], [Country], [CountryCode], [CurrencyCode], [Primary], [CountryCodeA3], [IsISOStandard], [WHMCurrencyCode], [IsHybris]) VALUES (132, N'Malaysia', N'MY', N'MYR', 1, N'MYS', 1, N'MYR', 0)
INSERT [dbo].[CountryCode_LU] ([ID], [Country], [CountryCode], [CurrencyCode], [Primary], [CountryCodeA3], [IsISOStandard], [WHMCurrencyCode], [IsHybris]) VALUES (133, N'Maldives', N'MV', N'MVR', 1, N'MDV', 1, N'MVR', 0)
INSERT [dbo].[CountryCode_LU] ([ID], [Country], [CountryCode], [CurrencyCode], [Primary], [CountryCodeA3], [IsISOStandard], [WHMCurrencyCode], [IsHybris]) VALUES (134, N'Mali', N'ML', N'XOF', 1, N'MLI', 1, N'XOF', 0)
INSERT [dbo].[CountryCode_LU] ([ID], [Country], [CountryCode], [CurrencyCode], [Primary], [CountryCodeA3], [IsISOStandard], [WHMCurrencyCode], [IsHybris]) VALUES (135, N'Malta', N'MT', N'EUR', 1, N'MLT', 1, N'EUR', 0)
INSERT [dbo].[CountryCode_LU] ([ID], [Country], [CountryCode], [CurrencyCode], [Primary], [CountryCodeA3], [IsISOStandard], [WHMCurrencyCode], [IsHybris]) VALUES (136, N'Marshall Islands', N'MH', N'USD', 1, N'MHL', 1, N'USD', 0)
INSERT [dbo].[CountryCode_LU] ([ID], [Country], [CountryCode], [CurrencyCode], [Primary], [CountryCodeA3], [IsISOStandard], [WHMCurrencyCode], [IsHybris]) VALUES (137, N'Martinique', N'MQ', N'EUR', 1, N'MTQ', 1, N'EUR', 0)
INSERT [dbo].[CountryCode_LU] ([ID], [Country], [CountryCode], [CurrencyCode], [Primary], [CountryCodeA3], [IsISOStandard], [WHMCurrencyCode], [IsHybris]) VALUES (138, N'Mauritania', N'MR', N'MRO', 1, N'MRT', 1, N'MRO', 0)
INSERT [dbo].[CountryCode_LU] ([ID], [Country], [CountryCode], [CurrencyCode], [Primary], [CountryCodeA3], [IsISOStandard], [WHMCurrencyCode], [IsHybris]) VALUES (139, N'Mauritius', N'MU', N'MUR', 1, N'MUS', 1, N'MUR', 0)
INSERT [dbo].[CountryCode_LU] ([ID], [Country], [CountryCode], [CurrencyCode], [Primary], [CountryCodeA3], [IsISOStandard], [WHMCurrencyCode], [IsHybris]) VALUES (140, N'Mayotte', N'YT', N'EUR', 1, N'MYT', 1, N'EUR', 0)
INSERT [dbo].[CountryCode_LU] ([ID], [Country], [CountryCode], [CurrencyCode], [Primary], [CountryCodeA3], [IsISOStandard], [WHMCurrencyCode], [IsHybris]) VALUES (141, N'Mexico', N'MX', N'MXN', 1, N'MEX', 1, N'MXN', 0)
INSERT [dbo].[CountryCode_LU] ([ID], [Country], [CountryCode], [CurrencyCode], [Primary], [CountryCodeA3], [IsISOStandard], [WHMCurrencyCode], [IsHybris]) VALUES (142, N'Micronesia', N'FM', N'USD', 1, N'FSM', 1, N'USD', 0)
INSERT [dbo].[CountryCode_LU] ([ID], [Country], [CountryCode], [CurrencyCode], [Primary], [CountryCodeA3], [IsISOStandard], [WHMCurrencyCode], [IsHybris]) VALUES (143, N'Moldova', N'MD', N'MDL', 1, N'MDA', 1, N'MDL', 0)
INSERT [dbo].[CountryCode_LU] ([ID], [Country], [CountryCode], [CurrencyCode], [Primary], [CountryCodeA3], [IsISOStandard], [WHMCurrencyCode], [IsHybris]) VALUES (144, N'Monaco', N'MC', N'EUR', 1, N'MCO', 1, N'EUR', 0)
INSERT [dbo].[CountryCode_LU] ([ID], [Country], [CountryCode], [CurrencyCode], [Primary], [CountryCodeA3], [IsISOStandard], [WHMCurrencyCode], [IsHybris]) VALUES (145, N'Mongolia', N'MN', N'MNT', 1, N'MNG', 1, N'MNT', 0)
INSERT [dbo].[CountryCode_LU] ([ID], [Country], [CountryCode], [CurrencyCode], [Primary], [CountryCodeA3], [IsISOStandard], [WHMCurrencyCode], [IsHybris]) VALUES (146, N'Montenegro', N'ME', N'EUR', 1, N'MNE', 1, N'EUR', 0)
INSERT [dbo].[CountryCode_LU] ([ID], [Country], [CountryCode], [CurrencyCode], [Primary], [CountryCodeA3], [IsISOStandard], [WHMCurrencyCode], [IsHybris]) VALUES (147, N'Montserrat', N'MS', N'XCD', 1, N'MSR', 1, N'XCD', 0)
INSERT [dbo].[CountryCode_LU] ([ID], [Country], [CountryCode], [CurrencyCode], [Primary], [CountryCodeA3], [IsISOStandard], [WHMCurrencyCode], [IsHybris]) VALUES (148, N'Morocco', N'MA', N'MAD', 1, N'MAR', 1, N'MAD', 0)
INSERT [dbo].[CountryCode_LU] ([ID], [Country], [CountryCode], [CurrencyCode], [Primary], [CountryCodeA3], [IsISOStandard], [WHMCurrencyCode], [IsHybris]) VALUES (149, N'Mozambique', N'MZ', N'MZN', 1, N'MOZ', 1, N'MZN', 0)
INSERT [dbo].[CountryCode_LU] ([ID], [Country], [CountryCode], [CurrencyCode], [Primary], [CountryCodeA3], [IsISOStandard], [WHMCurrencyCode], [IsHybris]) VALUES (150, N'Myanmar', N'MM', N'MMK', 1, N'MMR', 1, N'MMK', 0)
INSERT [dbo].[CountryCode_LU] ([ID], [Country], [CountryCode], [CurrencyCode], [Primary], [CountryCodeA3], [IsISOStandard], [WHMCurrencyCode], [IsHybris]) VALUES (151, N'Namibia', N'NA', N'NAD', 1, N'NAM', 1, N'NAD', 0)
INSERT [dbo].[CountryCode_LU] ([ID], [Country], [CountryCode], [CurrencyCode], [Primary], [CountryCodeA3], [IsISOStandard], [WHMCurrencyCode], [IsHybris]) VALUES (152, N'Nauru', N'NR', N'AUD', 1, N'NRU', 1, N'AUD', 0)
INSERT [dbo].[CountryCode_LU] ([ID], [Country], [CountryCode], [CurrencyCode], [Primary], [CountryCodeA3], [IsISOStandard], [WHMCurrencyCode], [IsHybris]) VALUES (153, N'Nepal', N'NP', N'NPR', 1, N'NPL', 1, N'NPR', 0)
INSERT [dbo].[CountryCode_LU] ([ID], [Country], [CountryCode], [CurrencyCode], [Primary], [CountryCodeA3], [IsISOStandard], [WHMCurrencyCode], [IsHybris]) VALUES (154, N'Netherland', N'NL', N'EUR', 1, N'NLD', 1, N'EUR', 0)
INSERT [dbo].[CountryCode_LU] ([ID], [Country], [CountryCode], [CurrencyCode], [Primary], [CountryCodeA3], [IsISOStandard], [WHMCurrencyCode], [IsHybris]) VALUES (155, N'Netherlands Antilles', N'AN', N'ANG', 1, N'ANT', 1, N'ANG', 0)
INSERT [dbo].[CountryCode_LU] ([ID], [Country], [CountryCode], [CurrencyCode], [Primary], [CountryCodeA3], [IsISOStandard], [WHMCurrencyCode], [IsHybris]) VALUES (156, N'New Caledonia', N'NC', N'XPF', 1, N'NCL', 1, N'XPF', 0)
INSERT [dbo].[CountryCode_LU] ([ID], [Country], [CountryCode], [CurrencyCode], [Primary], [CountryCodeA3], [IsISOStandard], [WHMCurrencyCode], [IsHybris]) VALUES (157, N'New Zealand', N'NZ', N'NZD', 1, N'NZL', 1, N'NZD', 0)
INSERT [dbo].[CountryCode_LU] ([ID], [Country], [CountryCode], [CurrencyCode], [Primary], [CountryCodeA3], [IsISOStandard], [WHMCurrencyCode], [IsHybris]) VALUES (158, N'Nicaragua', N'NI', N'NIO', 1, N'NIC', 1, N'NIO', 0)
INSERT [dbo].[CountryCode_LU] ([ID], [Country], [CountryCode], [CurrencyCode], [Primary], [CountryCodeA3], [IsISOStandard], [WHMCurrencyCode], [IsHybris]) VALUES (159, N'Niger', N'NE', N'XOF', 1, N'NER', 1, N'XOF', 0)
INSERT [dbo].[CountryCode_LU] ([ID], [Country], [CountryCode], [CurrencyCode], [Primary], [CountryCodeA3], [IsISOStandard], [WHMCurrencyCode], [IsHybris]) VALUES (160, N'Nigeria', N'NG', N'NGN', 1, N'NGA', 1, N'NGN', 0)
INSERT [dbo].[CountryCode_LU] ([ID], [Country], [CountryCode], [CurrencyCode], [Primary], [CountryCodeA3], [IsISOStandard], [WHMCurrencyCode], [IsHybris]) VALUES (161, N'Niue', N'NU', N'NZD', 1, N'NIU', 1, N'NZD', 0)
INSERT [dbo].[CountryCode_LU] ([ID], [Country], [CountryCode], [CurrencyCode], [Primary], [CountryCodeA3], [IsISOStandard], [WHMCurrencyCode], [IsHybris]) VALUES (162, N'Norfolk Island', N'NF', N'AUD', 1, N'NFK', 1, N'AUD', 0)
INSERT [dbo].[CountryCode_LU] ([ID], [Country], [CountryCode], [CurrencyCode], [Primary], [CountryCodeA3], [IsISOStandard], [WHMCurrencyCode], [IsHybris]) VALUES (163, N'Northern Mariana Islands', N'MP', N'USD', 1, N'MNP', 1, N'USD', 0)
INSERT [dbo].[CountryCode_LU] ([ID], [Country], [CountryCode], [CurrencyCode], [Primary], [CountryCodeA3], [IsISOStandard], [WHMCurrencyCode], [IsHybris]) VALUES (164, N'Norway', N'NO', N'NOK', 1, N'NOR', 1, N'EUR', 0)
INSERT [dbo].[CountryCode_LU] ([ID], [Country], [CountryCode], [CurrencyCode], [Primary], [CountryCodeA3], [IsISOStandard], [WHMCurrencyCode], [IsHybris]) VALUES (165, N'Oman', N'OM', N'OMR', 1, N'OMN', 1, N'OMR', 0)
INSERT [dbo].[CountryCode_LU] ([ID], [Country], [CountryCode], [CurrencyCode], [Primary], [CountryCodeA3], [IsISOStandard], [WHMCurrencyCode], [IsHybris]) VALUES (166, N'Pakistan', N'PK', N'PKR', 1, N'PAK', 1, N'PKR', 0)
INSERT [dbo].[CountryCode_LU] ([ID], [Country], [CountryCode], [CurrencyCode], [Primary], [CountryCodeA3], [IsISOStandard], [WHMCurrencyCode], [IsHybris]) VALUES (167, N'Palau', N'PW', N'USD', 1, N'PLW', 1, N'USD', 0)
INSERT [dbo].[CountryCode_LU] ([ID], [Country], [CountryCode], [CurrencyCode], [Primary], [CountryCodeA3], [IsISOStandard], [WHMCurrencyCode], [IsHybris]) VALUES (168, N'Panama', N'PA', N'PAB', 1, N'PAN', 1, N'PAB', 0)
INSERT [dbo].[CountryCode_LU] ([ID], [Country], [CountryCode], [CurrencyCode], [Primary], [CountryCodeA3], [IsISOStandard], [WHMCurrencyCode], [IsHybris]) VALUES (169, N'Papua New Guinea', N'PG', N'PGK', 1, N'PNG', 1, N'PGK', 0)
INSERT [dbo].[CountryCode_LU] ([ID], [Country], [CountryCode], [CurrencyCode], [Primary], [CountryCodeA3], [IsISOStandard], [WHMCurrencyCode], [IsHybris]) VALUES (170, N'Paraguay', N'PY', N'PYG', 1, N'PRY', 1, N'PYG', 0)
INSERT [dbo].[CountryCode_LU] ([ID], [Country], [CountryCode], [CurrencyCode], [Primary], [CountryCodeA3], [IsISOStandard], [WHMCurrencyCode], [IsHybris]) VALUES (171, N'Peru', N'PE', N'PEN', 1, N'PER', 1, N'PEN', 0)
INSERT [dbo].[CountryCode_LU] ([ID], [Country], [CountryCode], [CurrencyCode], [Primary], [CountryCodeA3], [IsISOStandard], [WHMCurrencyCode], [IsHybris]) VALUES (172, N'Philippines', N'PH', N'PHP', 1, N'PHL', 1, N'PHP', 0)
INSERT [dbo].[CountryCode_LU] ([ID], [Country], [CountryCode], [CurrencyCode], [Primary], [CountryCodeA3], [IsISOStandard], [WHMCurrencyCode], [IsHybris]) VALUES (173, N'Pitcairn', N'PN', N'NZD', 1, N'PCN', 1, N'NZD', 0)
INSERT [dbo].[CountryCode_LU] ([ID], [Country], [CountryCode], [CurrencyCode], [Primary], [CountryCodeA3], [IsISOStandard], [WHMCurrencyCode], [IsHybris]) VALUES (174, N'Poland', N'PL', N'PLN', 1, N'POL', 1, N'PLN', 0)
INSERT [dbo].[CountryCode_LU] ([ID], [Country], [CountryCode], [CurrencyCode], [Primary], [CountryCodeA3], [IsISOStandard], [WHMCurrencyCode], [IsHybris]) VALUES (175, N'Portugal', N'PT', N'EUR', 1, N'PRT', 1, N'EUR', 0)
INSERT [dbo].[CountryCode_LU] ([ID], [Country], [CountryCode], [CurrencyCode], [Primary], [CountryCodeA3], [IsISOStandard], [WHMCurrencyCode], [IsHybris]) VALUES (176, N'Puerto Rico', N'PR', N'USD', 1, N'PRI', 1, N'USD', 0)
INSERT [dbo].[CountryCode_LU] ([ID], [Country], [CountryCode], [CurrencyCode], [Primary], [CountryCodeA3], [IsISOStandard], [WHMCurrencyCode], [IsHybris]) VALUES (177, N'Qatar', N'QA', N'QAR', 1, N'QAT', 1, N'QAR', 0)
INSERT [dbo].[CountryCode_LU] ([ID], [Country], [CountryCode], [CurrencyCode], [Primary], [CountryCodeA3], [IsISOStandard], [WHMCurrencyCode], [IsHybris]) VALUES (178, N'Republic Of Ireland', N'IE', N'EUR', 0, N'IRL', 1, N'GBP', 0)
INSERT [dbo].[CountryCode_LU] ([ID], [Country], [CountryCode], [CurrencyCode], [Primary], [CountryCodeA3], [IsISOStandard], [WHMCurrencyCode], [IsHybris]) VALUES (179, N'Runion', N'RE', N'EUR', 1, N'REU', 1, N'EUR', 0)
INSERT [dbo].[CountryCode_LU] ([ID], [Country], [CountryCode], [CurrencyCode], [Primary], [CountryCodeA3], [IsISOStandard], [WHMCurrencyCode], [IsHybris]) VALUES (180, N'Romania', N'RO', N'RON', 1, N'ROU', 1, N'RON', 0)
INSERT [dbo].[CountryCode_LU] ([ID], [Country], [CountryCode], [CurrencyCode], [Primary], [CountryCodeA3], [IsISOStandard], [WHMCurrencyCode], [IsHybris]) VALUES (181, N'Russia', N'RU', N'RUB', 1, N'RUS', 1, N'RUB', 0)
INSERT [dbo].[CountryCode_LU] ([ID], [Country], [CountryCode], [CurrencyCode], [Primary], [CountryCodeA3], [IsISOStandard], [WHMCurrencyCode], [IsHybris]) VALUES (182, N'Rwanda', N'RW', N'RWF', 1, N'RWA', 1, N'RWF', 0)
INSERT [dbo].[CountryCode_LU] ([ID], [Country], [CountryCode], [CurrencyCode], [Primary], [CountryCodeA3], [IsISOStandard], [WHMCurrencyCode], [IsHybris]) VALUES (183, N'Saint-Barthlemy', N'BL', N'EUR', 1, N'BLM', 1, N'EUR', 0)
INSERT [dbo].[CountryCode_LU] ([ID], [Country], [CountryCode], [CurrencyCode], [Primary], [CountryCodeA3], [IsISOStandard], [WHMCurrencyCode], [IsHybris]) VALUES (184, N'Saint Helena', N'SH', N'SHP', 1, N'SHN', 1, N'SHP', 0)
INSERT [dbo].[CountryCode_LU] ([ID], [Country], [CountryCode], [CurrencyCode], [Primary], [CountryCodeA3], [IsISOStandard], [WHMCurrencyCode], [IsHybris]) VALUES (185, N'Saint Kitts and Nevis', N'KN', N'XCD', 1, N'KNA', 1, N'XCD', 0)
INSERT [dbo].[CountryCode_LU] ([ID], [Country], [CountryCode], [CurrencyCode], [Primary], [CountryCodeA3], [IsISOStandard], [WHMCurrencyCode], [IsHybris]) VALUES (186, N'Saint Lucia', N'LC', N'XCD', 1, N'LCA', 1, N'XCD', 0)
INSERT [dbo].[CountryCode_LU] ([ID], [Country], [CountryCode], [CurrencyCode], [Primary], [CountryCodeA3], [IsISOStandard], [WHMCurrencyCode], [IsHybris]) VALUES (187, N'Saint Pierre and Miquelon', N'PM', N'EUR', 1, N'SPM', 1, N'EUR', 0)
INSERT [dbo].[CountryCode_LU] ([ID], [Country], [CountryCode], [CurrencyCode], [Primary], [CountryCodeA3], [IsISOStandard], [WHMCurrencyCode], [IsHybris]) VALUES (188, N'Saint Vincent and Grenadines', N'VC', N'XCD', 1, N'VCT', 1, N'XCD', 0)
INSERT [dbo].[CountryCode_LU] ([ID], [Country], [CountryCode], [CurrencyCode], [Primary], [CountryCodeA3], [IsISOStandard], [WHMCurrencyCode], [IsHybris]) VALUES (189, N'Samoa', N'WS', N'WST', 1, N'WSM', 1, N'WST', 0)
INSERT [dbo].[CountryCode_LU] ([ID], [Country], [CountryCode], [CurrencyCode], [Primary], [CountryCodeA3], [IsISOStandard], [WHMCurrencyCode], [IsHybris]) VALUES (190, N'San Marino', N'SM', N'EUR', 1, N'SMR', 1, N'EUR', 0)
INSERT [dbo].[CountryCode_LU] ([ID], [Country], [CountryCode], [CurrencyCode], [Primary], [CountryCodeA3], [IsISOStandard], [WHMCurrencyCode], [IsHybris]) VALUES (191, N'Sao Tome and Principe', N'ST', N'STD', 1, N'STP', 1, N'STD', 0)
INSERT [dbo].[CountryCode_LU] ([ID], [Country], [CountryCode], [CurrencyCode], [Primary], [CountryCodeA3], [IsISOStandard], [WHMCurrencyCode], [IsHybris]) VALUES (192, N'Saudi Arabia', N'SA', N'SAR', 1, N'SAU', 1, N'SAR', 0)
INSERT [dbo].[CountryCode_LU] ([ID], [Country], [CountryCode], [CurrencyCode], [Primary], [CountryCodeA3], [IsISOStandard], [WHMCurrencyCode], [IsHybris]) VALUES (193, N'Senegal', N'SN', N'XOF', 1, N'SEN', 1, N'XOF', 0)
INSERT [dbo].[CountryCode_LU] ([ID], [Country], [CountryCode], [CurrencyCode], [Primary], [CountryCodeA3], [IsISOStandard], [WHMCurrencyCode], [IsHybris]) VALUES (194, N'Serbia', N'RS', N'RSD', 1, N'SRB', 1, N'RSD', 0)
INSERT [dbo].[CountryCode_LU] ([ID], [Country], [CountryCode], [CurrencyCode], [Primary], [CountryCodeA3], [IsISOStandard], [WHMCurrencyCode], [IsHybris]) VALUES (195, N'Seychelles	', N'SC', N'SCR', 1, N'SYC', 1, N'SCR', 0)
INSERT [dbo].[CountryCode_LU] ([ID], [Country], [CountryCode], [CurrencyCode], [Primary], [CountryCodeA3], [IsISOStandard], [WHMCurrencyCode], [IsHybris]) VALUES (196, N'Sierra Leone', N'SL', N'SLL', 1, N'SLE', 1, N'SLL', 0)
INSERT [dbo].[CountryCode_LU] ([ID], [Country], [CountryCode], [CurrencyCode], [Primary], [CountryCodeA3], [IsISOStandard], [WHMCurrencyCode], [IsHybris]) VALUES (197, N'Singapore', N'SG', N'SGD', 1, N'SGP', 1, N'SGD', 0)
INSERT [dbo].[CountryCode_LU] ([ID], [Country], [CountryCode], [CurrencyCode], [Primary], [CountryCodeA3], [IsISOStandard], [WHMCurrencyCode], [IsHybris]) VALUES (198, N'Slovakia', N'SK', N'EUR', 1, N'SVK', 1, N'EUR', 0)
INSERT [dbo].[CountryCode_LU] ([ID], [Country], [CountryCode], [CurrencyCode], [Primary], [CountryCodeA3], [IsISOStandard], [WHMCurrencyCode], [IsHybris]) VALUES (199, N'Slovenia', N'SI', N'EUR', 1, N'SVN', 1, N'EUR', 0)
GO
INSERT [dbo].[CountryCode_LU] ([ID], [Country], [CountryCode], [CurrencyCode], [Primary], [CountryCodeA3], [IsISOStandard], [WHMCurrencyCode], [IsHybris]) VALUES (200, N'Solomon Islands', N'SB', N'SBD', 1, N'SLB', 1, N'SBD', 0)
INSERT [dbo].[CountryCode_LU] ([ID], [Country], [CountryCode], [CurrencyCode], [Primary], [CountryCodeA3], [IsISOStandard], [WHMCurrencyCode], [IsHybris]) VALUES (201, N'Somalia', N'SO', N'SOS', 1, N'SOM', 1, N'SOS', 0)
INSERT [dbo].[CountryCode_LU] ([ID], [Country], [CountryCode], [CurrencyCode], [Primary], [CountryCodeA3], [IsISOStandard], [WHMCurrencyCode], [IsHybris]) VALUES (202, N'South Africa', N'ZA', N'ZAR', 1, N'ZAF', 1, N'ZAR', 0)
INSERT [dbo].[CountryCode_LU] ([ID], [Country], [CountryCode], [CurrencyCode], [Primary], [CountryCodeA3], [IsISOStandard], [WHMCurrencyCode], [IsHybris]) VALUES (203, N'South Georgia and the South Sandwich Islands', N'GS', N'GBP', 1, N'SGS', 1, N'GBP', 0)
INSERT [dbo].[CountryCode_LU] ([ID], [Country], [CountryCode], [CurrencyCode], [Primary], [CountryCodeA3], [IsISOStandard], [WHMCurrencyCode], [IsHybris]) VALUES (204, N'South Sudan', N'SS', N'SSP', 1, N'SSD', 1, N'SSP', 0)
INSERT [dbo].[CountryCode_LU] ([ID], [Country], [CountryCode], [CurrencyCode], [Primary], [CountryCodeA3], [IsISOStandard], [WHMCurrencyCode], [IsHybris]) VALUES (205, N'Spain', N'ES', N'EUR', 1, N'ESP', 1, N'EUR', 0)
INSERT [dbo].[CountryCode_LU] ([ID], [Country], [CountryCode], [CurrencyCode], [Primary], [CountryCodeA3], [IsISOStandard], [WHMCurrencyCode], [IsHybris]) VALUES (206, N'Sri Lanka', N'LK', N'LKR', 1, N'LKA', 1, N'LKR', 0)
INSERT [dbo].[CountryCode_LU] ([ID], [Country], [CountryCode], [CurrencyCode], [Primary], [CountryCodeA3], [IsISOStandard], [WHMCurrencyCode], [IsHybris]) VALUES (207, N'Sudan', N'SD', N'SDG', 1, N'SDN', 1, N'SDG', 0)
INSERT [dbo].[CountryCode_LU] ([ID], [Country], [CountryCode], [CurrencyCode], [Primary], [CountryCodeA3], [IsISOStandard], [WHMCurrencyCode], [IsHybris]) VALUES (208, N'Suriname', N'SR', N'SRD', 1, N'SUR', 1, N'SRD', 0)
INSERT [dbo].[CountryCode_LU] ([ID], [Country], [CountryCode], [CurrencyCode], [Primary], [CountryCodeA3], [IsISOStandard], [WHMCurrencyCode], [IsHybris]) VALUES (209, N'Svalbard and Jan Mayen Islands', N'SJ', N'NOK', 1, N'SJM', 1, N'EUR', 0)
INSERT [dbo].[CountryCode_LU] ([ID], [Country], [CountryCode], [CurrencyCode], [Primary], [CountryCodeA3], [IsISOStandard], [WHMCurrencyCode], [IsHybris]) VALUES (210, N'Swaziland', N'SZ', N'SZL', 1, N'SWZ', 1, N'SZL', 0)
INSERT [dbo].[CountryCode_LU] ([ID], [Country], [CountryCode], [CurrencyCode], [Primary], [CountryCodeA3], [IsISOStandard], [WHMCurrencyCode], [IsHybris]) VALUES (211, N'Sweden', N'SE', N'SEK', 1, N'SWE', 1, N'GBP', 0)
INSERT [dbo].[CountryCode_LU] ([ID], [Country], [CountryCode], [CurrencyCode], [Primary], [CountryCodeA3], [IsISOStandard], [WHMCurrencyCode], [IsHybris]) VALUES (212, N'Switzerland', N'CH', N'CHF', 1, N'CHE', 1, N'EUR', 0)
INSERT [dbo].[CountryCode_LU] ([ID], [Country], [CountryCode], [CurrencyCode], [Primary], [CountryCodeA3], [IsISOStandard], [WHMCurrencyCode], [IsHybris]) VALUES (213, N'Syria', N'SY', N'SYP', 1, N'SYR', 1, N'SYP', 0)
INSERT [dbo].[CountryCode_LU] ([ID], [Country], [CountryCode], [CurrencyCode], [Primary], [CountryCodeA3], [IsISOStandard], [WHMCurrencyCode], [IsHybris]) VALUES (214, N'Taiwan', N'TW', N'TWD', 1, N'TWN', 1, N'TWD', 0)
INSERT [dbo].[CountryCode_LU] ([ID], [Country], [CountryCode], [CurrencyCode], [Primary], [CountryCodeA3], [IsISOStandard], [WHMCurrencyCode], [IsHybris]) VALUES (215, N'Tajikistan', N'TJ', N'TJS', 1, N'TJK', 1, N'TJS', 0)
INSERT [dbo].[CountryCode_LU] ([ID], [Country], [CountryCode], [CurrencyCode], [Primary], [CountryCodeA3], [IsISOStandard], [WHMCurrencyCode], [IsHybris]) VALUES (216, N'Tanzania', N'TZ', N'TZS', 1, N'TZA', 1, N'TZS', 0)
INSERT [dbo].[CountryCode_LU] ([ID], [Country], [CountryCode], [CurrencyCode], [Primary], [CountryCodeA3], [IsISOStandard], [WHMCurrencyCode], [IsHybris]) VALUES (217, N'Thailand', N'TH', N'THB', 1, N'THA', 1, N'THB', 0)
INSERT [dbo].[CountryCode_LU] ([ID], [Country], [CountryCode], [CurrencyCode], [Primary], [CountryCodeA3], [IsISOStandard], [WHMCurrencyCode], [IsHybris]) VALUES (218, N'Timor-Leste', N'TL', N'USD', 1, N'TLS', 1, N'USD', 0)
INSERT [dbo].[CountryCode_LU] ([ID], [Country], [CountryCode], [CurrencyCode], [Primary], [CountryCodeA3], [IsISOStandard], [WHMCurrencyCode], [IsHybris]) VALUES (219, N'Togo', N'TG', N'XOF', 1, N'TGO', 1, N'XOF', 0)
INSERT [dbo].[CountryCode_LU] ([ID], [Country], [CountryCode], [CurrencyCode], [Primary], [CountryCodeA3], [IsISOStandard], [WHMCurrencyCode], [IsHybris]) VALUES (220, N'Tokelau', N'TK', N'NZD', 1, N'TKL', 1, N'NZD', 0)
INSERT [dbo].[CountryCode_LU] ([ID], [Country], [CountryCode], [CurrencyCode], [Primary], [CountryCodeA3], [IsISOStandard], [WHMCurrencyCode], [IsHybris]) VALUES (221, N'Tonga', N'TO', N'TOP', 1, N'TON', 1, N'TOP', 0)
INSERT [dbo].[CountryCode_LU] ([ID], [Country], [CountryCode], [CurrencyCode], [Primary], [CountryCodeA3], [IsISOStandard], [WHMCurrencyCode], [IsHybris]) VALUES (222, N'Trinidad and Tobago', N'TT', N'TTD', 1, N'TTO', 1, N'TTD', 0)
INSERT [dbo].[CountryCode_LU] ([ID], [Country], [CountryCode], [CurrencyCode], [Primary], [CountryCodeA3], [IsISOStandard], [WHMCurrencyCode], [IsHybris]) VALUES (223, N'Tunisia', N'TN', N'TND', 1, N'TUN', 1, N'TND', 0)
INSERT [dbo].[CountryCode_LU] ([ID], [Country], [CountryCode], [CurrencyCode], [Primary], [CountryCodeA3], [IsISOStandard], [WHMCurrencyCode], [IsHybris]) VALUES (224, N'Turkey', N'TR', N'TRY', 1, N'TUR', 1, N'TRY', 0)
INSERT [dbo].[CountryCode_LU] ([ID], [Country], [CountryCode], [CurrencyCode], [Primary], [CountryCodeA3], [IsISOStandard], [WHMCurrencyCode], [IsHybris]) VALUES (225, N'Turkmenistan', N'TM', N'TMT', 1, N'TKM', 1, N'TMT', 0)
INSERT [dbo].[CountryCode_LU] ([ID], [Country], [CountryCode], [CurrencyCode], [Primary], [CountryCodeA3], [IsISOStandard], [WHMCurrencyCode], [IsHybris]) VALUES (226, N'Turks and Caicos Islands', N'TC', N'USD', 1, N'TCA', 1, N'USD', 0)
INSERT [dbo].[CountryCode_LU] ([ID], [Country], [CountryCode], [CurrencyCode], [Primary], [CountryCodeA3], [IsISOStandard], [WHMCurrencyCode], [IsHybris]) VALUES (227, N'Tuvalu', N'TV', N'AUD', 1, N'TUV', 1, N'AUD', 0)
INSERT [dbo].[CountryCode_LU] ([ID], [Country], [CountryCode], [CurrencyCode], [Primary], [CountryCodeA3], [IsISOStandard], [WHMCurrencyCode], [IsHybris]) VALUES (228, N'Uganda', N'UG', N'UGX', 1, N'UGA', 1, N'UGX', 0)
INSERT [dbo].[CountryCode_LU] ([ID], [Country], [CountryCode], [CurrencyCode], [Primary], [CountryCodeA3], [IsISOStandard], [WHMCurrencyCode], [IsHybris]) VALUES (229, N'Ukraine', N'UA', N'UAH', 1, N'UKR', 1, N'UAH', 0)
INSERT [dbo].[CountryCode_LU] ([ID], [Country], [CountryCode], [CurrencyCode], [Primary], [CountryCodeA3], [IsISOStandard], [WHMCurrencyCode], [IsHybris]) VALUES (230, N'United Arab Emirates', N'AE', N'AED', 1, N'ARE', 1, N'AED', 0)
INSERT [dbo].[CountryCode_LU] ([ID], [Country], [CountryCode], [CurrencyCode], [Primary], [CountryCodeA3], [IsISOStandard], [WHMCurrencyCode], [IsHybris]) VALUES (231, N'United Kingdom', N'GB', N'GBP', 1, N'GBR', 1, N'GBP', 0)
INSERT [dbo].[CountryCode_LU] ([ID], [Country], [CountryCode], [CurrencyCode], [Primary], [CountryCodeA3], [IsISOStandard], [WHMCurrencyCode], [IsHybris]) VALUES (232, N'United States of America', N'US', N'USD', 0, N'USA', 1, N'USD', 0)
INSERT [dbo].[CountryCode_LU] ([ID], [Country], [CountryCode], [CurrencyCode], [Primary], [CountryCodeA3], [IsISOStandard], [WHMCurrencyCode], [IsHybris]) VALUES (233, N'United States', N'US', N'USD', 1, N'USA', 1, N'USD', 0)
INSERT [dbo].[CountryCode_LU] ([ID], [Country], [CountryCode], [CurrencyCode], [Primary], [CountryCodeA3], [IsISOStandard], [WHMCurrencyCode], [IsHybris]) VALUES (234, N'United States Minor Outlying Islands', N'UM', N'USD', 1, N'UMI', 1, N'USD', 0)
INSERT [dbo].[CountryCode_LU] ([ID], [Country], [CountryCode], [CurrencyCode], [Primary], [CountryCodeA3], [IsISOStandard], [WHMCurrencyCode], [IsHybris]) VALUES (235, N'Uruguay', N'UY', N'UYU', 1, N'URY', 1, N'UYU', 0)
INSERT [dbo].[CountryCode_LU] ([ID], [Country], [CountryCode], [CurrencyCode], [Primary], [CountryCodeA3], [IsISOStandard], [WHMCurrencyCode], [IsHybris]) VALUES (236, N'Uzbekistan', N'UZ', N'UZS', 1, N'UZB', 1, N'UZS', 0)
INSERT [dbo].[CountryCode_LU] ([ID], [Country], [CountryCode], [CurrencyCode], [Primary], [CountryCodeA3], [IsISOStandard], [WHMCurrencyCode], [IsHybris]) VALUES (237, N'Vanuatu', N'VU', N'VUV', 1, N'VUT', 1, N'VUV', 0)
INSERT [dbo].[CountryCode_LU] ([ID], [Country], [CountryCode], [CurrencyCode], [Primary], [CountryCodeA3], [IsISOStandard], [WHMCurrencyCode], [IsHybris]) VALUES (238, N'Venezuela', N'VE', N'VEF', 1, N'VEN', 1, N'VEF', 0)
INSERT [dbo].[CountryCode_LU] ([ID], [Country], [CountryCode], [CurrencyCode], [Primary], [CountryCodeA3], [IsISOStandard], [WHMCurrencyCode], [IsHybris]) VALUES (239, N'Vietnam', N'VN', N'VND', 1, N'VNM', 1, N'VND', 0)
INSERT [dbo].[CountryCode_LU] ([ID], [Country], [CountryCode], [CurrencyCode], [Primary], [CountryCodeA3], [IsISOStandard], [WHMCurrencyCode], [IsHybris]) VALUES (240, N'Virgin Islands (U.S.)', N'VI', N'USD', 1, N'VIR', 1, N'USD', 0)
INSERT [dbo].[CountryCode_LU] ([ID], [Country], [CountryCode], [CurrencyCode], [Primary], [CountryCodeA3], [IsISOStandard], [WHMCurrencyCode], [IsHybris]) VALUES (241, N'Wallis and Futuna Islands', N'WF', N'XPF', 1, N'WLF', 1, N'XPF', 0)
INSERT [dbo].[CountryCode_LU] ([ID], [Country], [CountryCode], [CurrencyCode], [Primary], [CountryCodeA3], [IsISOStandard], [WHMCurrencyCode], [IsHybris]) VALUES (242, N'Western Sahara', N'EH', N'MAD', 1, N'ESH', 1, N'MAD', 0)
INSERT [dbo].[CountryCode_LU] ([ID], [Country], [CountryCode], [CurrencyCode], [Primary], [CountryCodeA3], [IsISOStandard], [WHMCurrencyCode], [IsHybris]) VALUES (243, N'Yemen', N'YE', N'YER', 1, N'YEM', 1, N'YER', 0)
INSERT [dbo].[CountryCode_LU] ([ID], [Country], [CountryCode], [CurrencyCode], [Primary], [CountryCodeA3], [IsISOStandard], [WHMCurrencyCode], [IsHybris]) VALUES (244, N'Zambia', N'ZM', N'ZMW', 1, N'ZMB', 1, N'ZMW', 0)
INSERT [dbo].[CountryCode_LU] ([ID], [Country], [CountryCode], [CurrencyCode], [Primary], [CountryCodeA3], [IsISOStandard], [WHMCurrencyCode], [IsHybris]) VALUES (245, N'Zimbabwe', N'ZW', N'ZWD', 1, N'ZWE', 1, N'ZWD', 0)
INSERT [dbo].[CountryCode_LU] ([ID], [Country], [CountryCode], [CurrencyCode], [Primary], [CountryCodeA3], [IsISOStandard], [WHMCurrencyCode], [IsHybris]) VALUES (246, N'Great Britain', N'GB', N'GBP', 0, N'GBR', 1, N'GBP', 0)
INSERT [dbo].[CountryCode_LU] ([ID], [Country], [CountryCode], [CurrencyCode], [Primary], [CountryCodeA3], [IsISOStandard], [WHMCurrencyCode], [IsHybris]) VALUES (247, N'Northern Ireland', N'GB', N'GBP', 1, N'GBR', 1, N'GBP', 0)
INSERT [dbo].[CountryCode_LU] ([ID], [Country], [CountryCode], [CurrencyCode], [Primary], [CountryCodeA3], [IsISOStandard], [WHMCurrencyCode], [IsHybris]) VALUES (248, N'sterreich', N'AT', N'EUR', 0, N'AUT', 1, N'EUR', 0)
INSERT [dbo].[CountryCode_LU] ([ID], [Country], [CountryCode], [CurrencyCode], [Primary], [CountryCodeA3], [IsISOStandard], [WHMCurrencyCode], [IsHybris]) VALUES (249, N'Schweiz', N'CH', N'CHF', 0, N'CHE', 1, N'EUR', 0)
INSERT [dbo].[CountryCode_LU] ([ID], [Country], [CountryCode], [CurrencyCode], [Primary], [CountryCodeA3], [IsISOStandard], [WHMCurrencyCode], [IsHybris]) VALUES (250, N'Belgique', N'BE', N'EUR', 0, N'BEL', 1, N'EUR', 0)
INSERT [dbo].[CountryCode_LU] ([ID], [Country], [CountryCode], [CurrencyCode], [Primary], [CountryCodeA3], [IsISOStandard], [WHMCurrencyCode], [IsHybris]) VALUES (251, N'Suisse', N'CH', N'CHF', 0, N'CHE', 1, N'EUR', 0)
INSERT [dbo].[CountryCode_LU] ([ID], [Country], [CountryCode], [CurrencyCode], [Primary], [CountryCodeA3], [IsISOStandard], [WHMCurrencyCode], [IsHybris]) VALUES (252, N'Northern Ireland', N'GB-NIR', N'GBP', 0, N'GBR', 0, N'GBP', 1)
INSERT [dbo].[CountryCode_LU] ([ID], [Country], [CountryCode], [CurrencyCode], [Primary], [CountryCodeA3], [IsISOStandard], [WHMCurrencyCode], [IsHybris]) VALUES (253, N'United Kingdom', N'UK', N'GBP', 0, N'GBR', 0, N'GBP', 0)
INSERT [dbo].[CountryCode_LU] ([ID], [Country], [CountryCode], [CurrencyCode], [Primary], [CountryCodeA3], [IsISOStandard], [WHMCurrencyCode], [IsHybris]) VALUES (254, N'Osterreich', N'AT', N'EUR', 0, N'AUT', 1, N'EUR', 0)
INSERT [dbo].[CountryCode_LU] ([ID], [Country], [CountryCode], [CurrencyCode], [Primary], [CountryCodeA3], [IsISOStandard], [WHMCurrencyCode], [IsHybris]) VALUES (255, N'Virgin Islands (British)', N'VG', N'GBP', 1, N'VGB', 1, N'GBP', 0)
SET IDENTITY_INSERT [dbo].[CountryCode_LU] OFF
SET IDENTITY_INSERT [dbo].[DestinationType] ON 

INSERT [dbo].[DestinationType] ([ID], [Code], [Description]) VALUES (0, N'UNDETERMINED', N'Unable to determine destination type')
INSERT [dbo].[DestinationType] ([ID], [Code], [Description]) VALUES (1, N'LOCAL', N'Local destination')
INSERT [dbo].[DestinationType] ([ID], [Code], [Description]) VALUES (2, N'AK_HI', N'Alasaka Hawaii')
INSERT [dbo].[DestinationType] ([ID], [Code], [Description]) VALUES (3, N'CANADA', N'Canada destination')
INSERT [dbo].[DestinationType] ([ID], [Code], [Description]) VALUES (4, N'PR', N'Puerto Rico destination')
SET IDENTITY_INSERT [dbo].[DestinationType] OFF
SET IDENTITY_INSERT [dbo].[NarvarShipMethod] ON 

INSERT [dbo].[NarvarShipMethod] ([ID], [Code], [Description]) VALUES (1, N'UG', N'UPS Standard')
INSERT [dbo].[NarvarShipMethod] ([ID], [Code], [Description]) VALUES (2, N'MI', N'Mail Innovations')
INSERT [dbo].[NarvarShipMethod] ([ID], [Code], [Description]) VALUES (3, N'E3', N'3 Day Select')
INSERT [dbo].[NarvarShipMethod] ([ID], [Code], [Description]) VALUES (4, N'E2', N'2 Day Air')
INSERT [dbo].[NarvarShipMethod] ([ID], [Code], [Description]) VALUES (5, N'E1', N'Next Day Air')
INSERT [dbo].[NarvarShipMethod] ([ID], [Code], [Description]) VALUES (6, N'FG', N'Ground')
INSERT [dbo].[NarvarShipMethod] ([ID], [Code], [Description]) VALUES (7, N'HD', N'Home Delivery')
INSERT [dbo].[NarvarShipMethod] ([ID], [Code], [Description]) VALUES (8, N'FC', N'First Class Mail')
INSERT [dbo].[NarvarShipMethod] ([ID], [Code], [Description]) VALUES (9, N'SP', N'Standard Post')
SET IDENTITY_INSERT [dbo].[NarvarShipMethod] OFF
SET IDENTITY_INSERT [dbo].[ShipMethod] ON 

INSERT [dbo].[ShipMethod] ([ID], [DomesticDispatch], [Code], [DeliveryPriority], [InternationalDispatch]) VALUES (1, 1, N'GROUND', 3, 1)
INSERT [dbo].[ShipMethod] ([ID], [DomesticDispatch], [Code], [DeliveryPriority], [InternationalDispatch]) VALUES (2, 1, N'ONE_DAY', 2, 0)
INSERT [dbo].[ShipMethod] ([ID], [DomesticDispatch], [Code], [DeliveryPriority], [InternationalDispatch]) VALUES (3, 1, N'TWO_DAY', 1, 0)
INSERT [dbo].[ShipMethod] ([ID], [DomesticDispatch], [Code], [DeliveryPriority], [InternationalDispatch]) VALUES (4, 1, N'LTL', 99, 0)
INSERT [dbo].[ShipMethod] ([ID], [DomesticDispatch], [Code], [DeliveryPriority], [InternationalDispatch]) VALUES (5, 0, N'FEDEXFREIGHT', 99, 0)
INSERT [dbo].[ShipMethod] ([ID], [DomesticDispatch], [Code], [DeliveryPriority], [InternationalDispatch]) VALUES (6, 1, N'THREE_DAY', 5, 0)
SET IDENTITY_INSERT [dbo].[ShipMethod] OFF
SET IDENTITY_INSERT [dbo].[SourceShipMethodConversion] ON 

INSERT [dbo].[SourceShipMethodConversion] ([ID], [SourceCode], [Description], [SourceID], [ShipMethodID], [DestinationTypeID], [Archived], [Default]) VALUES (1, N'us-free-standard', N'Hybris Ship Method', 25, 1, 1, 0, 1)
INSERT [dbo].[SourceShipMethodConversion] ([ID], [SourceCode], [Description], [SourceID], [ShipMethodID], [DestinationTypeID], [Archived], [Default]) VALUES (2, N'us-2day', N'Hybris Ship Method', 25, 3, 1, 0, 0)
INSERT [dbo].[SourceShipMethodConversion] ([ID], [SourceCode], [Description], [SourceID], [ShipMethodID], [DestinationTypeID], [Archived], [Default]) VALUES (3, N'us-1day', N'Hybris Ship Method', 25, 2, 1, 0, 0)
INSERT [dbo].[SourceShipMethodConversion] ([ID], [SourceCode], [Description], [SourceID], [ShipMethodID], [DestinationTypeID], [Archived], [Default]) VALUES (4, N'us-free-freight-shipping', N'Hybris Ship Method', 25, 1, 1, 0, 0)
INSERT [dbo].[SourceShipMethodConversion] ([ID], [SourceCode], [Description], [SourceID], [ShipMethodID], [DestinationTypeID], [Archived], [Default]) VALUES (5, N'us-std-alaska-hawaii', N'Hybris Ship Method', 25, 1, 2, 0, 0)
INSERT [dbo].[SourceShipMethodConversion] ([ID], [SourceCode], [Description], [SourceID], [ShipMethodID], [DestinationTypeID], [Archived], [Default]) VALUES (6, N'us-std-puertorico', N'Hybris Ship Method', 25, 1, 4, 0, 0)
INSERT [dbo].[SourceShipMethodConversion] ([ID], [SourceCode], [Description], [SourceID], [ShipMethodID], [DestinationTypeID], [Archived], [Default]) VALUES (7, N'us-std-international', N'Hybris Ship Method', 25, 1, 3, 0, 0)
INSERT [dbo].[SourceShipMethodConversion] ([ID], [SourceCode], [Description], [SourceID], [ShipMethodID], [DestinationTypeID], [Archived], [Default]) VALUES (8, N'1000', N'Salesforce Ground Ship Method', 15, 1, 1, 1, 0)
INSERT [dbo].[SourceShipMethodConversion] ([ID], [SourceCode], [Description], [SourceID], [ShipMethodID], [DestinationTypeID], [Archived], [Default]) VALUES (9, N'1001', N'Salesforce Ground Ship Method', 15, 1, 1, 0, 0)
INSERT [dbo].[SourceShipMethodConversion] ([ID], [SourceCode], [Description], [SourceID], [ShipMethodID], [DestinationTypeID], [Archived], [Default]) VALUES (10, N'1020', N'Salesforce International Standard Shipping', 15, 1, 3, 0, 0)
INSERT [dbo].[SourceShipMethodConversion] ([ID], [SourceCode], [Description], [SourceID], [ShipMethodID], [DestinationTypeID], [Archived], [Default]) VALUES (11, N'1030', N'Salesforce Two day Ship Method', 15, 3, 1, 0, 0)
INSERT [dbo].[SourceShipMethodConversion] ([ID], [SourceCode], [Description], [SourceID], [ShipMethodID], [DestinationTypeID], [Archived], [Default]) VALUES (12, N'1040', N'Salesforce One day Method', 15, 2, 1, 0, 0)
INSERT [dbo].[SourceShipMethodConversion] ([ID], [SourceCode], [Description], [SourceID], [ShipMethodID], [DestinationTypeID], [Archived], [Default]) VALUES (13, N'1015', N'Salesforce Standard - Puerto Rico', 15, 1, 4, 0, 0)
INSERT [dbo].[SourceShipMethodConversion] ([ID], [SourceCode], [Description], [SourceID], [ShipMethodID], [DestinationTypeID], [Archived], [Default]) VALUES (14, N'1010', N'Salesforce Standard - Alaska / Hawaii', 15, 1, 2, 0, 0)
INSERT [dbo].[SourceShipMethodConversion] ([ID], [SourceCode], [Description], [SourceID], [ShipMethodID], [DestinationTypeID], [Archived], [Default]) VALUES (15, N'1000', N'Salesforce Treetopia Ground Ship Method', 16, 1, 1, 0, 0)
INSERT [dbo].[SourceShipMethodConversion] ([ID], [SourceCode], [Description], [SourceID], [ShipMethodID], [DestinationTypeID], [Archived], [Default]) VALUES (16, N'1001', N'Salesforce Treetopia Ground Ship Method', 16, 1, 1, 0, 0)
INSERT [dbo].[SourceShipMethodConversion] ([ID], [SourceCode], [Description], [SourceID], [ShipMethodID], [DestinationTypeID], [Archived], [Default]) VALUES (17, N'1020', N'Salesforce Treetopia International Standard Shipping', 16, 1, 3, 0, 0)
INSERT [dbo].[SourceShipMethodConversion] ([ID], [SourceCode], [Description], [SourceID], [ShipMethodID], [DestinationTypeID], [Archived], [Default]) VALUES (18, N'1030', N'Salesforce Treetopia Two day Ship Method', 16, 3, 1, 0, 0)
INSERT [dbo].[SourceShipMethodConversion] ([ID], [SourceCode], [Description], [SourceID], [ShipMethodID], [DestinationTypeID], [Archived], [Default]) VALUES (19, N'1040', N'Salesforce Treetopia One day Method', 16, 2, 1, 0, 0)
INSERT [dbo].[SourceShipMethodConversion] ([ID], [SourceCode], [Description], [SourceID], [ShipMethodID], [DestinationTypeID], [Archived], [Default]) VALUES (20, N'1015', N'Salesforce Treetopia Standard - Puerto Rico', 16, 1, 4, 0, 0)
INSERT [dbo].[SourceShipMethodConversion] ([ID], [SourceCode], [Description], [SourceID], [ShipMethodID], [DestinationTypeID], [Archived], [Default]) VALUES (21, N'1010', N'Salesforce Treetopia Standard - Alaska / Hawaii', 16, 1, 2, 0, 0)
INSERT [dbo].[SourceShipMethodConversion] ([ID], [SourceCode], [Description], [SourceID], [ShipMethodID], [DestinationTypeID], [Archived], [Default]) VALUES (22, N'1031', N'Salesforce UK Ground Ship Method', 20, 1, 1, 0, 0)
INSERT [dbo].[SourceShipMethodConversion] ([ID], [SourceCode], [Description], [SourceID], [ShipMethodID], [DestinationTypeID], [Archived], [Default]) VALUES (23, N'1031', N'Salesforce FR Ground Ship Method', 21, 1, 1, 0, 0)
INSERT [dbo].[SourceShipMethodConversion] ([ID], [SourceCode], [Description], [SourceID], [ShipMethodID], [DestinationTypeID], [Archived], [Default]) VALUES (24, N'1031', N'Salesforce DE Ground Ship Method', 22, 1, 1, 0, 0)
INSERT [dbo].[SourceShipMethodConversion] ([ID], [SourceCode], [Description], [SourceID], [ShipMethodID], [DestinationTypeID], [Archived], [Default]) VALUES (25, N'1101', N'Salesforce FR Ground Ship Method', 21, 1, 1, 0, 0)
INSERT [dbo].[SourceShipMethodConversion] ([ID], [SourceCode], [Description], [SourceID], [ShipMethodID], [DestinationTypeID], [Archived], [Default]) VALUES (26, N'1101', N'Salesforce DE Ground Ship Method', 22, 1, 1, 0, 0)
INSERT [dbo].[SourceShipMethodConversion] ([ID], [SourceCode], [Description], [SourceID], [ShipMethodID], [DestinationTypeID], [Archived], [Default]) VALUES (27, N'1100', N'Salesforce AU Ground Ship Method', 23, 1, 1, 0, 0)
INSERT [dbo].[SourceShipMethodConversion] ([ID], [SourceCode], [Description], [SourceID], [ShipMethodID], [DestinationTypeID], [Archived], [Default]) VALUES (28, N'1000087', N'Salesforce LTL Ship Method', 15, 4, 1, 0, 0)
INSERT [dbo].[SourceShipMethodConversion] ([ID], [SourceCode], [Description], [SourceID], [ShipMethodID], [DestinationTypeID], [Archived], [Default]) VALUES (29, N'us-contact-customer-service', N'Hybris Ship Method', 25, 4, 0, 0, 0)
INSERT [dbo].[SourceShipMethodConversion] ([ID], [SourceCode], [Description], [SourceID], [ShipMethodID], [DestinationTypeID], [Archived], [Default]) VALUES (30, N'uk-free-delivery', N'Hybris Ship Method', 26, 1, 1, 0, 0)
INSERT [dbo].[SourceShipMethodConversion] ([ID], [SourceCode], [Description], [SourceID], [ShipMethodID], [DestinationTypeID], [Archived], [Default]) VALUES (31, N'au-free-delivery', N'Hybris Ship Method', 29, 1, 1, 0, 0)
INSERT [dbo].[SourceShipMethodConversion] ([ID], [SourceCode], [Description], [SourceID], [ShipMethodID], [DestinationTypeID], [Archived], [Default]) VALUES (32, N'fr-free-delivery', N'Hybris Ship Method', 32, 1, 1, 0, 0)
INSERT [dbo].[SourceShipMethodConversion] ([ID], [SourceCode], [Description], [SourceID], [ShipMethodID], [DestinationTypeID], [Archived], [Default]) VALUES (33, N'be-free-delivery', N'Hybris Ship Method', 32, 1, 1, 0, 0)
INSERT [dbo].[SourceShipMethodConversion] ([ID], [SourceCode], [Description], [SourceID], [ShipMethodID], [DestinationTypeID], [Archived], [Default]) VALUES (34, N'ch-f-free-delivery', N'Hybris Ship Method', 32, 1, 1, 0, 0)
INSERT [dbo].[SourceShipMethodConversion] ([ID], [SourceCode], [Description], [SourceID], [ShipMethodID], [DestinationTypeID], [Archived], [Default]) VALUES (35, N'de-free-delivery', N'Hybris Ship Method', 33, 1, 1, 0, 0)
INSERT [dbo].[SourceShipMethodConversion] ([ID], [SourceCode], [Description], [SourceID], [ShipMethodID], [DestinationTypeID], [Archived], [Default]) VALUES (36, N'at-free-delivery', N'Hybris Ship Method', 33, 1, 1, 0, 0)
INSERT [dbo].[SourceShipMethodConversion] ([ID], [SourceCode], [Description], [SourceID], [ShipMethodID], [DestinationTypeID], [Archived], [Default]) VALUES (37, N'ch-g-free-delivery', N'Hybris Ship Method', 33, 1, 1, 0, 0)
INSERT [dbo].[SourceShipMethodConversion] ([ID], [SourceCode], [Description], [SourceID], [ShipMethodID], [DestinationTypeID], [Archived], [Default]) VALUES (38, N'1000', N'Volusion Ground', 2, 1, 1, 0, 0)
INSERT [dbo].[SourceShipMethodConversion] ([ID], [SourceCode], [Description], [SourceID], [ShipMethodID], [DestinationTypeID], [Archived], [Default]) VALUES (39, N'1010', N'Volusion AK / HI', 2, 1, 2, 0, 0)
INSERT [dbo].[SourceShipMethodConversion] ([ID], [SourceCode], [Description], [SourceID], [ShipMethodID], [DestinationTypeID], [Archived], [Default]) VALUES (40, N'1015', N'Volusion Puerto Rico', 2, 1, 4, 0, 0)
INSERT [dbo].[SourceShipMethodConversion] ([ID], [SourceCode], [Description], [SourceID], [ShipMethodID], [DestinationTypeID], [Archived], [Default]) VALUES (41, N'1020', N'Volusion Canada', 2, 1, 3, 0, 0)
INSERT [dbo].[SourceShipMethodConversion] ([ID], [SourceCode], [Description], [SourceID], [ShipMethodID], [DestinationTypeID], [Archived], [Default]) VALUES (42, N'1030', N'Volusion Two Day', 2, 3, 1, 0, 0)
INSERT [dbo].[SourceShipMethodConversion] ([ID], [SourceCode], [Description], [SourceID], [ShipMethodID], [DestinationTypeID], [Archived], [Default]) VALUES (43, N'1040', N'Volusion One Day', 2, 2, 1, 0, 0)
INSERT [dbo].[SourceShipMethodConversion] ([ID], [SourceCode], [Description], [SourceID], [ShipMethodID], [DestinationTypeID], [Archived], [Default]) VALUES (44, N'1032', N'Volusion Ship Method', 2, 1, 0, 0, 0)
INSERT [dbo].[SourceShipMethodConversion] ([ID], [SourceCode], [Description], [SourceID], [ShipMethodID], [DestinationTypeID], [Archived], [Default]) VALUES (45, N'503', N'USPS Ground Ship Method', 2, 1, 1, 0, 0)
INSERT [dbo].[SourceShipMethodConversion] ([ID], [SourceCode], [Description], [SourceID], [ShipMethodID], [DestinationTypeID], [Archived], [Default]) VALUES (51, N'GR', N'Wayfair ground Ship Method', 37, 1, 0, 0, 0)
INSERT [dbo].[SourceShipMethodConversion] ([ID], [SourceCode], [Description], [SourceID], [ShipMethodID], [DestinationTypeID], [Archived], [Default]) VALUES (52, N'ND', N'Wayfair one day Ship Method', 37, 2, 1, 0, 0)
INSERT [dbo].[SourceShipMethodConversion] ([ID], [SourceCode], [Description], [SourceID], [ShipMethodID], [DestinationTypeID], [Archived], [Default]) VALUES (53, N'2D', N'Wayfair two day Ship Method', 37, 3, 1, 0, 0)
INSERT [dbo].[SourceShipMethodConversion] ([ID], [SourceCode], [Description], [SourceID], [ShipMethodID], [DestinationTypeID], [Archived], [Default]) VALUES (54, N'TRB', N'Wayfair ltl Ship Method', 37, 4, 1, 0, 0)
INSERT [dbo].[SourceShipMethodConversion] ([ID], [SourceCode], [Description], [SourceID], [ShipMethodID], [DestinationTypeID], [Archived], [Default]) VALUES (55, N'GR', N'Wayfair ground Ship Method', 37, 1, 0, 0, 0)
INSERT [dbo].[SourceShipMethodConversion] ([ID], [SourceCode], [Description], [SourceID], [ShipMethodID], [DestinationTypeID], [Archived], [Default]) VALUES (56, N'ND', N'Wayfair one day Ship Method', 37, 2, 1, 0, 0)
INSERT [dbo].[SourceShipMethodConversion] ([ID], [SourceCode], [Description], [SourceID], [ShipMethodID], [DestinationTypeID], [Archived], [Default]) VALUES (57, N'2D', N'Wayfair two day Ship Method', 37, 3, 1, 0, 0)
INSERT [dbo].[SourceShipMethodConversion] ([ID], [SourceCode], [Description], [SourceID], [ShipMethodID], [DestinationTypeID], [Archived], [Default]) VALUES (58, N'TRB', N'Wayfair ltl Ship Method', 37, 4, 1, 0, 0)
INSERT [dbo].[SourceShipMethodConversion] ([ID], [SourceCode], [Description], [SourceID], [ShipMethodID], [DestinationTypeID], [Archived], [Default]) VALUES (59, N'THREE_DAY', N'3day sf', 16, 6, 1, 0, 0)
INSERT [dbo].[SourceShipMethodConversion] ([ID], [SourceCode], [Description], [SourceID], [ShipMethodID], [DestinationTypeID], [Archived], [Default]) VALUES (60, N'THREE_DAY', N'3d sf', 15, 6, 1, 0, 0)
SET IDENTITY_INSERT [dbo].[SourceShipMethodConversion] OFF
SET IDENTITY_INSERT [dbo].[StatusCategory] ON 

INSERT [dbo].[StatusCategory] ([ID], [Name]) VALUES (1, N'InventoryHold')
INSERT [dbo].[StatusCategory] ([ID], [Name]) VALUES (2, N'InventoryDiscrepancy')
SET IDENTITY_INSERT [dbo].[StatusCategory] OFF
SET IDENTITY_INSERT [dbo].[StatusCode] ON 

INSERT [dbo].[StatusCode] ([ID], [Name], [Description], [Archived]) VALUES (1, N'Damaged', NULL, 0)
INSERT [dbo].[StatusCode] ([ID], [Name], [Description], [Archived]) VALUES (2, N'Quality', NULL, 0)
INSERT [dbo].[StatusCode] ([ID], [Name], [Description], [Archived]) VALUES (3, N'Packaging', NULL, 0)
INSERT [dbo].[StatusCode] ([ID], [Name], [Description], [Archived]) VALUES (4, N'Rework', NULL, 0)
INSERT [dbo].[StatusCode] ([ID], [Name], [Description], [Archived]) VALUES (5, N'PR', NULL, 0)
INSERT [dbo].[StatusCode] ([ID], [Name], [Description], [Archived]) VALUES (6, N'Legal', NULL, 0)
INSERT [dbo].[StatusCode] ([ID], [Name], [Description], [Archived]) VALUES (7, N'Corporate Order', NULL, 0)
INSERT [dbo].[StatusCode] ([ID], [Name], [Description], [Archived]) VALUES (8, N'End of Life', NULL, 0)
INSERT [dbo].[StatusCode] ([ID], [Name], [Description], [Archived]) VALUES (9, N'IR', NULL, 0)
INSERT [dbo].[StatusCode] ([ID], [Name], [Description], [Archived]) VALUES (10, N'OOS', NULL, 0)
INSERT [dbo].[StatusCode] ([ID], [Name], [Description], [Archived]) VALUES (11, N'WarehouseReceipt', NULL, 0)
INSERT [dbo].[StatusCode] ([ID], [Name], [Description], [Archived]) VALUES (12, N'Discrepancy', NULL, 0)
INSERT [dbo].[StatusCode] ([ID], [Name], [Description], [Archived]) VALUES (13, N'Other', NULL, 1)
SET IDENTITY_INSERT [dbo].[StatusCode] OFF
SET IDENTITY_INSERT [dbo].[TmsRateGroup] ON 

INSERT [dbo].[TmsRateGroup] ([ID], [RateGroup], [ShipMethodID], [CommitmentDays], [DestinationTypeID]) VALUES (1, N'GROUND', 1, NULL, 1)
INSERT [dbo].[TmsRateGroup] ([ID], [RateGroup], [ShipMethodID], [CommitmentDays], [DestinationTypeID]) VALUES (2, N'ONE_DAY', 2, 1, 1)
INSERT [dbo].[TmsRateGroup] ([ID], [RateGroup], [ShipMethodID], [CommitmentDays], [DestinationTypeID]) VALUES (3, N'TWO_DAY', 3, 2, 1)
INSERT [dbo].[TmsRateGroup] ([ID], [RateGroup], [ShipMethodID], [CommitmentDays], [DestinationTypeID]) VALUES (4, N'CANADA', 1, 2, 3)
INSERT [dbo].[TmsRateGroup] ([ID], [RateGroup], [ShipMethodID], [CommitmentDays], [DestinationTypeID]) VALUES (5, N'AK_HI', 1, NULL, 2)
INSERT [dbo].[TmsRateGroup] ([ID], [RateGroup], [ShipMethodID], [CommitmentDays], [DestinationTypeID]) VALUES (6, N'PR', 1, NULL, 4)
INSERT [dbo].[TmsRateGroup] ([ID], [RateGroup], [ShipMethodID], [CommitmentDays], [DestinationTypeID]) VALUES (7, N'FREIGHT', 5, NULL, 1)
SET IDENTITY_INSERT [dbo].[TmsRateGroup] OFF
SET IDENTITY_INSERT [dbo].[TmsShipMethod] ON 

INSERT [dbo].[TmsShipMethod] ([ID], [Code], [Description], [CarrierID], [Internal], [NarvarShipMethodID], [PriorityRank]) VALUES (1, N'ION.FDEG.GROUND', N'ION Fedex Ground', 1, 1, 6, 5)
INSERT [dbo].[TmsShipMethod] ([ID], [Code], [Description], [CarrierID], [Internal], [NarvarShipMethodID], [PriorityRank]) VALUES (2, N'ION.FDEG.ONE_DAY', N'ION Fedex One Day', 1, 1, 5, 1)
INSERT [dbo].[TmsShipMethod] ([ID], [Code], [Description], [CarrierID], [Internal], [NarvarShipMethodID], [PriorityRank]) VALUES (3, N'ION.FDEG.TWO_DAY', N'ION Fedex Two Day', 1, 1, 4, 2)
INSERT [dbo].[TmsShipMethod] ([ID], [Code], [Description], [CarrierID], [Internal], [NarvarShipMethodID], [PriorityRank]) VALUES (4, N'ION.CHR.LTL', N'LTL', 7, 1, NULL, 1)
INSERT [dbo].[TmsShipMethod] ([ID], [Code], [Description], [CarrierID], [Internal], [NarvarShipMethodID], [PriorityRank]) VALUES (5, N'ION.FDEG.FEDEXFREIGHT', N'Fedex Freight', 1, 1, NULL, 1)
INSERT [dbo].[TmsShipMethod] ([ID], [Code], [Description], [CarrierID], [Internal], [NarvarShipMethodID], [PriorityRank]) VALUES (6, N'ION.PB.GROUND', N'Pitney bowes', 4, 1, NULL, 1)
INSERT [dbo].[TmsShipMethod] ([ID], [Code], [Description], [CarrierID], [Internal], [NarvarShipMethodID], [PriorityRank]) VALUES (7, N'ION.OTC.GROUND', N'Ontrac', 6, 1, NULL, 1)
INSERT [dbo].[TmsShipMethod] ([ID], [Code], [Description], [CarrierID], [Internal], [NarvarShipMethodID], [PriorityRank]) VALUES (8, N'PS_ALF.FWS.FOV', N'FedEx First Overnight', 1, 0, 5, NULL)
INSERT [dbo].[TmsShipMethod] ([ID], [Code], [Description], [CarrierID], [Internal], [NarvarShipMethodID], [PriorityRank]) VALUES (9, N'PS_ALF.FWS.PRI', N'FedEx Priority Overnight', 1, 0, 5, NULL)
INSERT [dbo].[TmsShipMethod] ([ID], [Code], [Description], [CarrierID], [Internal], [NarvarShipMethodID], [PriorityRank]) VALUES (10, N'PS_ALF.FWS.STD', N'FedEx Standard Overnight', 1, 0, 5, NULL)
INSERT [dbo].[TmsShipMethod] ([ID], [Code], [Description], [CarrierID], [Internal], [NarvarShipMethodID], [PriorityRank]) VALUES (11, N'PS_ALF.FWS.2DA', N'FedEx 2Day', 1, 0, 5, NULL)
INSERT [dbo].[TmsShipMethod] ([ID], [Code], [Description], [CarrierID], [Internal], [NarvarShipMethodID], [PriorityRank]) VALUES (12, N'PS_ALF.FWS.EXP', N'FedEx Express Saver', 1, 0, 9, NULL)
INSERT [dbo].[TmsShipMethod] ([ID], [Code], [Description], [CarrierID], [Internal], [NarvarShipMethodID], [PriorityRank]) VALUES (13, N'PS_ALF.FWS.FRE', N'FedEx Freight Economy', 1, 0, 6, NULL)
INSERT [dbo].[TmsShipMethod] ([ID], [Code], [Description], [CarrierID], [Internal], [NarvarShipMethodID], [PriorityRank]) VALUES (14, N'PS_ALF.FWS.FRP', N'FedEx Freight Priority', 1, 0, 6, NULL)
INSERT [dbo].[TmsShipMethod] ([ID], [Code], [Description], [CarrierID], [Internal], [NarvarShipMethodID], [PriorityRank]) VALUES (15, N'PS_ALF.FWS.GND', N'FedEx Ground', 1, 0, 6, NULL)
INSERT [dbo].[TmsShipMethod] ([ID], [Code], [Description], [CarrierID], [Internal], [NarvarShipMethodID], [PriorityRank]) VALUES (16, N'PS_ALF.FWS.HDL', N'FedEx Home Delivery', 1, 0, 7, NULL)
INSERT [dbo].[TmsShipMethod] ([ID], [Code], [Description], [CarrierID], [Internal], [NarvarShipMethodID], [PriorityRank]) VALUES (17, N'PS_ALF.FWS.FOVI', N'FedEx International First', 1, 0, 6, NULL)
INSERT [dbo].[TmsShipMethod] ([ID], [Code], [Description], [CarrierID], [Internal], [NarvarShipMethodID], [PriorityRank]) VALUES (18, N'PS_ALF.FWS.PRII', N'FedEx International Priority', 1, 0, 6, NULL)
INSERT [dbo].[TmsShipMethod] ([ID], [Code], [Description], [CarrierID], [Internal], [NarvarShipMethodID], [PriorityRank]) VALUES (19, N'PS_ALF.FWS.2DAI', N'FedEx International Economy', 1, 0, 6, NULL)
INSERT [dbo].[TmsShipMethod] ([ID], [Code], [Description], [CarrierID], [Internal], [NarvarShipMethodID], [PriorityRank]) VALUES (20, N'PS_ALF.FWS.FR1I', N'FedEx International Priority Freight', 1, 0, 6, NULL)
INSERT [dbo].[TmsShipMethod] ([ID], [Code], [Description], [CarrierID], [Internal], [NarvarShipMethodID], [PriorityRank]) VALUES (21, N'PS_ALF.FWS.IEF', N'FedEx International Economy Freight', 1, 0, 6, NULL)
INSERT [dbo].[TmsShipMethod] ([ID], [Code], [Description], [CarrierID], [Internal], [NarvarShipMethodID], [PriorityRank]) VALUES (22, N'BWTI_UPS.UPS.NAM', N'UPS Next Day Air Early A.M.', 3, 0, 5, NULL)
INSERT [dbo].[TmsShipMethod] ([ID], [Code], [Description], [CarrierID], [Internal], [NarvarShipMethodID], [PriorityRank]) VALUES (23, N'BWTI_UPS.UPS.NDA', N'UPS Next Day Air', 3, 0, 5, NULL)
INSERT [dbo].[TmsShipMethod] ([ID], [Code], [Description], [CarrierID], [Internal], [NarvarShipMethodID], [PriorityRank]) VALUES (24, N'BWTI_UPS.UPS.NDS', N'UPS Next Day Air Saver', 3, 0, 5, NULL)
INSERT [dbo].[TmsShipMethod] ([ID], [Code], [Description], [CarrierID], [Internal], [NarvarShipMethodID], [PriorityRank]) VALUES (25, N'BWTI_UPS.UPS.2AM', N'UPS 2nd Day Air A.M.', 3, 0, 4, NULL)
INSERT [dbo].[TmsShipMethod] ([ID], [Code], [Description], [CarrierID], [Internal], [NarvarShipMethodID], [PriorityRank]) VALUES (26, N'BWTI_UPS.UPS.2DA', N'UPS 2nd Day Air', 3, 0, 4, NULL)
INSERT [dbo].[TmsShipMethod] ([ID], [Code], [Description], [CarrierID], [Internal], [NarvarShipMethodID], [PriorityRank]) VALUES (27, N'BWTI_UPS.UPS.3DS', N'UPS 3 Day Select', 3, 0, 3, NULL)
INSERT [dbo].[TmsShipMethod] ([ID], [Code], [Description], [CarrierID], [Internal], [NarvarShipMethodID], [PriorityRank]) VALUES (28, N'BWTI_UPS.UPS.GND', N'UPS Ground', 3, 0, 1, NULL)
INSERT [dbo].[TmsShipMethod] ([ID], [Code], [Description], [CarrierID], [Internal], [NarvarShipMethodID], [PriorityRank]) VALUES (29, N'BWTI_UPS.UPS.SC', N'UPS Standard', 3, 0, 1, NULL)
INSERT [dbo].[TmsShipMethod] ([ID], [Code], [Description], [CarrierID], [Internal], [NarvarShipMethodID], [PriorityRank]) VALUES (30, N'BWTI_UPS.UPS.WWE', N'UPS Worldwide Expedited', 3, 0, 1, NULL)
INSERT [dbo].[TmsShipMethod] ([ID], [Code], [Description], [CarrierID], [Internal], [NarvarShipMethodID], [PriorityRank]) VALUES (31, N'BWTI_UPS.UPS.WWX', N'UPS Worldwide Express', 3, 0, 1, NULL)
INSERT [dbo].[TmsShipMethod] ([ID], [Code], [Description], [CarrierID], [Internal], [NarvarShipMethodID], [PriorityRank]) VALUES (32, N'BWTI_UPS.UPS.WWXP', N'UPS Worldwide Express Plus', 3, 0, 1, NULL)
INSERT [dbo].[TmsShipMethod] ([ID], [Code], [Description], [CarrierID], [Internal], [NarvarShipMethodID], [PriorityRank]) VALUES (33, N'BWTI_UPS.UPS.WWS', N'UPS Worldwide Express Saver', 3, 0, 1, NULL)
INSERT [dbo].[TmsShipMethod] ([ID], [Code], [Description], [CarrierID], [Internal], [NarvarShipMethodID], [PriorityRank]) VALUES (34, N'PS_ALF.ONTRAC.CT', N'Ground (formerly called CalTrac)', 6, 0, NULL, NULL)
INSERT [dbo].[TmsShipMethod] ([ID], [Code], [Description], [CarrierID], [Internal], [NarvarShipMethodID], [PriorityRank]) VALUES (35, N'PS_ALF.NEWGST.PSL', N'Parcel Select', 4, 0, NULL, NULL)
INSERT [dbo].[TmsShipMethod] ([ID], [Code], [Description], [CarrierID], [Internal], [NarvarShipMethodID], [PriorityRank]) VALUES (36, N'PS_ALF.NEWGST.PLW', N'Parcel Select Lightweight', 4, 0, NULL, NULL)
INSERT [dbo].[TmsShipMethod] ([ID], [Code], [Description], [CarrierID], [Internal], [NarvarShipMethodID], [PriorityRank]) VALUES (37, N'PS_ALF.NEWGST.PRI', N'Priority', 4, 0, NULL, NULL)
INSERT [dbo].[TmsShipMethod] ([ID], [Code], [Description], [CarrierID], [Internal], [NarvarShipMethodID], [PriorityRank]) VALUES (38, N'PS_ALF.NEWGST.FCM', N'First Class', 4, 0, NULL, NULL)
INSERT [dbo].[TmsShipMethod] ([ID], [Code], [Description], [CarrierID], [Internal], [NarvarShipMethodID], [PriorityRank]) VALUES (39, N'PS_ALF.NEWGST.BPM', N'Bound Printed Matter', 4, 0, NULL, NULL)
INSERT [dbo].[TmsShipMethod] ([ID], [Code], [Description], [CarrierID], [Internal], [NarvarShipMethodID], [PriorityRank]) VALUES (40, N'PS_ALF.NEWGST.RET', N'Returns', 4, 0, NULL, NULL)
INSERT [dbo].[TmsShipMethod] ([ID], [Code], [Description], [CarrierID], [Internal], [NarvarShipMethodID], [PriorityRank]) VALUES (41, N'ION.FDEG.THREE_DAY', N'ION Fedex Three Day', 1, 1, NULL, 3)
INSERT [dbo].[TmsShipMethod] ([ID], [Code], [Description], [CarrierID], [Internal], [NarvarShipMethodID], [PriorityRank]) VALUES (42, N'PS_ALF.FWS.FXSP', N'Fedex Smart Post', 1, 0, 2, NULL)
INSERT [dbo].[TmsShipMethod] ([ID], [Code], [Description], [CarrierID], [Internal], [NarvarShipMethodID], [PriorityRank]) VALUES (43, N'ION.STK.GROUND', N'ION Startrack Ground', 8, 1, 1, NULL)
INSERT [dbo].[TmsShipMethod] ([ID], [Code], [Description], [CarrierID], [Internal], [NarvarShipMethodID], [PriorityRank]) VALUES (44, N'ION.UPSN.GROUND', N'ION UPS Ground', 3, 1, 1, NULL)
INSERT [dbo].[TmsShipMethod] ([ID], [Code], [Description], [CarrierID], [Internal], [NarvarShipMethodID], [PriorityRank]) VALUES (45, N'ION.UPSN.ONE_DAY', N'ION UPS one day', 3, 1, 1, NULL)
INSERT [dbo].[TmsShipMethod] ([ID], [Code], [Description], [CarrierID], [Internal], [NarvarShipMethodID], [PriorityRank]) VALUES (46, N'ION.UPSN.TWO_DAY', N'ION UPS two day', 3, 1, 1, NULL)
INSERT [dbo].[TmsShipMethod] ([ID], [Code], [Description], [CarrierID], [Internal], [NarvarShipMethodID], [PriorityRank]) VALUES (47, N'ION.LSO.GROUND', N'Lone Star Overnight Ground', 9, 1, NULL, 1)
INSERT [dbo].[TmsShipMethod] ([ID], [Code], [Description], [CarrierID], [Internal], [NarvarShipMethodID], [PriorityRank]) VALUES (48, N'ION.UPSN.GROUND', N'ION Ups EU Ground', 10, 1, 1, NULL)
INSERT [dbo].[TmsShipMethod] ([ID], [Code], [Description], [CarrierID], [Internal], [NarvarShipMethodID], [PriorityRank]) VALUES (49, N'ION.UPSN.ONE_DAY', N'ION Ups EU One day', 10, 1, 1, NULL)
INSERT [dbo].[TmsShipMethod] ([ID], [Code], [Description], [CarrierID], [Internal], [NarvarShipMethodID], [PriorityRank]) VALUES (50, N'ION.UPSN.TWO_DAY', N'ION Ups EU Two day', 10, 1, 1, NULL)
INSERT [dbo].[TmsShipMethod] ([ID], [Code], [Description], [CarrierID], [Internal], [NarvarShipMethodID], [PriorityRank]) VALUES (51, N'ION.LSO.ONE_DAY', N'Lonestar Overnight One day', 9, 1, 5, NULL)
INSERT [dbo].[TmsShipMethod] ([ID], [Code], [Description], [CarrierID], [Internal], [NarvarShipMethodID], [PriorityRank]) VALUES (52, N'ION.LSO.TWO_DAY', N'Lonestart Overnight two day', 9, 1, 4, NULL)
INSERT [dbo].[TmsShipMethod] ([ID], [Code], [Description], [CarrierID], [Internal], [NarvarShipMethodID], [PriorityRank]) VALUES (54, N'ION.DPD.GROUND', N'DPD ground', 11, 1, 1, NULL)
INSERT [dbo].[TmsShipMethod] ([ID], [Code], [Description], [CarrierID], [Internal], [NarvarShipMethodID], [PriorityRank]) VALUES (55, N'ION.DPD.ONE_DAY', N'DPD one day', 11, 1, 5, NULL)
INSERT [dbo].[TmsShipMethod] ([ID], [Code], [Description], [CarrierID], [Internal], [NarvarShipMethodID], [PriorityRank]) VALUES (56, N'ION.DPD.TWO_DAY', N'DPD two day', 11, 1, 4, NULL)
SET IDENTITY_INSERT [dbo].[TmsShipMethod] OFF


INSERT [dbo].[SourceWarehouse] ([ID], [Name], [RegionID]) VALUES (4, N'TestWarehouse', 2)
INSERT [dbo].[SourceWarehouse] ([ID], [Name], [RegionID]) VALUES (83, N'TestWarehouse', 1)

INSERT INTO AspNetUsers (Id, AccessFailedCount, Email, EmailConfirmed, LockoutEnabled, NormalizedEmail, NormalizedUserName, PasswordHash, PhoneNumber, PhoneNumberConfirmed, SecurityStamp, TwoFactorEnabled, UserName)
VALUES
('07e479c2-f45c-49d6-ad8b-e027e7ec66b3', 0, 'admin@example.com', 1, 1, 'ADMIN@EXAMPLE.COM', 'ADMIN', 'password123', '1231231234', 1, 'P7LHNAX4SBIKFLCHMASOVMVLY7RRSKGZ', 0, 'ADMIN')

INSERT INTO AspNetUserRoles (UserId, RoleId) VALUES ('07e479c2-f45c-49d6-ad8b-e027e7ec66b3', 5)


-- insert data for internal id sprocs
INSERT INTO NextInternalOrderID  VALUES (1)
INSERT INTO NextInternalCustomerID  VALUES (1)
INSERT INTO NextInternalOrderDetailID VALUES (1)
INSERT INTO NextInternalTrackingNumberID VALUES (1)

SET IDENTITY_INSERT [dbo].[HybrisVirtualHost] ON
INSERT INTO HybrisVirtualHost (ID, [Name], URI, Active, [Default], Username, [Password], Reserved) VALUES ( 0, '/', 'amqp://localhost', 1, 1, null, null, 1)
SET IDENTITY_INSERT [dbo].[HybrisVirtualHost] OFF

INSERT INTO HybrisWarehouse (WarehouseCode, RegionID) VALUES( 'warehouse_d', 1), ('warehouse_e',2), ('warehouse_a',3)

INSERT INTO CarrierWarehouse(CarrierID, WarehouseID, Active, Priority, DateEntered) VALUES( 1, 83, 1, 5, CURRENT_TIMESTAMP),( 7, 83, 1, 5, CURRENT_TIMESTAMP), ( 3, 4, 1, 5, CURRENT_TIMESTAMP)

INSERT INTO WarehouseShipMethod (Active, WarehouseID, ShipMethodID) VALUES (1, 83, 1), (1, 83, 2), (1, 83, 3), (1, 83, 5), (1, 83, 6), (1, 4, 1), (1, 4, 2), (1, 4, 3), (1, 4, 5), (1, 4, 6)

insert into CarrierShipMethod (ShipMethodID, Operator,CarrierID) VALUES( 4, 0, 7)

insert into WarehouseTMSShipMethodConversion (Code, WarehouseID, TmsShipMethodID) VALUES ('GROUND', 83, 1), ('TWO_DAY', 83, 3),('ONE_DAY', 83, 2),('THREE_DAY', 83, 41),('FF', 83, 5),('LTL', 83, 4),('GROUND', 4, 44)

insert into TmsWarehouse (AllocationEnabled, WarehouseID, ShipperSymbol, Enabled) VALUES (1, 83, 'TK',0), (1, 4, 'TK', 0)

SET IDENTITY_INSERT [dbo].[SourcingCategory] ON
INSERT INTO SourcingCategory (ID, [Name]) VALUES (1, 'PolyGroup'),(2, 'Decor');
SET IDENTITY_INSERT [dbo].[SourcingCategory] OFF