USE [${Environment}Trees]
GO
SET IDENTITY_INSERT [dbo].[OrderAmendmentType] ON 

INSERT [dbo].[OrderAmendmentType] ([ID], [Type]) VALUES (1, N'RETURNS')
INSERT [dbo].[OrderAmendmentType] ([ID], [Type]) VALUES (2, N'FEES')
INSERT [dbo].[OrderAmendmentType] ([ID], [Type]) VALUES (3, N'DISCOUNTS')
INSERT [dbo].[OrderAmendmentType] ([ID], [Type]) VALUES (5, N'DELIVERY_MODE')
INSERT [dbo].[OrderAmendmentType] ([ID], [Type]) VALUES (6, N'TAXATION')
INSERT [dbo].[OrderAmendmentType] ([ID], [Type]) VALUES (7, N'SHIPPING_ADDRESS')
INSERT [dbo].[OrderAmendmentType] ([ID], [Type]) VALUES (8, N'CANCEL')
INSERT [dbo].[OrderAmendmentType] ([ID], [Type]) VALUES (9, N'OFFSET')
SET IDENTITY_INSERT [dbo].[OrderAmendmentType] OFF
SET IDENTITY_INSERT [dbo].[OrderAmendmentCode] ON 

INSERT [dbo].[OrderAmendmentCode] ([ID], [OrderAmendmentTypeID], [Code], [Name], [RequiresSku], [RequiresCode], [SendToHybris], [RequiresOrderUpdate]) VALUES (1, 1, N'OFF-RTRN', N'RTRN(Product Name)', 1, 0, 0, 0)
INSERT [dbo].[OrderAmendmentCode] ([ID], [OrderAmendmentTypeID], [Code], [Name], [RequiresSku], [RequiresCode], [SendToHybris], [RequiresOrderUpdate]) VALUES (2, 1, N'OFF-EXC', N'EXC(Product Name)', 1, 0, 0, 0)
INSERT [dbo].[OrderAmendmentCode] ([ID], [OrderAmendmentTypeID], [Code], [Name], [RequiresSku], [RequiresCode], [SendToHybris], [RequiresOrderUpdate]) VALUES (3, 8, N'OFF-OOS', N'OOS(Product Name)', 1, 0, 0, 1)
INSERT [dbo].[OrderAmendmentCode] ([ID], [OrderAmendmentTypeID], [Code], [Name], [RequiresSku], [RequiresCode], [SendToHybris], [RequiresOrderUpdate]) VALUES (4, 8, N'OFF-CNL', N'CNL(Product Name)', 1, 0, 0, 1)
INSERT [dbo].[OrderAmendmentCode] ([ID], [OrderAmendmentTypeID], [Code], [Name], [RequiresSku], [RequiresCode], [SendToHybris], [RequiresOrderUpdate]) VALUES (5, 9, N'OFF-', N'OFF (Voucher or Promotion Name)', 0, 1, 0, 0)
INSERT [dbo].[OrderAmendmentCode] ([ID], [OrderAmendmentTypeID], [Code], [Name], [RequiresSku], [RequiresCode], [SendToHybris], [RequiresOrderUpdate]) VALUES (6, 3, N'OFF-SHIP', N'Refund Shipping Charges', 1, 0, 1, 0)
INSERT [dbo].[OrderAmendmentCode] ([ID], [OrderAmendmentTypeID], [Code], [Name], [RequiresSku], [RequiresCode], [SendToHybris], [RequiresOrderUpdate]) VALUES (7, 2, N'FEE-LBL', N'Label Fee', 0, 0, 0, 0)
INSERT [dbo].[OrderAmendmentCode] ([ID], [OrderAmendmentTypeID], [Code], [Name], [RequiresSku], [RequiresCode], [SendToHybris], [RequiresOrderUpdate]) VALUES (8, 2, N'FEE-RTRN', N'Return Fee', 0, 0, 0, 0)
INSERT [dbo].[OrderAmendmentCode] ([ID], [OrderAmendmentTypeID], [Code], [Name], [RequiresSku], [RequiresCode], [SendToHybris], [RequiresOrderUpdate]) VALUES (9, 2, N'FEE-EXC', N'Exchange Fee', 0, 0, 0, 0)
INSERT [dbo].[OrderAmendmentCode] ([ID], [OrderAmendmentTypeID], [Code], [Name], [RequiresSku], [RequiresCode], [SendToHybris], [RequiresOrderUpdate]) VALUES (10, 2, N'FEE-RSTK', N'Restock Fee', 0, 0, 0, 0)
INSERT [dbo].[OrderAmendmentCode] ([ID], [OrderAmendmentTypeID], [Code], [Name], [RequiresSku], [RequiresCode], [SendToHybris], [RequiresOrderUpdate]) VALUES (11, 3, N'DSC-CCC', N'Customer Care Credit', 0, 0, 1, 0)
INSERT [dbo].[OrderAmendmentCode] ([ID], [OrderAmendmentTypeID], [Code], [Name], [RequiresSku], [RequiresCode], [SendToHybris], [RequiresOrderUpdate]) VALUES (12, 3, N'DSC-PTGY', N'Price Guarantee Discount', 0, 0, 0, 0)
INSERT [dbo].[OrderAmendmentCode] ([ID], [OrderAmendmentTypeID], [Code], [Name], [RequiresSku], [RequiresCode], [SendToHybris], [RequiresOrderUpdate]) VALUES (13, 3, N'DSC-CORP', N'Corporate Discount', 0, 0, 1, 0)
INSERT [dbo].[OrderAmendmentCode] ([ID], [OrderAmendmentTypeID], [Code], [Name], [RequiresSku], [RequiresCode], [SendToHybris], [RequiresOrderUpdate]) VALUES (14, 3, N'DSC-CC', N'Post Order Voucher', 0, 0, 1, 0)
INSERT [dbo].[OrderAmendmentCode] ([ID], [OrderAmendmentTypeID], [Code], [Name], [RequiresSku], [RequiresCode], [SendToHybris], [RequiresOrderUpdate]) VALUES (15, 3, N'DSC-PGTY', N'Price Guarantee Discount', 1, 0, 1, 0)
INSERT [dbo].[OrderAmendmentCode] ([ID], [OrderAmendmentTypeID], [Code], [Name], [RequiresSku], [RequiresCode], [SendToHybris], [RequiresOrderUpdate]) VALUES (16, 3, N'DSC-', N'Discount', 0, 1, 0, 0)
INSERT [dbo].[OrderAmendmentCode] ([ID], [OrderAmendmentTypeID], [Code], [Name], [RequiresSku], [RequiresCode], [SendToHybris], [RequiresOrderUpdate]) VALUES (17, 2, N'FEE-PERSONALIZE', N'Fee', 0, 0, 0, 0)
SET IDENTITY_INSERT [dbo].[OrderAmendmentCode] OFF
SET IDENTITY_INSERT [dbo].[MappingCategory] ON 

INSERT [dbo].[MappingCategory] ([ID], [Description]) VALUES (1, N'Tracking')
INSERT [dbo].[MappingCategory] ([ID], [Description]) VALUES (2, N'Inventory')
INSERT [dbo].[MappingCategory] ([ID], [Description]) VALUES (3, N'Order')
INSERT [dbo].[MappingCategory] ([ID], [Description]) VALUES (4, N'Warranty')
INSERT [dbo].[MappingCategory] ([ID], [Description]) VALUES (5, N'PaymentLog')
INSERT [dbo].[MappingCategory] ([ID], [Description]) VALUES (6, N'LineItem')
SET IDENTITY_INSERT [dbo].[MappingCategory] OFF
SET IDENTITY_INSERT [dbo].[MappingFileCategory] ON 

INSERT [dbo].[MappingFileCategory] ([ID], [Description], [Active]) VALUES (1, N'csv', 1)
INSERT [dbo].[MappingFileCategory] ([ID], [Description], [Active]) VALUES (2, N'xls', 1)
SET IDENTITY_INSERT [dbo].[MappingFileCategory] OFF
SET IDENTITY_INSERT [dbo].[Mapping] ON 

INSERT [dbo].[Mapping] ([ID], [MappingCategoryID], [MappingFileCategoryID], [Name], [HasHeader], [Delimiter/SpreadSheet], [Deleted], [NumOfHeaderRows], [IsDefault]) VALUES (1, 1, 1, N'Tracking - Default Mapping', 1, N',', 0, 1, 1)
INSERT [dbo].[Mapping] ([ID], [MappingCategoryID], [MappingFileCategoryID], [Name], [HasHeader], [Delimiter/SpreadSheet], [Deleted], [NumOfHeaderRows], [IsDefault]) VALUES (2, 2, 1, N'Inventory - Default Mapping', 1, N',', 0, 1, 1)
INSERT [dbo].[Mapping] ([ID], [MappingCategoryID], [MappingFileCategoryID], [Name], [HasHeader], [Delimiter/SpreadSheet], [Deleted], [NumOfHeaderRows], [IsDefault]) VALUES (3, 3, 1, N'Order - Default Mapping', 1, N',', 0, 1, 1)
INSERT [dbo].[Mapping] ([ID], [MappingCategoryID], [MappingFileCategoryID], [Name], [HasHeader], [Delimiter/SpreadSheet], [Deleted], [NumOfHeaderRows], [IsDefault]) VALUES (4, 2, 2, N'Vickerman', 1, N'sheet1', 0, 1, 0)
INSERT [dbo].[Mapping] ([ID], [MappingCategoryID], [MappingFileCategoryID], [Name], [HasHeader], [Delimiter/SpreadSheet], [Deleted], [NumOfHeaderRows], [IsDefault]) VALUES (6, 1, 1, N'Tracking', 1, N',', 0, 1, 0)
INSERT [dbo].[Mapping] ([ID], [MappingCategoryID], [MappingFileCategoryID], [Name], [HasHeader], [Delimiter/SpreadSheet], [Deleted], [NumOfHeaderRows], [IsDefault]) VALUES (9, 2, 1, N'Hanover - Mapping', 1, N',', 0, 1, 0)
INSERT [dbo].[Mapping] ([ID], [MappingCategoryID], [MappingFileCategoryID], [Name], [HasHeader], [Delimiter/SpreadSheet], [Deleted], [NumOfHeaderRows], [IsDefault]) VALUES (12, 2, 1, N'Fifth Gear - Inventory', 0, N',', 0, 0, 0)
INSERT [dbo].[Mapping] ([ID], [MappingCategoryID], [MappingFileCategoryID], [Name], [HasHeader], [Delimiter/SpreadSheet], [Deleted], [NumOfHeaderRows], [IsDefault]) VALUES (14, 2, 1, N'Inventory - (1-SKU,2-Avail) Position', 1, N',', 0, 1, 0)
INSERT [dbo].[Mapping] ([ID], [MappingCategoryID], [MappingFileCategoryID], [Name], [HasHeader], [Delimiter/SpreadSheet], [Deleted], [NumOfHeaderRows], [IsDefault]) VALUES (15, 2, 2, N'Inland - Inventory Xls', 1, N'Sheet1', 0, 1, 0)
INSERT [dbo].[Mapping] ([ID], [MappingCategoryID], [MappingFileCategoryID], [Name], [HasHeader], [Delimiter/SpreadSheet], [Deleted], [NumOfHeaderRows], [IsDefault]) VALUES (16, 2, 1, N'Inland - Inventory Csv', 1, N',', 0, 1, 0)
INSERT [dbo].[Mapping] ([ID], [MappingCategoryID], [MappingFileCategoryID], [Name], [HasHeader], [Delimiter/SpreadSheet], [Deleted], [NumOfHeaderRows], [IsDefault]) VALUES (17, 4, 1, N'Warranty', 1, N',', 0, 1, 0)
INSERT [dbo].[Mapping] ([ID], [MappingCategoryID], [MappingFileCategoryID], [Name], [HasHeader], [Delimiter/SpreadSheet], [Deleted], [NumOfHeaderRows], [IsDefault]) VALUES (18, 5, 1, N'PaymentLog - Default Mapping', 1, N',', 0, 1, 1)
INSERT [dbo].[Mapping] ([ID], [MappingCategoryID], [MappingFileCategoryID], [Name], [HasHeader], [Delimiter/SpreadSheet], [Deleted], [NumOfHeaderRows], [IsDefault]) VALUES (19, 1, 2, N'Sky Ranch Tree Farm - Tracking', 1, N',', 0, 1, 1)
INSERT [dbo].[Mapping] ([ID], [MappingCategoryID], [MappingFileCategoryID], [Name], [HasHeader], [Delimiter/SpreadSheet], [Deleted], [NumOfHeaderRows], [IsDefault]) VALUES (20, 1, 2, N'Cardinal Tree Farm - Tracking', 1, N',', 0, 1, 1)
INSERT [dbo].[Mapping] ([ID], [MappingCategoryID], [MappingFileCategoryID], [Name], [HasHeader], [Delimiter/SpreadSheet], [Deleted], [NumOfHeaderRows], [IsDefault]) VALUES (21, 1, 2, N'Weir Tree Farms - Tracking', 1, N',', 0, 1, 1)
INSERT [dbo].[Mapping] ([ID], [MappingCategoryID], [MappingFileCategoryID], [Name], [HasHeader], [Delimiter/SpreadSheet], [Deleted], [NumOfHeaderRows], [IsDefault]) VALUES (22, 1, 1, N'Hanover - Tracking Mapping', 1, N',', 0, 1, 0)
INSERT [dbo].[Mapping] ([ID], [MappingCategoryID], [MappingFileCategoryID], [Name], [HasHeader], [Delimiter/SpreadSheet], [Deleted], [NumOfHeaderRows], [IsDefault]) VALUES (23, 1, 1, N'Hanzo Tracking Mapping', 1, N',', 0, 1, 0)
INSERT [dbo].[Mapping] ([ID], [MappingCategoryID], [MappingFileCategoryID], [Name], [HasHeader], [Delimiter/SpreadSheet], [Deleted], [NumOfHeaderRows], [IsDefault]) VALUES (24, 2, 1, N'Hanzo Inventory Mapping', 1, N',', 0, 1, 0)
INSERT [dbo].[Mapping] ([ID], [MappingCategoryID], [MappingFileCategoryID], [Name], [HasHeader], [Delimiter/SpreadSheet], [Deleted], [NumOfHeaderRows], [IsDefault]) VALUES (25, 3, 2, N'Spreetail Order', 1, N'sheet1', 0, 1, 1)
INSERT [dbo].[Mapping] ([ID], [MappingCategoryID], [MappingFileCategoryID], [Name], [HasHeader], [Delimiter/SpreadSheet], [Deleted], [NumOfHeaderRows], [IsDefault]) VALUES (26, 3, 1, N'Order Acknowledgement Header - Wayfair', 1, N'|', 0, 0, 0)
INSERT [dbo].[Mapping] ([ID], [MappingCategoryID], [MappingFileCategoryID], [Name], [HasHeader], [Delimiter/SpreadSheet], [Deleted], [NumOfHeaderRows], [IsDefault]) VALUES (27, 6, 1, N'Order Acknowledgement Line Item - Wayfair', 1, N'|', 0, 1, 0)
INSERT [dbo].[Mapping] ([ID], [MappingCategoryID], [MappingFileCategoryID], [Name], [HasHeader], [Delimiter/SpreadSheet], [Deleted], [NumOfHeaderRows], [IsDefault]) VALUES (28, 1, 1, N'Advanced Ship Notice - Wayfair', 1, N'|', 0, 0, 0)
INSERT [dbo].[Mapping] ([ID], [MappingCategoryID], [MappingFileCategoryID], [Name], [HasHeader], [Delimiter/SpreadSheet], [Deleted], [NumOfHeaderRows], [IsDefault]) VALUES (29, 6, 1, N'Advanced Ship Notice Line Item - Wayfair', 1, N'|', 0, 1, 0)
SET IDENTITY_INSERT [dbo].[Mapping] OFF
SET IDENTITY_INSERT [dbo].[MappingCategoryFieldDetail] ON 

INSERT [dbo].[MappingCategoryFieldDetail] ([ID], [Description], [ColumnName], [Required]) VALUES (1, N'Order Number', N'orderid', 1)
INSERT [dbo].[MappingCategoryFieldDetail] ([ID], [Description], [ColumnName], [Required]) VALUES (2, N'Tracking Number', N'trackingnumber', 1)
INSERT [dbo].[MappingCategoryFieldDetail] ([ID], [Description], [ColumnName], [Required]) VALUES (3, N'Ship Date', N'shipdate', 0)
INSERT [dbo].[MappingCategoryFieldDetail] ([ID], [Description], [ColumnName], [Required]) VALUES (4, N'Shipping Method', N'shippingmethodid', 0)
INSERT [dbo].[MappingCategoryFieldDetail] ([ID], [Description], [ColumnName], [Required]) VALUES (5, N'UPC', N'upc', 1)
INSERT [dbo].[MappingCategoryFieldDetail] ([ID], [Description], [ColumnName], [Required]) VALUES (6, N'UPC', N'upc', 1)
INSERT [dbo].[MappingCategoryFieldDetail] ([ID], [Description], [ColumnName], [Required]) VALUES (7, N'Quantity', N'qty', 1)
INSERT [dbo].[MappingCategoryFieldDetail] ([ID], [Description], [ColumnName], [Required]) VALUES (8, N'Gateway', N'gateway', 0)
INSERT [dbo].[MappingCategoryFieldDetail] ([ID], [Description], [ColumnName], [Required]) VALUES (9, N'Cost', N'cost', 0)
INSERT [dbo].[MappingCategoryFieldDetail] ([ID], [Description], [ColumnName], [Required]) VALUES (12, N'Shipping Method', N'shippingmethodid', 1)
INSERT [dbo].[MappingCategoryFieldDetail] ([ID], [Description], [ColumnName], [Required]) VALUES (13, N'Order Comments', N'ordercomments', 0)
INSERT [dbo].[MappingCategoryFieldDetail] ([ID], [Description], [ColumnName], [Required]) VALUES (14, N'Email Address', N'emailaddress', 1)
INSERT [dbo].[MappingCategoryFieldDetail] ([ID], [Description], [ColumnName], [Required]) VALUES (15, N'Shipping PhoneNumber', N'shipphonenumber', 1)
INSERT [dbo].[MappingCategoryFieldDetail] ([ID], [Description], [ColumnName], [Required]) VALUES (16, N'Shipping Firstname', N'shipfirstname', 1)
INSERT [dbo].[MappingCategoryFieldDetail] ([ID], [Description], [ColumnName], [Required]) VALUES (17, N'Shipping LastName', N'shiplastname', 1)
INSERT [dbo].[MappingCategoryFieldDetail] ([ID], [Description], [ColumnName], [Required]) VALUES (18, N'Shipping CompanyName', N'shipcompanyname', 0)
INSERT [dbo].[MappingCategoryFieldDetail] ([ID], [Description], [ColumnName], [Required]) VALUES (19, N'Shipping Address1', N'shipaddress1', 1)
INSERT [dbo].[MappingCategoryFieldDetail] ([ID], [Description], [ColumnName], [Required]) VALUES (20, N'Shipping Address2', N'shipaddress2', 0)
INSERT [dbo].[MappingCategoryFieldDetail] ([ID], [Description], [ColumnName], [Required]) VALUES (21, N'Shipping City', N'shipcity', 1)
INSERT [dbo].[MappingCategoryFieldDetail] ([ID], [Description], [ColumnName], [Required]) VALUES (22, N'Shipping State', N'shipstate', 1)
INSERT [dbo].[MappingCategoryFieldDetail] ([ID], [Description], [ColumnName], [Required]) VALUES (23, N'Shipping PostalCode', N'shippostalcode', 1)
INSERT [dbo].[MappingCategoryFieldDetail] ([ID], [Description], [ColumnName], [Required]) VALUES (24, N'Shipping Country', N'shipcountry', 1)
INSERT [dbo].[MappingCategoryFieldDetail] ([ID], [Description], [ColumnName], [Required]) VALUES (25, N'Shipping Method', N'shippingmethodid', 1)
INSERT [dbo].[MappingCategoryFieldDetail] ([ID], [Description], [ColumnName], [Required]) VALUES (26, N'Product Code', N'productcode', 0)
INSERT [dbo].[MappingCategoryFieldDetail] ([ID], [Description], [ColumnName], [Required]) VALUES (27, N'Quantity ', N'quantity', 0)
INSERT [dbo].[MappingCategoryFieldDetail] ([ID], [Description], [ColumnName], [Required]) VALUES (28, N'Product Price', N'productprice', 0)
INSERT [dbo].[MappingCategoryFieldDetail] ([ID], [Description], [ColumnName], [Required]) VALUES (29, N'Ship Residential ', N'shipresidential', 0)
INSERT [dbo].[MappingCategoryFieldDetail] ([ID], [Description], [ColumnName], [Required]) VALUES (30, N'Order Status', N'orderstatus', 0)
INSERT [dbo].[MappingCategoryFieldDetail] ([ID], [Description], [ColumnName], [Required]) VALUES (31, N'Order Notes', N'ordernotes', 0)
INSERT [dbo].[MappingCategoryFieldDetail] ([ID], [Description], [ColumnName], [Required]) VALUES (33, N'Order Date', N'orderdate', 1)
INSERT [dbo].[MappingCategoryFieldDetail] ([ID], [Description], [ColumnName], [Required]) VALUES (34, N'Sales Tax 1', N'salestax1', 0)
INSERT [dbo].[MappingCategoryFieldDetail] ([ID], [Description], [ColumnName], [Required]) VALUES (35, N'Sales Tax 2', N'salestax2', 0)
INSERT [dbo].[MappingCategoryFieldDetail] ([ID], [Description], [ColumnName], [Required]) VALUES (36, N'Sales Tax 3', N'salestax3', 0)
INSERT [dbo].[MappingCategoryFieldDetail] ([ID], [Description], [ColumnName], [Required]) VALUES (37, N'Tax Title 1', N'tax1title', 0)
INSERT [dbo].[MappingCategoryFieldDetail] ([ID], [Description], [ColumnName], [Required]) VALUES (38, N'Tax Title 2', N'tax2title', 0)
INSERT [dbo].[MappingCategoryFieldDetail] ([ID], [Description], [ColumnName], [Required]) VALUES (39, N'Tax Title 3', N'tax3title', 0)
INSERT [dbo].[MappingCategoryFieldDetail] ([ID], [Description], [ColumnName], [Required]) VALUES (40, N'Total Shipping Cost', N'totalshippingcost', 0)
INSERT [dbo].[MappingCategoryFieldDetail] ([ID], [Description], [ColumnName], [Required]) VALUES (41, N'Warehouse Reference Number', N'warehousereferencenumber', 1)
INSERT [dbo].[MappingCategoryFieldDetail] ([ID], [Description], [ColumnName], [Required]) VALUES (42, N'Options', N'Options', 0)
INSERT [dbo].[MappingCategoryFieldDetail] ([ID], [Description], [ColumnName], [Required]) VALUES (43, N'Customer ID', N'CustomerID', 0)
INSERT [dbo].[MappingCategoryFieldDetail] ([ID], [Description], [ColumnName], [Required]) VALUES (44, N'Card Response Code', N'CVV2_Response', 0)
INSERT [dbo].[MappingCategoryFieldDetail] ([ID], [Description], [ColumnName], [Required]) VALUES (45, N'AVS', N'AVS', 0)
INSERT [dbo].[MappingCategoryFieldDetail] ([ID], [Description], [ColumnName], [Required]) VALUES (46, N'Total Payment Authorized', N'Total_Payment_Authorized', 0)
INSERT [dbo].[MappingCategoryFieldDetail] ([ID], [Description], [ColumnName], [Required]) VALUES (47, N'Total Payment Received', N'Total_Payment_Received', 0)
INSERT [dbo].[MappingCategoryFieldDetail] ([ID], [Description], [ColumnName], [Required]) VALUES (48, N'Tax Rate', N'SalesTaxRate', 0)
INSERT [dbo].[MappingCategoryFieldDetail] ([ID], [Description], [ColumnName], [Required]) VALUES (49, N'Tax Rate 1', N'SalesTaxRate1', 0)
INSERT [dbo].[MappingCategoryFieldDetail] ([ID], [Description], [ColumnName], [Required]) VALUES (50, N'Tax Rate 2', N'SalesTaxRate2', 0)
INSERT [dbo].[MappingCategoryFieldDetail] ([ID], [Description], [ColumnName], [Required]) VALUES (51, N'Tax Rate 3', N'SalesTaxRate3', 0)
INSERT [dbo].[MappingCategoryFieldDetail] ([ID], [Description], [ColumnName], [Required]) VALUES (52, N'Payment Amount', N'PaymentAmount', 0)
INSERT [dbo].[MappingCategoryFieldDetail] ([ID], [Description], [ColumnName], [Required]) VALUES (53, N'Order Detail ID', N'OrderDetailID', 0)
INSERT [dbo].[MappingCategoryFieldDetail] ([ID], [Description], [ColumnName], [Required]) VALUES (54, N'Product Name', N'ProductName', 0)
INSERT [dbo].[MappingCategoryFieldDetail] ([ID], [Description], [ColumnName], [Required]) VALUES (55, N'Billing First Name', N'BillingFirstName', 0)
INSERT [dbo].[MappingCategoryFieldDetail] ([ID], [Description], [ColumnName], [Required]) VALUES (56, N'Billing Last Name', N'BillingLastName', 0)
INSERT [dbo].[MappingCategoryFieldDetail] ([ID], [Description], [ColumnName], [Required]) VALUES (57, N'Billing Address Line 1', N'BillingAddress1', 0)
INSERT [dbo].[MappingCategoryFieldDetail] ([ID], [Description], [ColumnName], [Required]) VALUES (58, N'Billing Address Line 2', N'BillingAddress2', 0)
INSERT [dbo].[MappingCategoryFieldDetail] ([ID], [Description], [ColumnName], [Required]) VALUES (59, N'Billing City', N'BillingCity', 0)
INSERT [dbo].[MappingCategoryFieldDetail] ([ID], [Description], [ColumnName], [Required]) VALUES (60, N'Billing Company Name', N'BillingCompanyName', 0)
INSERT [dbo].[MappingCategoryFieldDetail] ([ID], [Description], [ColumnName], [Required]) VALUES (61, N'Billing Country', N'BillingCountry', 0)
INSERT [dbo].[MappingCategoryFieldDetail] ([ID], [Description], [ColumnName], [Required]) VALUES (62, N'Billing Fax Number', N'BillingFaxNumber', 0)
INSERT [dbo].[MappingCategoryFieldDetail] ([ID], [Description], [ColumnName], [Required]) VALUES (63, N'Billing Phone Number', N'BillingPhoneNumber', 0)
INSERT [dbo].[MappingCategoryFieldDetail] ([ID], [Description], [ColumnName], [Required]) VALUES (64, N'Billing Postal Code', N'BillingPostalCode', 0)
INSERT [dbo].[MappingCategoryFieldDetail] ([ID], [Description], [ColumnName], [Required]) VALUES (65, N'Billing State', N'BillingState', 0)
INSERT [dbo].[MappingCategoryFieldDetail] ([ID], [Description], [ColumnName], [Required]) VALUES (66, N'Sales Rep Customer ID', N'SalesRep_CustomerID', 0)
INSERT [dbo].[MappingCategoryFieldDetail] ([ID], [Description], [ColumnName], [Required]) VALUES (67, N'Last 4 of CC', N'CC_Last4', 0)
INSERT [dbo].[MappingCategoryFieldDetail] ([ID], [Description], [ColumnName], [Required]) VALUES (68, N'Store Name', N'brand', 0)
INSERT [dbo].[MappingCategoryFieldDetail] ([ID], [Description], [ColumnName], [Required]) VALUES (69, N'Sku', N'skustore', 0)
INSERT [dbo].[MappingCategoryFieldDetail] ([ID], [Description], [ColumnName], [Required]) VALUES (70, N'Upc Section', N'upc_section', 0)
INSERT [dbo].[MappingCategoryFieldDetail] ([ID], [Description], [ColumnName], [Required]) VALUES (71, N'Warehouse ID', N'warehouseid', 0)
INSERT [dbo].[MappingCategoryFieldDetail] ([ID], [Description], [ColumnName], [Required]) VALUES (72, N'Order_LastModified', N'LastModified', 1)
INSERT [dbo].[MappingCategoryFieldDetail] ([ID], [Description], [ColumnName], [Required]) VALUES (75, N'Deleted', N'Deleted', 0)
INSERT [dbo].[MappingCategoryFieldDetail] ([ID], [Description], [ColumnName], [Required]) VALUES (76, N'AuthorizationCode', N'AuthorizationCode', 0)
INSERT [dbo].[MappingCategoryFieldDetail] ([ID], [Description], [ColumnName], [Required]) VALUES (77, N'PaymentDate', N'PaymentDate', 0)
INSERT [dbo].[MappingCategoryFieldDetail] ([ID], [Description], [ColumnName], [Required]) VALUES (78, N'AVS Response', N'AVS_Response', 0)
INSERT [dbo].[MappingCategoryFieldDetail] ([ID], [Description], [ColumnName], [Required]) VALUES (79, N'PaymentDetails', N'PaymentDetails', 0)
INSERT [dbo].[MappingCategoryFieldDetail] ([ID], [Description], [ColumnName], [Required]) VALUES (80, N'ExcludeFromTotalDue', N'ExcludeFromTotalDue', 0)
INSERT [dbo].[MappingCategoryFieldDetail] ([ID], [Description], [ColumnName], [Required]) VALUES (81, N'PaymentID', N'PaymentID', 0)
INSERT [dbo].[MappingCategoryFieldDetail] ([ID], [Description], [ColumnName], [Required]) VALUES (82, N'OrderID', N'OrderID', 0)
INSERT [dbo].[MappingCategoryFieldDetail] ([ID], [Description], [ColumnName], [Required]) VALUES (83, N'ParentTransactionID', N'ParentTransactionID', 0)
INSERT [dbo].[MappingCategoryFieldDetail] ([ID], [Description], [ColumnName], [Required]) VALUES (84, N'PaymentMethodID', N'PaymentMethodID', 0)
INSERT [dbo].[MappingCategoryFieldDetail] ([ID], [Description], [ColumnName], [Required]) VALUES (85, N'PaymentType', N'PaymentType', 0)
INSERT [dbo].[MappingCategoryFieldDetail] ([ID], [Description], [ColumnName], [Required]) VALUES (86, N'TransactionID', N'TransactionID', 0)
INSERT [dbo].[MappingCategoryFieldDetail] ([ID], [Description], [ColumnName], [Required]) VALUES (87, N'PCIaaS RecurringTransaction', N'PCIaaS_RecurringTransaction', 0)
INSERT [dbo].[MappingCategoryFieldDetail] ([ID], [Description], [ColumnName], [Required]) VALUES (88, N'PCIaaS TransactionId', N'PCIaaS_TransactionId', 0)
INSERT [dbo].[MappingCategoryFieldDetail] ([ID], [Description], [ColumnName], [Required]) VALUES (89, N'Third Party Field1', N'Third_Party_Field1', 0)
INSERT [dbo].[MappingCategoryFieldDetail] ([ID], [Description], [ColumnName], [Required]) VALUES (90, N'Is Product Taxable', N'TaxableProduct', 0)
INSERT [dbo].[MappingCategoryFieldDetail] ([ID], [Description], [ColumnName], [Required]) VALUES (91, N'Source Ref Num', N'sourcerefnum', 1)
INSERT [dbo].[MappingCategoryFieldDetail] ([ID], [Description], [ColumnName], [Required]) VALUES (92, N'Total Line Price', N'TotalPrice', 1)
INSERT [dbo].[MappingCategoryFieldDetail] ([ID], [Description], [ColumnName], [Required]) VALUES (93, N'Preferred Ship Date', N'preferredshipdate', 1)
INSERT [dbo].[MappingCategoryFieldDetail] ([ID], [Description], [ColumnName], [Required]) VALUES (94, N'Order Type', N'ordertype', 1)
INSERT [dbo].[MappingCategoryFieldDetail] ([ID], [Description], [ColumnName], [Required]) VALUES (95, N'Customer_IsAnonymous', N'customer_isanonymous', 0)
INSERT [dbo].[MappingCategoryFieldDetail] ([ID], [Description], [ColumnName], [Required]) VALUES (96, N'Ship From Name', N'shipfromname', 0)
INSERT [dbo].[MappingCategoryFieldDetail] ([ID], [Description], [ColumnName], [Required]) VALUES (97, N'Ship From Address 1', N'shipfromaddress1', 0)
INSERT [dbo].[MappingCategoryFieldDetail] ([ID], [Description], [ColumnName], [Required]) VALUES (98, N'Ship From Address 2', N'shipfromaddress2', 0)
INSERT [dbo].[MappingCategoryFieldDetail] ([ID], [Description], [ColumnName], [Required]) VALUES (99, N'Ship From City', N'shipfromcity', 0)
INSERT [dbo].[MappingCategoryFieldDetail] ([ID], [Description], [ColumnName], [Required]) VALUES (100, N'Ship From State', N'shipfromstate', 0)
INSERT [dbo].[MappingCategoryFieldDetail] ([ID], [Description], [ColumnName], [Required]) VALUES (101, N'Ship From Zip', N'shipfromzip', 0)
INSERT [dbo].[MappingCategoryFieldDetail] ([ID], [Description], [ColumnName], [Required]) VALUES (102, N'Ship From Country', N'shipfromcountry', 0)
INSERT [dbo].[MappingCategoryFieldDetail] ([ID], [Description], [ColumnName], [Required]) VALUES (103, N'Supplier ID', N'supplierid', 0)
INSERT [dbo].[MappingCategoryFieldDetail] ([ID], [Description], [ColumnName], [Required]) VALUES (104, N'Acknowledgement Type', N'acknowledgementtype', 0)
GO
INSERT [dbo].[MappingCategoryFieldDetail] ([ID], [Description], [ColumnName], [Required]) VALUES (105, N'PO Number', N'ponumber', 0)
INSERT [dbo].[MappingCategoryFieldDetail] ([ID], [Description], [ColumnName], [Required]) VALUES (106, N'PO Date', N'podate', 0)
INSERT [dbo].[MappingCategoryFieldDetail] ([ID], [Description], [ColumnName], [Required]) VALUES (107, N'Warehouse ZipCode', N'warehousezipcode', 0)
INSERT [dbo].[MappingCategoryFieldDetail] ([ID], [Description], [ColumnName], [Required]) VALUES (108, N'Record Identifier', N'recordidentifier', 0)
INSERT [dbo].[MappingCategoryFieldDetail] ([ID], [Description], [ColumnName], [Required]) VALUES (109, N'ZoneCode', N'zonecode', 0)
INSERT [dbo].[MappingCategoryFieldDetail] ([ID], [Description], [ColumnName], [Required]) VALUES (110, N'TotalPackages', N'totalpackages', 0)
INSERT [dbo].[MappingCategoryFieldDetail] ([ID], [Description], [ColumnName], [Required]) VALUES (111, N'TotalWeight', N'totalweight', 0)
INSERT [dbo].[MappingCategoryFieldDetail] ([ID], [Description], [ColumnName], [Required]) VALUES (112, N'Carrier Code', N'carriercode', 0)
INSERT [dbo].[MappingCategoryFieldDetail] ([ID], [Description], [ColumnName], [Required]) VALUES (113, N'Ship to Name', N'shiptoname', 0)
SET IDENTITY_INSERT [dbo].[MappingCategoryFieldDetail] OFF
SET IDENTITY_INSERT [dbo].[MappingDetail] ON 

INSERT [dbo].[MappingDetail] ([ID], [MappingID], [MappingCategoryFieldDetailID], [MappingPosition]) VALUES (1, 1, 41, 1)
INSERT [dbo].[MappingDetail] ([ID], [MappingID], [MappingCategoryFieldDetailID], [MappingPosition]) VALUES (2, 1, 2, 2)
INSERT [dbo].[MappingDetail] ([ID], [MappingID], [MappingCategoryFieldDetailID], [MappingPosition]) VALUES (3, 1, 3, 3)
INSERT [dbo].[MappingDetail] ([ID], [MappingID], [MappingCategoryFieldDetailID], [MappingPosition]) VALUES (4, 1, 4, 4)
INSERT [dbo].[MappingDetail] ([ID], [MappingID], [MappingCategoryFieldDetailID], [MappingPosition]) VALUES (5, 1, 5, 5)
INSERT [dbo].[MappingDetail] ([ID], [MappingID], [MappingCategoryFieldDetailID], [MappingPosition]) VALUES (6, 2, 6, 1)
INSERT [dbo].[MappingDetail] ([ID], [MappingID], [MappingCategoryFieldDetailID], [MappingPosition]) VALUES (7, 2, 7, 4)
INSERT [dbo].[MappingDetail] ([ID], [MappingID], [MappingCategoryFieldDetailID], [MappingPosition]) VALUES (20, 3, 12, 3)
INSERT [dbo].[MappingDetail] ([ID], [MappingID], [MappingCategoryFieldDetailID], [MappingPosition]) VALUES (21, 3, 13, 4)
INSERT [dbo].[MappingDetail] ([ID], [MappingID], [MappingCategoryFieldDetailID], [MappingPosition]) VALUES (23, 3, 15, 5)
INSERT [dbo].[MappingDetail] ([ID], [MappingID], [MappingCategoryFieldDetailID], [MappingPosition]) VALUES (24, 3, 16, 6)
INSERT [dbo].[MappingDetail] ([ID], [MappingID], [MappingCategoryFieldDetailID], [MappingPosition]) VALUES (25, 3, 17, 7)
INSERT [dbo].[MappingDetail] ([ID], [MappingID], [MappingCategoryFieldDetailID], [MappingPosition]) VALUES (26, 3, 18, 8)
INSERT [dbo].[MappingDetail] ([ID], [MappingID], [MappingCategoryFieldDetailID], [MappingPosition]) VALUES (27, 3, 19, 9)
INSERT [dbo].[MappingDetail] ([ID], [MappingID], [MappingCategoryFieldDetailID], [MappingPosition]) VALUES (28, 3, 20, 10)
INSERT [dbo].[MappingDetail] ([ID], [MappingID], [MappingCategoryFieldDetailID], [MappingPosition]) VALUES (29, 3, 21, 11)
INSERT [dbo].[MappingDetail] ([ID], [MappingID], [MappingCategoryFieldDetailID], [MappingPosition]) VALUES (30, 3, 22, 12)
INSERT [dbo].[MappingDetail] ([ID], [MappingID], [MappingCategoryFieldDetailID], [MappingPosition]) VALUES (31, 3, 23, 13)
INSERT [dbo].[MappingDetail] ([ID], [MappingID], [MappingCategoryFieldDetailID], [MappingPosition]) VALUES (32, 3, 24, 14)
INSERT [dbo].[MappingDetail] ([ID], [MappingID], [MappingCategoryFieldDetailID], [MappingPosition]) VALUES (33, 3, 25, 15)
INSERT [dbo].[MappingDetail] ([ID], [MappingID], [MappingCategoryFieldDetailID], [MappingPosition]) VALUES (34, 3, 26, 16)
INSERT [dbo].[MappingDetail] ([ID], [MappingID], [MappingCategoryFieldDetailID], [MappingPosition]) VALUES (35, 3, 27, 17)
INSERT [dbo].[MappingDetail] ([ID], [MappingID], [MappingCategoryFieldDetailID], [MappingPosition]) VALUES (36, 3, 28, 18)
INSERT [dbo].[MappingDetail] ([ID], [MappingID], [MappingCategoryFieldDetailID], [MappingPosition]) VALUES (37, 3, 29, 19)
INSERT [dbo].[MappingDetail] ([ID], [MappingID], [MappingCategoryFieldDetailID], [MappingPosition]) VALUES (38, 3, 30, 20)
INSERT [dbo].[MappingDetail] ([ID], [MappingID], [MappingCategoryFieldDetailID], [MappingPosition]) VALUES (39, 3, 31, 21)
INSERT [dbo].[MappingDetail] ([ID], [MappingID], [MappingCategoryFieldDetailID], [MappingPosition]) VALUES (40, 4, 6, 1)
INSERT [dbo].[MappingDetail] ([ID], [MappingID], [MappingCategoryFieldDetailID], [MappingPosition]) VALUES (41, 4, 7, 4)
INSERT [dbo].[MappingDetail] ([ID], [MappingID], [MappingCategoryFieldDetailID], [MappingPosition]) VALUES (42, 3, 91, 1)
INSERT [dbo].[MappingDetail] ([ID], [MappingID], [MappingCategoryFieldDetailID], [MappingPosition]) VALUES (43, 3, 91, 2)
INSERT [dbo].[MappingDetail] ([ID], [MappingID], [MappingCategoryFieldDetailID], [MappingPosition]) VALUES (45, 3, 33, 22)
INSERT [dbo].[MappingDetail] ([ID], [MappingID], [MappingCategoryFieldDetailID], [MappingPosition]) VALUES (46, 6, 2, 1)
INSERT [dbo].[MappingDetail] ([ID], [MappingID], [MappingCategoryFieldDetailID], [MappingPosition]) VALUES (47, 6, 41, 2)
INSERT [dbo].[MappingDetail] ([ID], [MappingID], [MappingCategoryFieldDetailID], [MappingPosition]) VALUES (48, 6, 5, 3)
INSERT [dbo].[MappingDetail] ([ID], [MappingID], [MappingCategoryFieldDetailID], [MappingPosition]) VALUES (49, 6, 3, 5)
INSERT [dbo].[MappingDetail] ([ID], [MappingID], [MappingCategoryFieldDetailID], [MappingPosition]) VALUES (50, 6, 4, 6)
INSERT [dbo].[MappingDetail] ([ID], [MappingID], [MappingCategoryFieldDetailID], [MappingPosition]) VALUES (52, 9, 6, 1)
INSERT [dbo].[MappingDetail] ([ID], [MappingID], [MappingCategoryFieldDetailID], [MappingPosition]) VALUES (53, 9, 7, 2)
INSERT [dbo].[MappingDetail] ([ID], [MappingID], [MappingCategoryFieldDetailID], [MappingPosition]) VALUES (54, 12, 6, 1)
INSERT [dbo].[MappingDetail] ([ID], [MappingID], [MappingCategoryFieldDetailID], [MappingPosition]) VALUES (55, 12, 7, 2)
INSERT [dbo].[MappingDetail] ([ID], [MappingID], [MappingCategoryFieldDetailID], [MappingPosition]) VALUES (56, 14, 6, 1)
INSERT [dbo].[MappingDetail] ([ID], [MappingID], [MappingCategoryFieldDetailID], [MappingPosition]) VALUES (57, 14, 7, 2)
INSERT [dbo].[MappingDetail] ([ID], [MappingID], [MappingCategoryFieldDetailID], [MappingPosition]) VALUES (58, 3, 34, 23)
INSERT [dbo].[MappingDetail] ([ID], [MappingID], [MappingCategoryFieldDetailID], [MappingPosition]) VALUES (59, 3, 35, 24)
INSERT [dbo].[MappingDetail] ([ID], [MappingID], [MappingCategoryFieldDetailID], [MappingPosition]) VALUES (60, 3, 36, 25)
INSERT [dbo].[MappingDetail] ([ID], [MappingID], [MappingCategoryFieldDetailID], [MappingPosition]) VALUES (61, 3, 37, 26)
INSERT [dbo].[MappingDetail] ([ID], [MappingID], [MappingCategoryFieldDetailID], [MappingPosition]) VALUES (62, 3, 38, 27)
INSERT [dbo].[MappingDetail] ([ID], [MappingID], [MappingCategoryFieldDetailID], [MappingPosition]) VALUES (63, 3, 39, 28)
INSERT [dbo].[MappingDetail] ([ID], [MappingID], [MappingCategoryFieldDetailID], [MappingPosition]) VALUES (64, 3, 40, 29)
INSERT [dbo].[MappingDetail] ([ID], [MappingID], [MappingCategoryFieldDetailID], [MappingPosition]) VALUES (65, 3, 42, 30)
INSERT [dbo].[MappingDetail] ([ID], [MappingID], [MappingCategoryFieldDetailID], [MappingPosition]) VALUES (66, 3, 43, 31)
INSERT [dbo].[MappingDetail] ([ID], [MappingID], [MappingCategoryFieldDetailID], [MappingPosition]) VALUES (67, 3, 44, 32)
INSERT [dbo].[MappingDetail] ([ID], [MappingID], [MappingCategoryFieldDetailID], [MappingPosition]) VALUES (68, 3, 45, 33)
INSERT [dbo].[MappingDetail] ([ID], [MappingID], [MappingCategoryFieldDetailID], [MappingPosition]) VALUES (69, 3, 46, 34)
INSERT [dbo].[MappingDetail] ([ID], [MappingID], [MappingCategoryFieldDetailID], [MappingPosition]) VALUES (70, 3, 47, 35)
INSERT [dbo].[MappingDetail] ([ID], [MappingID], [MappingCategoryFieldDetailID], [MappingPosition]) VALUES (71, 3, 48, 36)
INSERT [dbo].[MappingDetail] ([ID], [MappingID], [MappingCategoryFieldDetailID], [MappingPosition]) VALUES (72, 3, 49, 37)
INSERT [dbo].[MappingDetail] ([ID], [MappingID], [MappingCategoryFieldDetailID], [MappingPosition]) VALUES (73, 3, 50, 38)
INSERT [dbo].[MappingDetail] ([ID], [MappingID], [MappingCategoryFieldDetailID], [MappingPosition]) VALUES (74, 3, 51, 39)
INSERT [dbo].[MappingDetail] ([ID], [MappingID], [MappingCategoryFieldDetailID], [MappingPosition]) VALUES (75, 3, 52, 40)
INSERT [dbo].[MappingDetail] ([ID], [MappingID], [MappingCategoryFieldDetailID], [MappingPosition]) VALUES (76, 3, 53, 41)
INSERT [dbo].[MappingDetail] ([ID], [MappingID], [MappingCategoryFieldDetailID], [MappingPosition]) VALUES (77, 3, 54, 42)
INSERT [dbo].[MappingDetail] ([ID], [MappingID], [MappingCategoryFieldDetailID], [MappingPosition]) VALUES (78, 3, 55, 43)
INSERT [dbo].[MappingDetail] ([ID], [MappingID], [MappingCategoryFieldDetailID], [MappingPosition]) VALUES (79, 3, 56, 44)
INSERT [dbo].[MappingDetail] ([ID], [MappingID], [MappingCategoryFieldDetailID], [MappingPosition]) VALUES (80, 3, 57, 45)
INSERT [dbo].[MappingDetail] ([ID], [MappingID], [MappingCategoryFieldDetailID], [MappingPosition]) VALUES (81, 3, 58, 46)
INSERT [dbo].[MappingDetail] ([ID], [MappingID], [MappingCategoryFieldDetailID], [MappingPosition]) VALUES (82, 3, 59, 47)
INSERT [dbo].[MappingDetail] ([ID], [MappingID], [MappingCategoryFieldDetailID], [MappingPosition]) VALUES (83, 3, 60, 48)
INSERT [dbo].[MappingDetail] ([ID], [MappingID], [MappingCategoryFieldDetailID], [MappingPosition]) VALUES (84, 3, 61, 49)
INSERT [dbo].[MappingDetail] ([ID], [MappingID], [MappingCategoryFieldDetailID], [MappingPosition]) VALUES (85, 3, 62, 50)
INSERT [dbo].[MappingDetail] ([ID], [MappingID], [MappingCategoryFieldDetailID], [MappingPosition]) VALUES (86, 3, 63, 51)
INSERT [dbo].[MappingDetail] ([ID], [MappingID], [MappingCategoryFieldDetailID], [MappingPosition]) VALUES (87, 3, 64, 52)
INSERT [dbo].[MappingDetail] ([ID], [MappingID], [MappingCategoryFieldDetailID], [MappingPosition]) VALUES (88, 3, 65, 53)
INSERT [dbo].[MappingDetail] ([ID], [MappingID], [MappingCategoryFieldDetailID], [MappingPosition]) VALUES (89, 3, 66, 54)
INSERT [dbo].[MappingDetail] ([ID], [MappingID], [MappingCategoryFieldDetailID], [MappingPosition]) VALUES (90, 15, 6, 1)
INSERT [dbo].[MappingDetail] ([ID], [MappingID], [MappingCategoryFieldDetailID], [MappingPosition]) VALUES (91, 15, 7, 2)
INSERT [dbo].[MappingDetail] ([ID], [MappingID], [MappingCategoryFieldDetailID], [MappingPosition]) VALUES (92, 16, 6, 1)
INSERT [dbo].[MappingDetail] ([ID], [MappingID], [MappingCategoryFieldDetailID], [MappingPosition]) VALUES (94, 16, 7, 2)
INSERT [dbo].[MappingDetail] ([ID], [MappingID], [MappingCategoryFieldDetailID], [MappingPosition]) VALUES (95, 3, 67, 55)
INSERT [dbo].[MappingDetail] ([ID], [MappingID], [MappingCategoryFieldDetailID], [MappingPosition]) VALUES (96, 17, 68, 1)
INSERT [dbo].[MappingDetail] ([ID], [MappingID], [MappingCategoryFieldDetailID], [MappingPosition]) VALUES (97, 17, 91, 2)
INSERT [dbo].[MappingDetail] ([ID], [MappingID], [MappingCategoryFieldDetailID], [MappingPosition]) VALUES (98, 17, 16, 3)
INSERT [dbo].[MappingDetail] ([ID], [MappingID], [MappingCategoryFieldDetailID], [MappingPosition]) VALUES (99, 17, 17, 4)
INSERT [dbo].[MappingDetail] ([ID], [MappingID], [MappingCategoryFieldDetailID], [MappingPosition]) VALUES (100, 17, 18, 5)
INSERT [dbo].[MappingDetail] ([ID], [MappingID], [MappingCategoryFieldDetailID], [MappingPosition]) VALUES (101, 17, 19, 6)
INSERT [dbo].[MappingDetail] ([ID], [MappingID], [MappingCategoryFieldDetailID], [MappingPosition]) VALUES (102, 17, 20, 7)
INSERT [dbo].[MappingDetail] ([ID], [MappingID], [MappingCategoryFieldDetailID], [MappingPosition]) VALUES (103, 17, 21, 8)
INSERT [dbo].[MappingDetail] ([ID], [MappingID], [MappingCategoryFieldDetailID], [MappingPosition]) VALUES (104, 17, 22, 9)
INSERT [dbo].[MappingDetail] ([ID], [MappingID], [MappingCategoryFieldDetailID], [MappingPosition]) VALUES (105, 17, 23, 10)
INSERT [dbo].[MappingDetail] ([ID], [MappingID], [MappingCategoryFieldDetailID], [MappingPosition]) VALUES (106, 17, 24, 11)
INSERT [dbo].[MappingDetail] ([ID], [MappingID], [MappingCategoryFieldDetailID], [MappingPosition]) VALUES (107, 17, 69, 12)
INSERT [dbo].[MappingDetail] ([ID], [MappingID], [MappingCategoryFieldDetailID], [MappingPosition]) VALUES (108, 17, 70, 13)
INSERT [dbo].[MappingDetail] ([ID], [MappingID], [MappingCategoryFieldDetailID], [MappingPosition]) VALUES (109, 17, 27, 14)
INSERT [dbo].[MappingDetail] ([ID], [MappingID], [MappingCategoryFieldDetailID], [MappingPosition]) VALUES (110, 17, 71, 15)
INSERT [dbo].[MappingDetail] ([ID], [MappingID], [MappingCategoryFieldDetailID], [MappingPosition]) VALUES (111, 3, 72, 56)
INSERT [dbo].[MappingDetail] ([ID], [MappingID], [MappingCategoryFieldDetailID], [MappingPosition]) VALUES (114, 18, 75, 1)
INSERT [dbo].[MappingDetail] ([ID], [MappingID], [MappingCategoryFieldDetailID], [MappingPosition]) VALUES (115, 18, 52, 2)
INSERT [dbo].[MappingDetail] ([ID], [MappingID], [MappingCategoryFieldDetailID], [MappingPosition]) VALUES (116, 18, 76, 3)
INSERT [dbo].[MappingDetail] ([ID], [MappingID], [MappingCategoryFieldDetailID], [MappingPosition]) VALUES (117, 18, 77, 4)
GO
INSERT [dbo].[MappingDetail] ([ID], [MappingID], [MappingCategoryFieldDetailID], [MappingPosition]) VALUES (118, 18, 78, 5)
INSERT [dbo].[MappingDetail] ([ID], [MappingID], [MappingCategoryFieldDetailID], [MappingPosition]) VALUES (119, 18, 44, 6)
INSERT [dbo].[MappingDetail] ([ID], [MappingID], [MappingCategoryFieldDetailID], [MappingPosition]) VALUES (120, 18, 79, 7)
INSERT [dbo].[MappingDetail] ([ID], [MappingID], [MappingCategoryFieldDetailID], [MappingPosition]) VALUES (121, 18, 80, 8)
INSERT [dbo].[MappingDetail] ([ID], [MappingID], [MappingCategoryFieldDetailID], [MappingPosition]) VALUES (122, 18, 81, 9)
INSERT [dbo].[MappingDetail] ([ID], [MappingID], [MappingCategoryFieldDetailID], [MappingPosition]) VALUES (123, 18, 91, 10)
INSERT [dbo].[MappingDetail] ([ID], [MappingID], [MappingCategoryFieldDetailID], [MappingPosition]) VALUES (124, 18, 83, 11)
INSERT [dbo].[MappingDetail] ([ID], [MappingID], [MappingCategoryFieldDetailID], [MappingPosition]) VALUES (125, 18, 84, 12)
INSERT [dbo].[MappingDetail] ([ID], [MappingID], [MappingCategoryFieldDetailID], [MappingPosition]) VALUES (126, 18, 85, 13)
INSERT [dbo].[MappingDetail] ([ID], [MappingID], [MappingCategoryFieldDetailID], [MappingPosition]) VALUES (127, 18, 86, 14)
INSERT [dbo].[MappingDetail] ([ID], [MappingID], [MappingCategoryFieldDetailID], [MappingPosition]) VALUES (128, 18, 87, 15)
INSERT [dbo].[MappingDetail] ([ID], [MappingID], [MappingCategoryFieldDetailID], [MappingPosition]) VALUES (129, 18, 88, 16)
INSERT [dbo].[MappingDetail] ([ID], [MappingID], [MappingCategoryFieldDetailID], [MappingPosition]) VALUES (130, 18, 89, 17)
INSERT [dbo].[MappingDetail] ([ID], [MappingID], [MappingCategoryFieldDetailID], [MappingPosition]) VALUES (131, 3, 90, 57)
INSERT [dbo].[MappingDetail] ([ID], [MappingID], [MappingCategoryFieldDetailID], [MappingPosition]) VALUES (132, 3, 92, 59)
INSERT [dbo].[MappingDetail] ([ID], [MappingID], [MappingCategoryFieldDetailID], [MappingPosition]) VALUES (133, 19, 2, 1)
INSERT [dbo].[MappingDetail] ([ID], [MappingID], [MappingCategoryFieldDetailID], [MappingPosition]) VALUES (134, 19, 41, 2)
INSERT [dbo].[MappingDetail] ([ID], [MappingID], [MappingCategoryFieldDetailID], [MappingPosition]) VALUES (135, 3, 93, 61)
INSERT [dbo].[MappingDetail] ([ID], [MappingID], [MappingCategoryFieldDetailID], [MappingPosition]) VALUES (136, 20, 2, 1)
INSERT [dbo].[MappingDetail] ([ID], [MappingID], [MappingCategoryFieldDetailID], [MappingPosition]) VALUES (137, 20, 41, 2)
INSERT [dbo].[MappingDetail] ([ID], [MappingID], [MappingCategoryFieldDetailID], [MappingPosition]) VALUES (138, 20, 3, 3)
INSERT [dbo].[MappingDetail] ([ID], [MappingID], [MappingCategoryFieldDetailID], [MappingPosition]) VALUES (139, 20, 4, 15)
INSERT [dbo].[MappingDetail] ([ID], [MappingID], [MappingCategoryFieldDetailID], [MappingPosition]) VALUES (140, 21, 2, 1)
INSERT [dbo].[MappingDetail] ([ID], [MappingID], [MappingCategoryFieldDetailID], [MappingPosition]) VALUES (141, 21, 41, 2)
INSERT [dbo].[MappingDetail] ([ID], [MappingID], [MappingCategoryFieldDetailID], [MappingPosition]) VALUES (142, 3, 14, 58)
INSERT [dbo].[MappingDetail] ([ID], [MappingID], [MappingCategoryFieldDetailID], [MappingPosition]) VALUES (143, 3, 94, 60)
INSERT [dbo].[MappingDetail] ([ID], [MappingID], [MappingCategoryFieldDetailID], [MappingPosition]) VALUES (144, 22, 41, 1)
INSERT [dbo].[MappingDetail] ([ID], [MappingID], [MappingCategoryFieldDetailID], [MappingPosition]) VALUES (145, 22, 2, 2)
INSERT [dbo].[MappingDetail] ([ID], [MappingID], [MappingCategoryFieldDetailID], [MappingPosition]) VALUES (146, 22, 3, 3)
INSERT [dbo].[MappingDetail] ([ID], [MappingID], [MappingCategoryFieldDetailID], [MappingPosition]) VALUES (147, 22, 4, 4)
INSERT [dbo].[MappingDetail] ([ID], [MappingID], [MappingCategoryFieldDetailID], [MappingPosition]) VALUES (148, 22, 5, 5)
INSERT [dbo].[MappingDetail] ([ID], [MappingID], [MappingCategoryFieldDetailID], [MappingPosition]) VALUES (149, 23, 41, 6)
INSERT [dbo].[MappingDetail] ([ID], [MappingID], [MappingCategoryFieldDetailID], [MappingPosition]) VALUES (150, 23, 2, 9)
INSERT [dbo].[MappingDetail] ([ID], [MappingID], [MappingCategoryFieldDetailID], [MappingPosition]) VALUES (151, 23, 3, 5)
INSERT [dbo].[MappingDetail] ([ID], [MappingID], [MappingCategoryFieldDetailID], [MappingPosition]) VALUES (152, 23, 5, 8)
INSERT [dbo].[MappingDetail] ([ID], [MappingID], [MappingCategoryFieldDetailID], [MappingPosition]) VALUES (153, 24, 6, 9)
INSERT [dbo].[MappingDetail] ([ID], [MappingID], [MappingCategoryFieldDetailID], [MappingPosition]) VALUES (154, 24, 7, 10)
INSERT [dbo].[MappingDetail] ([ID], [MappingID], [MappingCategoryFieldDetailID], [MappingPosition]) VALUES (155, 3, 95, 62)
INSERT [dbo].[MappingDetail] ([ID], [MappingID], [MappingCategoryFieldDetailID], [MappingPosition]) VALUES (156, 25, 91, 1)
INSERT [dbo].[MappingDetail] ([ID], [MappingID], [MappingCategoryFieldDetailID], [MappingPosition]) VALUES (157, 25, 16, 6)
INSERT [dbo].[MappingDetail] ([ID], [MappingID], [MappingCategoryFieldDetailID], [MappingPosition]) VALUES (158, 25, 17, 7)
INSERT [dbo].[MappingDetail] ([ID], [MappingID], [MappingCategoryFieldDetailID], [MappingPosition]) VALUES (159, 25, 33, 8)
INSERT [dbo].[MappingDetail] ([ID], [MappingID], [MappingCategoryFieldDetailID], [MappingPosition]) VALUES (160, 25, 14, 9)
INSERT [dbo].[MappingDetail] ([ID], [MappingID], [MappingCategoryFieldDetailID], [MappingPosition]) VALUES (161, 25, 15, 10)
INSERT [dbo].[MappingDetail] ([ID], [MappingID], [MappingCategoryFieldDetailID], [MappingPosition]) VALUES (162, 25, 19, 11)
INSERT [dbo].[MappingDetail] ([ID], [MappingID], [MappingCategoryFieldDetailID], [MappingPosition]) VALUES (163, 25, 20, 12)
INSERT [dbo].[MappingDetail] ([ID], [MappingID], [MappingCategoryFieldDetailID], [MappingPosition]) VALUES (164, 25, 21, 13)
INSERT [dbo].[MappingDetail] ([ID], [MappingID], [MappingCategoryFieldDetailID], [MappingPosition]) VALUES (165, 25, 22, 14)
INSERT [dbo].[MappingDetail] ([ID], [MappingID], [MappingCategoryFieldDetailID], [MappingPosition]) VALUES (166, 25, 24, 15)
INSERT [dbo].[MappingDetail] ([ID], [MappingID], [MappingCategoryFieldDetailID], [MappingPosition]) VALUES (167, 25, 23, 16)
INSERT [dbo].[MappingDetail] ([ID], [MappingID], [MappingCategoryFieldDetailID], [MappingPosition]) VALUES (168, 25, 5, 25)
INSERT [dbo].[MappingDetail] ([ID], [MappingID], [MappingCategoryFieldDetailID], [MappingPosition]) VALUES (169, 25, 69, 22)
INSERT [dbo].[MappingDetail] ([ID], [MappingID], [MappingCategoryFieldDetailID], [MappingPosition]) VALUES (170, 25, 34, 20)
INSERT [dbo].[MappingDetail] ([ID], [MappingID], [MappingCategoryFieldDetailID], [MappingPosition]) VALUES (171, 25, 54, 23)
INSERT [dbo].[MappingDetail] ([ID], [MappingID], [MappingCategoryFieldDetailID], [MappingPosition]) VALUES (172, 25, 47, 21)
INSERT [dbo].[MappingDetail] ([ID], [MappingID], [MappingCategoryFieldDetailID], [MappingPosition]) VALUES (173, 26, 108, 1)
INSERT [dbo].[MappingDetail] ([ID], [MappingID], [MappingCategoryFieldDetailID], [MappingPosition]) VALUES (174, 26, 104, 2)
INSERT [dbo].[MappingDetail] ([ID], [MappingID], [MappingCategoryFieldDetailID], [MappingPosition]) VALUES (175, 26, 105, 3)
INSERT [dbo].[MappingDetail] ([ID], [MappingID], [MappingCategoryFieldDetailID], [MappingPosition]) VALUES (176, 26, 106, 4)
INSERT [dbo].[MappingDetail] ([ID], [MappingID], [MappingCategoryFieldDetailID], [MappingPosition]) VALUES (177, 26, 103, 5)
INSERT [dbo].[MappingDetail] ([ID], [MappingID], [MappingCategoryFieldDetailID], [MappingPosition]) VALUES (178, 26, 107, 6)
INSERT [dbo].[MappingDetail] ([ID], [MappingID], [MappingCategoryFieldDetailID], [MappingPosition]) VALUES (179, 26, 3, 7)
INSERT [dbo].[MappingDetail] ([ID], [MappingID], [MappingCategoryFieldDetailID], [MappingPosition]) VALUES (180, 26, 96, 8)
INSERT [dbo].[MappingDetail] ([ID], [MappingID], [MappingCategoryFieldDetailID], [MappingPosition]) VALUES (181, 26, 97, 9)
INSERT [dbo].[MappingDetail] ([ID], [MappingID], [MappingCategoryFieldDetailID], [MappingPosition]) VALUES (182, 26, 98, 10)
INSERT [dbo].[MappingDetail] ([ID], [MappingID], [MappingCategoryFieldDetailID], [MappingPosition]) VALUES (183, 26, 99, 11)
INSERT [dbo].[MappingDetail] ([ID], [MappingID], [MappingCategoryFieldDetailID], [MappingPosition]) VALUES (184, 26, 100, 12)
INSERT [dbo].[MappingDetail] ([ID], [MappingID], [MappingCategoryFieldDetailID], [MappingPosition]) VALUES (185, 26, 101, 13)
INSERT [dbo].[MappingDetail] ([ID], [MappingID], [MappingCategoryFieldDetailID], [MappingPosition]) VALUES (186, 26, 102, 14)
INSERT [dbo].[MappingDetail] ([ID], [MappingID], [MappingCategoryFieldDetailID], [MappingPosition]) VALUES (187, 26, 113, 15)
INSERT [dbo].[MappingDetail] ([ID], [MappingID], [MappingCategoryFieldDetailID], [MappingPosition]) VALUES (188, 26, 19, 16)
INSERT [dbo].[MappingDetail] ([ID], [MappingID], [MappingCategoryFieldDetailID], [MappingPosition]) VALUES (189, 26, 20, 17)
INSERT [dbo].[MappingDetail] ([ID], [MappingID], [MappingCategoryFieldDetailID], [MappingPosition]) VALUES (190, 26, 21, 18)
INSERT [dbo].[MappingDetail] ([ID], [MappingID], [MappingCategoryFieldDetailID], [MappingPosition]) VALUES (191, 26, 22, 19)
INSERT [dbo].[MappingDetail] ([ID], [MappingID], [MappingCategoryFieldDetailID], [MappingPosition]) VALUES (192, 26, 23, 20)
INSERT [dbo].[MappingDetail] ([ID], [MappingID], [MappingCategoryFieldDetailID], [MappingPosition]) VALUES (193, 26, 24, 21)
INSERT [dbo].[MappingDetail] ([ID], [MappingID], [MappingCategoryFieldDetailID], [MappingPosition]) VALUES (194, 26, 109, 22)
INSERT [dbo].[MappingDetail] ([ID], [MappingID], [MappingCategoryFieldDetailID], [MappingPosition]) VALUES (195, 26, 110, 23)
INSERT [dbo].[MappingDetail] ([ID], [MappingID], [MappingCategoryFieldDetailID], [MappingPosition]) VALUES (196, 26, 111, 24)
INSERT [dbo].[MappingDetail] ([ID], [MappingID], [MappingCategoryFieldDetailID], [MappingPosition]) VALUES (197, 26, 2, 25)
INSERT [dbo].[MappingDetail] ([ID], [MappingID], [MappingCategoryFieldDetailID], [MappingPosition]) VALUES (198, 27, 108, 1)
INSERT [dbo].[MappingDetail] ([ID], [MappingID], [MappingCategoryFieldDetailID], [MappingPosition]) VALUES (199, 27, 69, 2)
INSERT [dbo].[MappingDetail] ([ID], [MappingID], [MappingCategoryFieldDetailID], [MappingPosition]) VALUES (200, 27, 5, 3)
INSERT [dbo].[MappingDetail] ([ID], [MappingID], [MappingCategoryFieldDetailID], [MappingPosition]) VALUES (201, 27, 7, 4)
INSERT [dbo].[MappingDetail] ([ID], [MappingID], [MappingCategoryFieldDetailID], [MappingPosition]) VALUES (202, 27, 28, 5)
INSERT [dbo].[MappingDetail] ([ID], [MappingID], [MappingCategoryFieldDetailID], [MappingPosition]) VALUES (203, 28, 108, 1)
INSERT [dbo].[MappingDetail] ([ID], [MappingID], [MappingCategoryFieldDetailID], [MappingPosition]) VALUES (204, 28, 103, 2)
INSERT [dbo].[MappingDetail] ([ID], [MappingID], [MappingCategoryFieldDetailID], [MappingPosition]) VALUES (205, 28, 105, 3)
INSERT [dbo].[MappingDetail] ([ID], [MappingID], [MappingCategoryFieldDetailID], [MappingPosition]) VALUES (206, 28, 106, 4)
INSERT [dbo].[MappingDetail] ([ID], [MappingID], [MappingCategoryFieldDetailID], [MappingPosition]) VALUES (207, 28, 3, 5)
INSERT [dbo].[MappingDetail] ([ID], [MappingID], [MappingCategoryFieldDetailID], [MappingPosition]) VALUES (208, 28, 96, 6)
INSERT [dbo].[MappingDetail] ([ID], [MappingID], [MappingCategoryFieldDetailID], [MappingPosition]) VALUES (209, 28, 97, 7)
INSERT [dbo].[MappingDetail] ([ID], [MappingID], [MappingCategoryFieldDetailID], [MappingPosition]) VALUES (210, 28, 98, 8)
INSERT [dbo].[MappingDetail] ([ID], [MappingID], [MappingCategoryFieldDetailID], [MappingPosition]) VALUES (211, 28, 99, 9)
INSERT [dbo].[MappingDetail] ([ID], [MappingID], [MappingCategoryFieldDetailID], [MappingPosition]) VALUES (212, 28, 100, 10)
INSERT [dbo].[MappingDetail] ([ID], [MappingID], [MappingCategoryFieldDetailID], [MappingPosition]) VALUES (213, 28, 101, 11)
INSERT [dbo].[MappingDetail] ([ID], [MappingID], [MappingCategoryFieldDetailID], [MappingPosition]) VALUES (214, 28, 113, 12)
INSERT [dbo].[MappingDetail] ([ID], [MappingID], [MappingCategoryFieldDetailID], [MappingPosition]) VALUES (215, 28, 19, 13)
INSERT [dbo].[MappingDetail] ([ID], [MappingID], [MappingCategoryFieldDetailID], [MappingPosition]) VALUES (216, 28, 20, 14)
INSERT [dbo].[MappingDetail] ([ID], [MappingID], [MappingCategoryFieldDetailID], [MappingPosition]) VALUES (217, 28, 21, 15)
GO
INSERT [dbo].[MappingDetail] ([ID], [MappingID], [MappingCategoryFieldDetailID], [MappingPosition]) VALUES (218, 28, 22, 16)
INSERT [dbo].[MappingDetail] ([ID], [MappingID], [MappingCategoryFieldDetailID], [MappingPosition]) VALUES (219, 28, 23, 17)
INSERT [dbo].[MappingDetail] ([ID], [MappingID], [MappingCategoryFieldDetailID], [MappingPosition]) VALUES (220, 28, 112, 18)
INSERT [dbo].[MappingDetail] ([ID], [MappingID], [MappingCategoryFieldDetailID], [MappingPosition]) VALUES (221, 28, 4, 19)
INSERT [dbo].[MappingDetail] ([ID], [MappingID], [MappingCategoryFieldDetailID], [MappingPosition]) VALUES (222, 28, 2, 20)
INSERT [dbo].[MappingDetail] ([ID], [MappingID], [MappingCategoryFieldDetailID], [MappingPosition]) VALUES (223, 28, 7, 21)
INSERT [dbo].[MappingDetail] ([ID], [MappingID], [MappingCategoryFieldDetailID], [MappingPosition]) VALUES (224, 28, 111, 22)
INSERT [dbo].[MappingDetail] ([ID], [MappingID], [MappingCategoryFieldDetailID], [MappingPosition]) VALUES (225, 29, 108, 1)
INSERT [dbo].[MappingDetail] ([ID], [MappingID], [MappingCategoryFieldDetailID], [MappingPosition]) VALUES (226, 29, 69, 2)
INSERT [dbo].[MappingDetail] ([ID], [MappingID], [MappingCategoryFieldDetailID], [MappingPosition]) VALUES (227, 29, 7, 3)
SET IDENTITY_INSERT [dbo].[MappingDetail] OFF
SET IDENTITY_INSERT [dbo].[MappingCategoryField] ON 

INSERT [dbo].[MappingCategoryField] ([ID], [MappingCategoryID], [MappingCategoryFieldDetailID]) VALUES (1, 1, 1)
INSERT [dbo].[MappingCategoryField] ([ID], [MappingCategoryID], [MappingCategoryFieldDetailID]) VALUES (2, 1, 2)
INSERT [dbo].[MappingCategoryField] ([ID], [MappingCategoryID], [MappingCategoryFieldDetailID]) VALUES (3, 1, 3)
INSERT [dbo].[MappingCategoryField] ([ID], [MappingCategoryID], [MappingCategoryFieldDetailID]) VALUES (4, 1, 4)
INSERT [dbo].[MappingCategoryField] ([ID], [MappingCategoryID], [MappingCategoryFieldDetailID]) VALUES (5, 1, 5)
INSERT [dbo].[MappingCategoryField] ([ID], [MappingCategoryID], [MappingCategoryFieldDetailID]) VALUES (6, 2, 6)
INSERT [dbo].[MappingCategoryField] ([ID], [MappingCategoryID], [MappingCategoryFieldDetailID]) VALUES (7, 2, 7)
INSERT [dbo].[MappingCategoryField] ([ID], [MappingCategoryID], [MappingCategoryFieldDetailID]) VALUES (8, 3, 1)
INSERT [dbo].[MappingCategoryField] ([ID], [MappingCategoryID], [MappingCategoryFieldDetailID]) VALUES (9, 3, 1)
INSERT [dbo].[MappingCategoryField] ([ID], [MappingCategoryID], [MappingCategoryFieldDetailID]) VALUES (10, 3, 4)
INSERT [dbo].[MappingCategoryField] ([ID], [MappingCategoryID], [MappingCategoryFieldDetailID]) VALUES (11, 3, 8)
INSERT [dbo].[MappingCategoryField] ([ID], [MappingCategoryID], [MappingCategoryFieldDetailID]) VALUES (12, 3, 9)
INSERT [dbo].[MappingCategoryField] ([ID], [MappingCategoryID], [MappingCategoryFieldDetailID]) VALUES (15, 3, 12)
INSERT [dbo].[MappingCategoryField] ([ID], [MappingCategoryID], [MappingCategoryFieldDetailID]) VALUES (16, 3, 13)
INSERT [dbo].[MappingCategoryField] ([ID], [MappingCategoryID], [MappingCategoryFieldDetailID]) VALUES (17, 3, 14)
INSERT [dbo].[MappingCategoryField] ([ID], [MappingCategoryID], [MappingCategoryFieldDetailID]) VALUES (18, 3, 15)
INSERT [dbo].[MappingCategoryField] ([ID], [MappingCategoryID], [MappingCategoryFieldDetailID]) VALUES (19, 3, 16)
INSERT [dbo].[MappingCategoryField] ([ID], [MappingCategoryID], [MappingCategoryFieldDetailID]) VALUES (20, 3, 17)
INSERT [dbo].[MappingCategoryField] ([ID], [MappingCategoryID], [MappingCategoryFieldDetailID]) VALUES (22, 3, 25)
INSERT [dbo].[MappingCategoryField] ([ID], [MappingCategoryID], [MappingCategoryFieldDetailID]) VALUES (23, 3, 18)
INSERT [dbo].[MappingCategoryField] ([ID], [MappingCategoryID], [MappingCategoryFieldDetailID]) VALUES (24, 3, 4)
INSERT [dbo].[MappingCategoryField] ([ID], [MappingCategoryID], [MappingCategoryFieldDetailID]) VALUES (25, 3, 19)
INSERT [dbo].[MappingCategoryField] ([ID], [MappingCategoryID], [MappingCategoryFieldDetailID]) VALUES (26, 3, 20)
INSERT [dbo].[MappingCategoryField] ([ID], [MappingCategoryID], [MappingCategoryFieldDetailID]) VALUES (27, 3, 21)
INSERT [dbo].[MappingCategoryField] ([ID], [MappingCategoryID], [MappingCategoryFieldDetailID]) VALUES (28, 3, 22)
INSERT [dbo].[MappingCategoryField] ([ID], [MappingCategoryID], [MappingCategoryFieldDetailID]) VALUES (29, 3, 23)
INSERT [dbo].[MappingCategoryField] ([ID], [MappingCategoryID], [MappingCategoryFieldDetailID]) VALUES (31, 3, 27)
INSERT [dbo].[MappingCategoryField] ([ID], [MappingCategoryID], [MappingCategoryFieldDetailID]) VALUES (32, 3, 33)
INSERT [dbo].[MappingCategoryField] ([ID], [MappingCategoryID], [MappingCategoryFieldDetailID]) VALUES (33, 3, 34)
INSERT [dbo].[MappingCategoryField] ([ID], [MappingCategoryID], [MappingCategoryFieldDetailID]) VALUES (34, 3, 35)
INSERT [dbo].[MappingCategoryField] ([ID], [MappingCategoryID], [MappingCategoryFieldDetailID]) VALUES (35, 3, 36)
INSERT [dbo].[MappingCategoryField] ([ID], [MappingCategoryID], [MappingCategoryFieldDetailID]) VALUES (36, 3, 37)
INSERT [dbo].[MappingCategoryField] ([ID], [MappingCategoryID], [MappingCategoryFieldDetailID]) VALUES (37, 3, 38)
INSERT [dbo].[MappingCategoryField] ([ID], [MappingCategoryID], [MappingCategoryFieldDetailID]) VALUES (38, 3, 39)
INSERT [dbo].[MappingCategoryField] ([ID], [MappingCategoryID], [MappingCategoryFieldDetailID]) VALUES (39, 3, 40)
INSERT [dbo].[MappingCategoryField] ([ID], [MappingCategoryID], [MappingCategoryFieldDetailID]) VALUES (40, 3, 42)
INSERT [dbo].[MappingCategoryField] ([ID], [MappingCategoryID], [MappingCategoryFieldDetailID]) VALUES (41, 3, 43)
INSERT [dbo].[MappingCategoryField] ([ID], [MappingCategoryID], [MappingCategoryFieldDetailID]) VALUES (42, 3, 44)
INSERT [dbo].[MappingCategoryField] ([ID], [MappingCategoryID], [MappingCategoryFieldDetailID]) VALUES (43, 3, 45)
INSERT [dbo].[MappingCategoryField] ([ID], [MappingCategoryID], [MappingCategoryFieldDetailID]) VALUES (44, 3, 46)
INSERT [dbo].[MappingCategoryField] ([ID], [MappingCategoryID], [MappingCategoryFieldDetailID]) VALUES (45, 3, 47)
INSERT [dbo].[MappingCategoryField] ([ID], [MappingCategoryID], [MappingCategoryFieldDetailID]) VALUES (46, 3, 48)
INSERT [dbo].[MappingCategoryField] ([ID], [MappingCategoryID], [MappingCategoryFieldDetailID]) VALUES (47, 3, 49)
INSERT [dbo].[MappingCategoryField] ([ID], [MappingCategoryID], [MappingCategoryFieldDetailID]) VALUES (48, 3, 50)
INSERT [dbo].[MappingCategoryField] ([ID], [MappingCategoryID], [MappingCategoryFieldDetailID]) VALUES (49, 3, 51)
INSERT [dbo].[MappingCategoryField] ([ID], [MappingCategoryID], [MappingCategoryFieldDetailID]) VALUES (50, 3, 52)
INSERT [dbo].[MappingCategoryField] ([ID], [MappingCategoryID], [MappingCategoryFieldDetailID]) VALUES (51, 3, 53)
INSERT [dbo].[MappingCategoryField] ([ID], [MappingCategoryID], [MappingCategoryFieldDetailID]) VALUES (52, 3, 54)
INSERT [dbo].[MappingCategoryField] ([ID], [MappingCategoryID], [MappingCategoryFieldDetailID]) VALUES (53, 3, 55)
INSERT [dbo].[MappingCategoryField] ([ID], [MappingCategoryID], [MappingCategoryFieldDetailID]) VALUES (54, 3, 56)
INSERT [dbo].[MappingCategoryField] ([ID], [MappingCategoryID], [MappingCategoryFieldDetailID]) VALUES (55, 3, 57)
INSERT [dbo].[MappingCategoryField] ([ID], [MappingCategoryID], [MappingCategoryFieldDetailID]) VALUES (56, 3, 58)
INSERT [dbo].[MappingCategoryField] ([ID], [MappingCategoryID], [MappingCategoryFieldDetailID]) VALUES (57, 3, 59)
INSERT [dbo].[MappingCategoryField] ([ID], [MappingCategoryID], [MappingCategoryFieldDetailID]) VALUES (58, 3, 60)
INSERT [dbo].[MappingCategoryField] ([ID], [MappingCategoryID], [MappingCategoryFieldDetailID]) VALUES (59, 3, 61)
INSERT [dbo].[MappingCategoryField] ([ID], [MappingCategoryID], [MappingCategoryFieldDetailID]) VALUES (60, 3, 62)
INSERT [dbo].[MappingCategoryField] ([ID], [MappingCategoryID], [MappingCategoryFieldDetailID]) VALUES (61, 3, 63)
INSERT [dbo].[MappingCategoryField] ([ID], [MappingCategoryID], [MappingCategoryFieldDetailID]) VALUES (62, 3, 64)
INSERT [dbo].[MappingCategoryField] ([ID], [MappingCategoryID], [MappingCategoryFieldDetailID]) VALUES (63, 3, 65)
INSERT [dbo].[MappingCategoryField] ([ID], [MappingCategoryID], [MappingCategoryFieldDetailID]) VALUES (64, 3, 66)
INSERT [dbo].[MappingCategoryField] ([ID], [MappingCategoryID], [MappingCategoryFieldDetailID]) VALUES (65, 3, 67)
INSERT [dbo].[MappingCategoryField] ([ID], [MappingCategoryID], [MappingCategoryFieldDetailID]) VALUES (66, 3, 72)
INSERT [dbo].[MappingCategoryField] ([ID], [MappingCategoryID], [MappingCategoryFieldDetailID]) VALUES (68, 5, 75)
INSERT [dbo].[MappingCategoryField] ([ID], [MappingCategoryID], [MappingCategoryFieldDetailID]) VALUES (69, 5, 52)
INSERT [dbo].[MappingCategoryField] ([ID], [MappingCategoryID], [MappingCategoryFieldDetailID]) VALUES (70, 5, 76)
INSERT [dbo].[MappingCategoryField] ([ID], [MappingCategoryID], [MappingCategoryFieldDetailID]) VALUES (71, 5, 77)
INSERT [dbo].[MappingCategoryField] ([ID], [MappingCategoryID], [MappingCategoryFieldDetailID]) VALUES (72, 5, 78)
INSERT [dbo].[MappingCategoryField] ([ID], [MappingCategoryID], [MappingCategoryFieldDetailID]) VALUES (73, 5, 44)
INSERT [dbo].[MappingCategoryField] ([ID], [MappingCategoryID], [MappingCategoryFieldDetailID]) VALUES (74, 5, 79)
INSERT [dbo].[MappingCategoryField] ([ID], [MappingCategoryID], [MappingCategoryFieldDetailID]) VALUES (75, 5, 80)
INSERT [dbo].[MappingCategoryField] ([ID], [MappingCategoryID], [MappingCategoryFieldDetailID]) VALUES (76, 5, 81)
INSERT [dbo].[MappingCategoryField] ([ID], [MappingCategoryID], [MappingCategoryFieldDetailID]) VALUES (77, 5, 82)
INSERT [dbo].[MappingCategoryField] ([ID], [MappingCategoryID], [MappingCategoryFieldDetailID]) VALUES (78, 5, 83)
INSERT [dbo].[MappingCategoryField] ([ID], [MappingCategoryID], [MappingCategoryFieldDetailID]) VALUES (79, 5, 84)
INSERT [dbo].[MappingCategoryField] ([ID], [MappingCategoryID], [MappingCategoryFieldDetailID]) VALUES (80, 5, 85)
INSERT [dbo].[MappingCategoryField] ([ID], [MappingCategoryID], [MappingCategoryFieldDetailID]) VALUES (81, 5, 86)
INSERT [dbo].[MappingCategoryField] ([ID], [MappingCategoryID], [MappingCategoryFieldDetailID]) VALUES (82, 5, 87)
INSERT [dbo].[MappingCategoryField] ([ID], [MappingCategoryID], [MappingCategoryFieldDetailID]) VALUES (83, 5, 88)
INSERT [dbo].[MappingCategoryField] ([ID], [MappingCategoryID], [MappingCategoryFieldDetailID]) VALUES (84, 5, 89)
INSERT [dbo].[MappingCategoryField] ([ID], [MappingCategoryID], [MappingCategoryFieldDetailID]) VALUES (85, 3, 90)
INSERT [dbo].[MappingCategoryField] ([ID], [MappingCategoryID], [MappingCategoryFieldDetailID]) VALUES (86, 3, 92)
INSERT [dbo].[MappingCategoryField] ([ID], [MappingCategoryID], [MappingCategoryFieldDetailID]) VALUES (87, 3, 93)
SET IDENTITY_INSERT [dbo].[MappingCategoryField] OFF
SET IDENTITY_INSERT [dbo].[AmazonSettings] ON 

INSERT [dbo].[AmazonSettings] ([MarketplaceID], [CompanyName], [SellerID], [AccessKey], [SecretKey], [Site], [Username], [Password], [MarketplaceName], [Marketplace], [SourceID], [BypassOrders], [BrandID], [LastOrderRequest], [LastOrderLineRequest], [LastOrderRequestsRemaining], [LastOrderLineRequestsRemaining], [FulfilledByThirdParty], [ServiceURL], [OrderStatuses], [FulfillmentChannels], [FromDate], [ToDate], [FulfillmentType]) VALUES (1, N'Balsam Hill', N' ', N' ', N' ', N'balsamhill', N'', N'', N'ATVPDKIKX0DER', N'Amazon', 11, 1, 1, CAST(N'2019-05-23T04:58:37.913' AS DateTime), CAST(N'2019-05-20T21:55:16.083' AS DateTime), 5, 24, 0, N'https://mws.amazonservices.com', N'Unshipped;PartiallyShipped;Pending', N'MFN', NULL, NULL, N'FULL')
INSERT [dbo].[AmazonSettings] ([MarketplaceID], [CompanyName], [SellerID], [AccessKey], [SecretKey], [Site], [Username], [Password], [MarketplaceName], [Marketplace], [SourceID], [BypassOrders], [BrandID], [LastOrderRequest], [LastOrderLineRequest], [LastOrderRequestsRemaining], [LastOrderLineRequestsRemaining], [FulfilledByThirdParty], [ServiceURL], [OrderStatuses], [FulfillmentChannels], [FromDate], [ToDate], [FulfillmentType]) VALUES (2, N'Christmas Tree Market', N' ', N' ', N' ', N'christmastreemarket', N'', N'', N'', N'', 14, 1, 3, CAST(N'2018-09-26T14:09:10.673' AS DateTime), CAST(N'2017-12-28T16:09:00.307' AS DateTime), 5, 10, 0, N'https://mws.amazonservices.com', N'Unshipped;PartiallyShipped;Pending', N'MFN', NULL, NULL, N'FULL')
INSERT [dbo].[AmazonSettings] ([MarketplaceID], [CompanyName], [SellerID], [AccessKey], [SecretKey], [Site], [Username], [Password], [MarketplaceName], [Marketplace], [SourceID], [BypassOrders], [BrandID], [LastOrderRequest], [LastOrderLineRequest], [LastOrderRequestsRemaining], [LastOrderLineRequestsRemaining], [FulfilledByThirdParty], [ServiceURL], [OrderStatuses], [FulfillmentChannels], [FromDate], [ToDate], [FulfillmentType]) VALUES (3, N'Treetopia', N' ', N' ', N' ', N'treetopia', N'', N'', N'ATVPDKIKX0DER', N'Amazon', 12, 1, 2, CAST(N'2019-05-23T04:58:38.243' AS DateTime), CAST(N'2019-05-21T11:56:30.677' AS DateTime), 5, 24, 0, N'https://mws.amazonservices.com', N'Unshipped;PartiallyShipped;Pending', N'MFN', NULL, NULL, N'FULL')
INSERT [dbo].[AmazonSettings] ([MarketplaceID], [CompanyName], [SellerID], [AccessKey], [SecretKey], [Site], [Username], [Password], [MarketplaceName], [Marketplace], [SourceID], [BypassOrders], [BrandID], [LastOrderRequest], [LastOrderLineRequest], [LastOrderRequestsRemaining], [LastOrderLineRequestsRemaining], [FulfilledByThirdParty], [ServiceURL], [OrderStatuses], [FulfillmentChannels], [FromDate], [ToDate], [FulfillmentType]) VALUES (4, N'Tree Classics', N' ', N' ', N' ', N'treeclassics', N'', N'', N'ATVPDKIKX0DER', N'Amazon', 13, 1, 4, CAST(N'2019-05-23T04:58:38.430' AS DateTime), CAST(N'2019-05-22T20:58:13.557' AS DateTime), 5, 17, 0, N'https://mws.amazonservices.com', N'Unshipped;PartiallyShipped;Pending', N'MFN', NULL, NULL, N'FULL')
INSERT [dbo].[AmazonSettings] ([MarketplaceID], [CompanyName], [SellerID], [AccessKey], [SecretKey], [Site], [Username], [Password], [MarketplaceName], [Marketplace], [SourceID], [BypassOrders], [BrandID], [LastOrderRequest], [LastOrderLineRequest], [LastOrderRequestsRemaining], [LastOrderLineRequestsRemaining], [FulfilledByThirdParty], [ServiceURL], [OrderStatuses], [FulfillmentChannels], [FromDate], [ToDate], [FulfillmentType]) VALUES (5, N'Balsam Hill', N' ', N' ', N' ', N'balsamhill', N'', N'', N'ATVPDKIKX0DER', N'Amazon', 36, 1, 11, CAST(N'2019-05-23T04:58:37.913' AS DateTime), CAST(N'2019-05-20T21:55:16.083' AS DateTime), 5, 24, 0, N'https://mws.amazonservices.com', N'Unshipped;PartiallyShipped;Pending', N'MFN', NULL, NULL, N'FULL')
SET IDENTITY_INSERT [dbo].[AmazonSettings] OFF
SET IDENTITY_INSERT [dbo].[BrontoApiSettings] ON 

INSERT [dbo].[BrontoApiSettings] ([ID], [ApiType], [ClientID], [ClientPassword], [ApiToken], [ApiRefreshToken], [ApiTokenTimeout], [ApiRefreshTokenTimeout], [BrandID]) VALUES (13, N'REST', N'10e8afdc34f6d5ad41ffc85365a0aa21b5c192c7', N'8b08abf85056ec550d1d29efdeef19090d41dff6', N'0e80128a-e116-46e6-b796-0a50562830b6', N'd1f6dc20-1c5f-41ac-8da5-0c0d7ede3e41', CAST(N'2020-11-27T12:40:00.363' AS DateTime), CAST(N'2020-12-25T01:40:00.397' AS DateTime), 1)
INSERT [dbo].[BrontoApiSettings] ([ID], [ApiType], [ClientID], [ClientPassword], [ApiToken], [ApiRefreshToken], [ApiTokenTimeout], [ApiRefreshTokenTimeout], [BrandID]) VALUES (14, N'SOAP', N'AFBE99CB-B724-4DC5-8796-7C30C01065EF', N'', NULL, NULL, NULL, NULL, 1)
INSERT [dbo].[BrontoApiSettings] ([ID], [ApiType], [ClientID], [ClientPassword], [ApiToken], [ApiRefreshToken], [ApiTokenTimeout], [ApiRefreshTokenTimeout], [BrandID]) VALUES (15, N'REST', N'dc932038fb87fa078e9ee182732b5d87ecfa0f02', N'3c7a1267cc519745df79f19a969b3ff908543abc', N'e1e4aa8a-212b-4311-8f83-e49daa99b51f', N'bdcba26c-e22e-4840-8045-2d6354ac6953', CAST(N'2020-09-09T07:13:18.050' AS DateTime), CAST(N'2020-09-16T06:33:17.273' AS DateTime), 2)
INSERT [dbo].[BrontoApiSettings] ([ID], [ApiType], [ClientID], [ClientPassword], [ApiToken], [ApiRefreshToken], [ApiTokenTimeout], [ApiRefreshTokenTimeout], [BrandID]) VALUES (16, N'SOAP', N'F9765085-94D9-41E6-AE6F-D99059908936', N'', NULL, NULL, NULL, NULL, 2)
INSERT [dbo].[BrontoApiSettings] ([ID], [ApiType], [ClientID], [ClientPassword], [ApiToken], [ApiRefreshToken], [ApiTokenTimeout], [ApiRefreshTokenTimeout], [BrandID]) VALUES (17, N'REST', N'894af5d35f048603f8656ce714936b78a1b290c3', N'a0705f3b1cbef86b0ea268894ddcd093ec3a892c', N'4788a00d-fb93-40de-b6a3-c37330d9c401', N'133a801a-b18b-4da0-a1c8-e71c2ca0fb47', CAST(N'2019-11-26T13:40:12.857' AS DateTime), CAST(N'2019-12-26T12:40:12.857' AS DateTime), 4)
INSERT [dbo].[BrontoApiSettings] ([ID], [ApiType], [ClientID], [ClientPassword], [ApiToken], [ApiRefreshToken], [ApiTokenTimeout], [ApiRefreshTokenTimeout], [BrandID]) VALUES (18, N'SOAP', N'C0724757-C953-4619-BE38-B5E655EBB292', N'', NULL, NULL, NULL, NULL, 4)
INSERT [dbo].[BrontoApiSettings] ([ID], [ApiType], [ClientID], [ClientPassword], [ApiToken], [ApiRefreshToken], [ApiTokenTimeout], [ApiRefreshTokenTimeout], [BrandID]) VALUES (19, N'REST', N'51d82ae132b5615aee4be0d5ea4e90e60f23103d', N'd71e5793f320d151fcde1843ccbcf7845ce49f3e', N'da9eba52-b1fe-4373-ab19-55afac69aa4a', N'bd67d85e-c2d6-41ec-9ecf-65b561cc0c72', CAST(N'2016-10-31T12:56:54.350' AS DateTime), CAST(N'2016-11-09T18:47:50.267' AS DateTime), 3)
INSERT [dbo].[BrontoApiSettings] ([ID], [ApiType], [ClientID], [ClientPassword], [ApiToken], [ApiRefreshToken], [ApiTokenTimeout], [ApiRefreshTokenTimeout], [BrandID]) VALUES (20, N'SOAP', N'19DC840F-6F4B-4209-97CE-2C9E5F5C791A', N'', NULL, NULL, NULL, NULL, 3)
INSERT [dbo].[BrontoApiSettings] ([ID], [ApiType], [ClientID], [ClientPassword], [ApiToken], [ApiRefreshToken], [ApiTokenTimeout], [ApiRefreshTokenTimeout], [BrandID]) VALUES (21, N'REST', N'10e8afdc34f6d5ad41ffc85365a0aa21b5c192c7', N'8b08abf85056ec550d1d29efdeef19090d41dff6', N'aba24ca5-f16f-461e-ae62-e78bac145011', N'8e5dced2-79cb-42b7-aada-e74fca086082', CAST(N'2020-03-18T12:50:06.057' AS DateTime), CAST(N'2020-04-17T11:50:06.057' AS DateTime), 11)
INSERT [dbo].[BrontoApiSettings] ([ID], [ApiType], [ClientID], [ClientPassword], [ApiToken], [ApiRefreshToken], [ApiTokenTimeout], [ApiRefreshTokenTimeout], [BrandID]) VALUES (22, N'SOAP', N'AFBE99CB-B724-4DC5-8796-7C30C01065EF', N'', NULL, NULL, NULL, NULL, 11)
SET IDENTITY_INSERT [dbo].[BrontoApiSettings] OFF
SET IDENTITY_INSERT [dbo].[BrontoEmailTemplate] ON 

INSERT [dbo].[BrontoEmailTemplate] ([ID], [MessageId], [Type], [Description], [SourceID], [ShippingConfirmationVersion]) VALUES (1, N'0bcf03eb000000000000000000000004a1fc', N'ShippingConfirmation', N'ShippingConfirmation', 1, N'2016')
INSERT [dbo].[BrontoEmailTemplate] ([ID], [MessageId], [Type], [Description], [SourceID], [ShippingConfirmationVersion]) VALUES (2, N'0bcf03eb000000000000000000000006926c', N'ShippingConfirmation', N'ShippingConfirmation', 2, N'2017')
INSERT [dbo].[BrontoEmailTemplate] ([ID], [MessageId], [Type], [Description], [SourceID], [ShippingConfirmationVersion]) VALUES (3, N'0bcf03eb000000000000000000000004507f', N'ShippingConfirmation', N'ShippingConfirmation', 4, N'2016')
INSERT [dbo].[BrontoEmailTemplate] ([ID], [MessageId], [Type], [Description], [SourceID], [ShippingConfirmationVersion]) VALUES (4, N'0bcf03eb00000000000000000000000692a6', N'ShippingConfirmation', N'ShippingConfirmation', 3, N'2017')
INSERT [dbo].[BrontoEmailTemplate] ([ID], [MessageId], [Type], [Description], [SourceID], [ShippingConfirmationVersion]) VALUES (6, N'1a327c71bf27384d803570d035d95ff8', N'ShippingConfirmation', N'ShippingConfirmation', 25, N'2017')
INSERT [dbo].[BrontoEmailTemplate] ([ID], [MessageId], [Type], [Description], [SourceID], [ShippingConfirmationVersion]) VALUES (7, N'0bcf03eb000000000000000000000004eb89', N'NotifyMe', N'Notify Me When Product is back in stock', 25, N'2016')
INSERT [dbo].[BrontoEmailTemplate] ([ID], [MessageId], [Type], [Description], [SourceID], [ShippingConfirmationVersion]) VALUES (8, N'0bcf03eb000000000000000000000004a1fc', N'ShippingConfirmationWarranty', N'ShippingConfirmation', 1, N'2016')
INSERT [dbo].[BrontoEmailTemplate] ([ID], [MessageId], [Type], [Description], [SourceID], [ShippingConfirmationVersion]) VALUES (9, N'0bcf03eb000000000000000000000006926c', N'ShippingConfirmationWarranty', N'ShippingConfirmation', 2, N'2017')
INSERT [dbo].[BrontoEmailTemplate] ([ID], [MessageId], [Type], [Description], [SourceID], [ShippingConfirmationVersion]) VALUES (10, N'0bcf03eb000000000000000000000004507f', N'ShippingConfirmationWarranty', N'ShippingConfirmation', 4, N'2016')
INSERT [dbo].[BrontoEmailTemplate] ([ID], [MessageId], [Type], [Description], [SourceID], [ShippingConfirmationVersion]) VALUES (11, N'0bcf03eb00000000000000000000000692a6', N'ShippingConfirmationWarranty', N'ShippingConfirmation', 3, N'2017')
INSERT [dbo].[BrontoEmailTemplate] ([ID], [MessageId], [Type], [Description], [SourceID], [ShippingConfirmationVersion]) VALUES (12, N'0bcf03eb000000000000000000000005350c', N'ShippingConfirmationWarranty', N'ShippingConfirmation', 25, N'2016')
INSERT [dbo].[BrontoEmailTemplate] ([ID], [MessageId], [Type], [Description], [SourceID], [ShippingConfirmationVersion]) VALUES (13, N'0bcf03eb0000000000000000000000044857', N'ShippingConfirmation', N'ShippingConfirmation', 34, N'2017')
INSERT [dbo].[BrontoEmailTemplate] ([ID], [MessageId], [Type], [Description], [SourceID], [ShippingConfirmationVersion]) VALUES (14, N'0bcf03eb000000000000000000000004eb89', N'NotifyMe', N'Notify Me When Product is back in stock', 34, N'2016')
INSERT [dbo].[BrontoEmailTemplate] ([ID], [MessageId], [Type], [Description], [SourceID], [ShippingConfirmationVersion]) VALUES (15, N'0bcf03eb000000000000000000000005350c', N'ShippingConfirmationWarranty', N'ShippingConfirmation', 34, N'2016')
SET IDENTITY_INSERT [dbo].[BrontoEmailTemplate] OFF
SET IDENTITY_INSERT [dbo].[MarketplaceFTPSettings] ON 

INSERT [dbo].[MarketplaceFTPSettings] ([ID], [MarketplaceTypeID], [MarketplaceFtpTypeID], [SourceID], [FtpSiteCode], [FtpSite], [FtpUserID], [FtpPassword], [FtpRemoteGetDirectory], [FtpRemotePutDirectory], [LocalDirectory], [Port], [Secure], [IsConnectionModeActive]) VALUES (8, 1, 1, 37, N'ftp1', N'ftp.elevenwinds.com', N'warehousemgr', N'warehousemgr', N'/wayfair/orders', N'', N'C:\\Temp\\Wayfair\\Orders', NULL, 0, 0)
INSERT [dbo].[MarketplaceFTPSettings] ([ID], [MarketplaceTypeID], [MarketplaceFtpTypeID], [SourceID], [FtpSiteCode], [FtpSite], [FtpUserID], [FtpPassword], [FtpRemoteGetDirectory], [FtpRemotePutDirectory], [LocalDirectory], [Port], [Secure], [IsConnectionModeActive]) VALUES (9, 1, 2, 37, N'ftp1', N'ftp.elevenwinds.com', N'warehousemgr', N'warehousemgr', N'', N'/wayfair/inventory', N'C:\\Temp\\Wayfair\\Inventory', NULL, 0, 0)
INSERT [dbo].[MarketplaceFTPSettings] ([ID], [MarketplaceTypeID], [MarketplaceFtpTypeID], [SourceID], [FtpSiteCode], [FtpSite], [FtpUserID], [FtpPassword], [FtpRemoteGetDirectory], [FtpRemotePutDirectory], [LocalDirectory], [Port], [Secure], [IsConnectionModeActive]) VALUES (10, 1, 3, 37, N'ftp1', N'ftp.elevenwinds.com', N'warehousemgr', N'warehousemgr', N'', N'/wayfair/tracking', N'C:\\Temp\\Wayfair\\Tracking', NULL, 0, 0)
INSERT [dbo].[MarketplaceFTPSettings] ([ID], [MarketplaceTypeID], [MarketplaceFtpTypeID], [SourceID], [FtpSiteCode], [FtpSite], [FtpUserID], [FtpPassword], [FtpRemoteGetDirectory], [FtpRemotePutDirectory], [LocalDirectory], [Port], [Secure], [IsConnectionModeActive]) VALUES (11, 1, 4, 37, N'ftp1', N'ftp.elevenwinds.com', N'warehousemgr', N'warehousemgr', N'', N'/wayfair/acknowledgement', N'C:\\Temp\\Wayfair\\Acknowledgement', NULL, 0, 0)
INSERT [dbo].[MarketplaceFTPSettings] ([ID], [MarketplaceTypeID], [MarketplaceFtpTypeID], [SourceID], [FtpSiteCode], [FtpSite], [FtpUserID], [FtpPassword], [FtpRemoteGetDirectory], [FtpRemotePutDirectory], [LocalDirectory], [Port], [Secure], [IsConnectionModeActive]) VALUES (12, 1, 5, 37, N'ftp1', N'ftp.elevenwinds.com', N'warehousemgr', N'warehousemgr', N'', N'', N'C:\\Temp\\Wayfair\\All', NULL, 0, 0)
SET IDENTITY_INSERT [dbo].[MarketplaceFTPSettings] OFF
SET IDENTITY_INSERT [dbo].[MarketplaceFtpType] ON 

INSERT [dbo].[MarketplaceFtpType] ([ID], [Type]) VALUES (1, N'Orders')
INSERT [dbo].[MarketplaceFtpType] ([ID], [Type]) VALUES (2, N'Inventory')
INSERT [dbo].[MarketplaceFtpType] ([ID], [Type]) VALUES (3, N'Tracking')
INSERT [dbo].[MarketplaceFtpType] ([ID], [Type]) VALUES (4, N'Acknowledgement')
INSERT [dbo].[MarketplaceFtpType] ([ID], [Type]) VALUES (5, N'All')
SET IDENTITY_INSERT [dbo].[MarketplaceFtpType] OFF
SET IDENTITY_INSERT [dbo].[MarketplaceSettings] ON 

INSERT [dbo].[MarketplaceSettings] ([ID], [MarketplaceTypeID], [SourceID], [Name]) VALUES (1, 0, 11, N'Balsam Hill')
INSERT [dbo].[MarketplaceSettings] ([ID], [MarketplaceTypeID], [SourceID], [Name]) VALUES (2, 0, 14, N'Christmas Tree Market')
INSERT [dbo].[MarketplaceSettings] ([ID], [MarketplaceTypeID], [SourceID], [Name]) VALUES (3, 0, 12, N'Treetopia')
INSERT [dbo].[MarketplaceSettings] ([ID], [MarketplaceTypeID], [SourceID], [Name]) VALUES (4, 0, 13, N'Tree Classics')
INSERT [dbo].[MarketplaceSettings] ([ID], [MarketplaceTypeID], [SourceID], [Name]) VALUES (5, 0, 36, N'Balsam Hill')
INSERT [dbo].[MarketplaceSettings] ([ID], [MarketplaceTypeID], [SourceID], [Name]) VALUES (6, 1, 37, N'Wayfair Tree Classics')
SET IDENTITY_INSERT [dbo].[MarketplaceSettings] OFF
SET IDENTITY_INSERT [dbo].[Setting] ON 

INSERT [dbo].[Setting] ([SettingID], [Name], [Value]) VALUES (1, N'InventoryPurchasingReceiptFilePath', N'\\squaw\root\Order Processing\Inbound Receipts\Trees')
INSERT [dbo].[Setting] ([SettingID], [Name], [Value]) VALUES (2, N'PseudoStoreThresholdQty', N'25')
INSERT [dbo].[Setting] ([SettingID], [Name], [Value]) VALUES (3, N'StoreCountryNoMatchingPostalExceptions', N'UnitedKingdom=Ireland')
INSERT [dbo].[Setting] ([SettingID], [Name], [Value]) VALUES (4, N'ItemAllocationReportWarehousesNotToUse', N'45,46,49,56,59,60')
INSERT [dbo].[Setting] ([SettingID], [Name], [Value]) VALUES (5, N'SchedulerPaused', N'False')
INSERT [dbo].[Setting] ([SettingID], [Name], [Value]) VALUES (6, N'InFifthGearTestUrl', N'https://commerceservicestest.infifthgear.com/v2.0/CommerceServices.svc/Rest')
INSERT [dbo].[Setting] ([SettingID], [Name], [Value]) VALUES (7, N'InFifthGearProductionUrl', N'https://commerceservicestest.infifthgear.com/v2.0/CommerceServices.svc/Rest')
INSERT [dbo].[Setting] ([SettingID], [Name], [Value]) VALUES (8, N'InFifthGearTestPassword', N'SAch3wreTh')
INSERT [dbo].[Setting] ([SettingID], [Name], [Value]) VALUES (9, N'ActiveFTPLowPort', N'6000')
INSERT [dbo].[Setting] ([SettingID], [Name], [Value]) VALUES (10, N'ActiveFTPHighPort', N'6001')
INSERT [dbo].[Setting] ([SettingID], [Name], [Value]) VALUES (11, N'FTPLogFilePath', N'C:\Temp\wm-edt-ftp-logs-2.txt')
INSERT [dbo].[Setting] ([SettingID], [Name], [Value]) VALUES (12, N'UseOrderCountQuery', N'True')
INSERT [dbo].[Setting] ([SettingID], [Name], [Value]) VALUES (13, N'DispatchFailedTrackingNumbersEmail', N'True')
INSERT [dbo].[Setting] ([SettingID], [Name], [Value]) VALUES (14, N'DispatchFailedTrackingNumbersEmailAddress', N'wm@elevenwinds.com')
INSERT [dbo].[Setting] ([SettingID], [Name], [Value]) VALUES (15, N'LocalTempPath', N'S:\WarehouseManager\Integration\Trees\Temp')
INSERT [dbo].[Setting] ([SettingID], [Name], [Value]) VALUES (19, N'UseWarehouseCutoffTimes', N'True')
INSERT [dbo].[Setting] ([SettingID], [Name], [Value]) VALUES (20, N'DispatchFailedToSendOrdersEmail', N'True')
INSERT [dbo].[Setting] ([SettingID], [Name], [Value]) VALUES (21, N'DispatchFailedToSendOrdersEmailAddress', N'wm@elevenwinds.com')
INSERT [dbo].[Setting] ([SettingID], [Name], [Value]) VALUES (22, N'DefaultPrice', N'25')
INSERT [dbo].[Setting] ([SettingID], [Name], [Value]) VALUES (23, N'SalesForceUsername', N'deolson@balsambrands.com.partial')
INSERT [dbo].[Setting] ([SettingID], [Name], [Value]) VALUES (24, N'SalesForcePassword', N'B@l$amic1!')
INSERT [dbo].[Setting] ([SettingID], [Name], [Value]) VALUES (25, N'SalesForceClientKey', N'3MVG9FS3IyroMOh6kcLgYOf5qUaBk5lpZ_vtcBmkbyjhSX7fl6B1jpcohVxIiWakefj.yUVxnZNdPm213JQwI')
INSERT [dbo].[Setting] ([SettingID], [Name], [Value]) VALUES (26, N'SalesForceClientSecret', N'7191713869938888677')
INSERT [dbo].[Setting] ([SettingID], [Name], [Value]) VALUES (27, N'SalesForceRequestEndpointURL', N'https://cs9.salesforce.com/services/oauth2/token')
INSERT [dbo].[Setting] ([SettingID], [Name], [Value]) VALUES (28, N'SalesForceEmailNotificationList', N'wm@elevenwinds.com')
INSERT [dbo].[Setting] ([SettingID], [Name], [Value]) VALUES (29, N'DispatchIRSummaryReportEmail', N'True')
INSERT [dbo].[Setting] ([SettingID], [Name], [Value]) VALUES (30, N'DispatchIRSummaryReportEmailAddress', N'wm@elevenwinds.com')
INSERT [dbo].[Setting] ([SettingID], [Name], [Value]) VALUES (31, N'DispatchIRDetailReportEmail', N'True')
INSERT [dbo].[Setting] ([SettingID], [Name], [Value]) VALUES (32, N'DispatchIRDetailReportEmailAddress', N'wm@elevenwinds.com')
INSERT [dbo].[Setting] ([SettingID], [Name], [Value]) VALUES (33, N'DispatchIRPostStoreUpdateReportEmail', N'True')
INSERT [dbo].[Setting] ([SettingID], [Name], [Value]) VALUES (34, N'DispatchIRPostStoreUpdateReportEmailAddress', N'wm@elevenwinds.com')
INSERT [dbo].[Setting] ([SettingID], [Name], [Value]) VALUES (35, N'IRReportPath', N'S:\WarehouseManager\Integration\IR_Reports')
INSERT [dbo].[Setting] ([SettingID], [Name], [Value]) VALUES (36, N'TestSKUs', N'DEVzbb4924,ztestorder,gomez-test')
INSERT [dbo].[Setting] ([SettingID], [Name], [Value]) VALUES (37, N'UploadMarketplaceOrder', N'True')
INSERT [dbo].[Setting] ([SettingID], [Name], [Value]) VALUES (38, N'WarrantyTNReportRecipients', N'wm@elevenwinds.com')
INSERT [dbo].[Setting] ([SettingID], [Name], [Value]) VALUES (39, N'AutoUpgradeRateZoneForWarranty', N'7')
INSERT [dbo].[Setting] ([SettingID], [Name], [Value]) VALUES (40, N'UnprocessedOrderReportExcludedStatuses', N'Processing,See Order Notes,Cancelled,Warranty')
INSERT [dbo].[Setting] ([SettingID], [Name], [Value]) VALUES (41, N'FedexDeveloperKey', N'8bSzHHROIxT4dEcU')
INSERT [dbo].[Setting] ([SettingID], [Name], [Value]) VALUES (42, N'FedexPassword', N'knBUwALZoEs4Y1kGHpoYwDF4r')
INSERT [dbo].[Setting] ([SettingID], [Name], [Value]) VALUES (43, N'FedexAccountNumber', N'755744247')
INSERT [dbo].[Setting] ([SettingID], [Name], [Value]) VALUES (44, N'FedexMeterNumber', N'109321304')
INSERT [dbo].[Setting] ([SettingID], [Name], [Value]) VALUES (45, N'FedexCustomerTransactionId', N'ElevenWindsIntegration')
INSERT [dbo].[Setting] ([SettingID], [Name], [Value]) VALUES (46, N'FedExApiUrl', N'https://ws.fedex.com:443/web-services/addressvalidation')
INSERT [dbo].[Setting] ([SettingID], [Name], [Value]) VALUES (47, N'ValidateAddressesUsingFedExApi', N'True')
INSERT [dbo].[Setting] ([SettingID], [Name], [Value]) VALUES (48, N'SkipPaymentLogRetry', N'False')
INSERT [dbo].[Setting] ([SettingID], [Name], [Value]) VALUES (49, N'InventorySourcingPath', N'S:\WarehouseManager\Integration\Trees\InventoryInbounds\Sourcing')
INSERT [dbo].[Setting] ([SettingID], [Name], [Value]) VALUES (50, N'InventorySourcingFileEmail', N'operations@balsambrands.com, wm@elevenwinds.com')
INSERT [dbo].[Setting] ([SettingID], [Name], [Value]) VALUES (51, N'InventorySourcingAllocationPath', N'S:\WarehouseManager\Integration\Trees\InventoryInbounds\Allocation')
INSERT [dbo].[Setting] ([SettingID], [Name], [Value]) VALUES (52, N'WarehousesExemptedFromLotCodeValidation', N'48,79,80,81')
INSERT [dbo].[Setting] ([SettingID], [Name], [Value]) VALUES (53, N'AllowTrackingNumberLineItemByPass', N'True')
INSERT [dbo].[Setting] ([SettingID], [Name], [Value]) VALUES (54, N'InventorySourcingPolygroupPath', N'S:\WarehouseManager\Integration\Trees\InventoryInbounds\Polygroup')
INSERT [dbo].[Setting] ([SettingID], [Name], [Value]) VALUES (55, N'InventorySourcingWarehouseReceiptsPath', N'S:\WarehouseManager\Integration\Trees\InventoryInbounds\WarehouseReceipts')
INSERT [dbo].[Setting] ([SettingID], [Name], [Value]) VALUES (56, N'UseUTF8Encoding', N'True')
INSERT [dbo].[Setting] ([SettingID], [Name], [Value]) VALUES (57, N'CHRExcludedDates', N'2016-07-04|2016-09-05|2016-11-24|2016-12-25|2017-01-01')
INSERT [dbo].[Setting] ([SettingID], [Name], [Value]) VALUES (58, N'CHRCustomerCodeBAL', N'C3159511')
INSERT [dbo].[Setting] ([SettingID], [Name], [Value]) VALUES (59, N'CHRCustomerCodeTC', N'C8001640')
INSERT [dbo].[Setting] ([SettingID], [Name], [Value]) VALUES (60, N'CHRCustomerCodeCTM', N'C8001641')
INSERT [dbo].[Setting] ([SettingID], [Name], [Value]) VALUES (61, N'CHRCustomerCodeTREE', N'C8001642')
INSERT [dbo].[Setting] ([SettingID], [Name], [Value]) VALUES (62, N'CHROrderEmailAddress', N'wm@elevenwinds.com')
INSERT [dbo].[Setting] ([SettingID], [Name], [Value]) VALUES (63, N'CHRSendOrderScheduledRunTimes', N'07:00|12:00')
INSERT [dbo].[Setting] ([SettingID], [Name], [Value]) VALUES (64, N'CHRLTLFilePath', N'S:\WarehouseManager\Integration\Trees\LTL Files')
INSERT [dbo].[Setting] ([SettingID], [Name], [Value]) VALUES (65, N'LTLShipMethod', N'ION.CHR.LTL')
INSERT [dbo].[Setting] ([SettingID], [Name], [Value]) VALUES (66, N'LTLShipWeight', N'151')
INSERT [dbo].[Setting] ([SettingID], [Name], [Value]) VALUES (67, N'LTLShippingEnabled', N'True')
INSERT [dbo].[Setting] ([SettingID], [Name], [Value]) VALUES (68, N'GeneralEmailRecipients', N'wm@elevenwinds.com')
INSERT [dbo].[Setting] ([SettingID], [Name], [Value]) VALUES (69, N'FedexTimeoutSleepAmount', N'60')
INSERT [dbo].[Setting] ([SettingID], [Name], [Value]) VALUES (70, N'DecorCatalogShipMethodID', N'1001')
INSERT [dbo].[Setting] ([SettingID], [Name], [Value]) VALUES (71, N'DecorCatalogSku', N'2020ORN')
INSERT [dbo].[Setting] ([SettingID], [Name], [Value]) VALUES (72, N'UpcsNotInWHMReportEmailAddress', N'wm@elevenwinds.com')
INSERT [dbo].[Setting] ([SettingID], [Name], [Value]) VALUES (73, N'GVCTExcludedDates', N'2016-11-24')
INSERT [dbo].[Setting] ([SettingID], [Name], [Value]) VALUES (74, N'RemorsePeriod', N'1')
INSERT [dbo].[Setting] ([SettingID], [Name], [Value]) VALUES (75, N'WarrantyKillMode', N'False')
INSERT [dbo].[Setting] ([SettingID], [Name], [Value]) VALUES (76, N'ForceWarrantyOrdersToError', N'False')
INSERT [dbo].[Setting] ([SettingID], [Name], [Value]) VALUES (77, N'IRMajorDiscrepancyBaseOrderDrop', N'10')
INSERT [dbo].[Setting] ([SettingID], [Name], [Value]) VALUES (78, N'IRMajorDiscrepancyPercentageOrderDrop', N'15')
INSERT [dbo].[Setting] ([SettingID], [Name], [Value]) VALUES (79, N'WarrantyOrderDateIsUTC', N'False')
INSERT [dbo].[Setting] ([SettingID], [Name], [Value]) VALUES (80, N'SalesForceJobUrl', N'https://cs9-api.salesforce.com/services/async/36.0/job')
INSERT [dbo].[Setting] ([SettingID], [Name], [Value]) VALUES (81, N'OmitSalesForceWarrantyInventoryProperty', N'True')
INSERT [dbo].[Setting] ([SettingID], [Name], [Value]) VALUES (82, N'SalesForce_TotalOrder_Threshold', N'1')
INSERT [dbo].[Setting] ([SettingID], [Name], [Value]) VALUES (83, N'HybrisThrowExceptionIfOutsideOfRemorsePeriod', N'False')
INSERT [dbo].[Setting] ([SettingID], [Name], [Value]) VALUES (84, N'InventoryUpdateThreshold', N'10')
INSERT [dbo].[Setting] ([SettingID], [Name], [Value]) VALUES (85, N'OrderCleanUpCutOffTime', N'2000')
INSERT [dbo].[Setting] ([SettingID], [Name], [Value]) VALUES (86, N'ByPassCheckForTestOrder', N'True')
INSERT [dbo].[Setting] ([SettingID], [Name], [Value]) VALUES (87, N'AmazonFeedValve', N'False')
INSERT [dbo].[Setting] ([SettingID], [Name], [Value]) VALUES (88, N'AmazonTrackingNumberValve', N'False')
INSERT [dbo].[Setting] ([SettingID], [Name], [Value]) VALUES (89, N'AmazonInventoryValve', N'False')
INSERT [dbo].[Setting] ([SettingID], [Name], [Value]) VALUES (90, N'AmazonOrderLoadingValve', N'True')
INSERT [dbo].[Setting] ([SettingID], [Name], [Value]) VALUES (91, N'ScheduledTimesForInventorySnapshot', N'00:00|12:00|16:00')
INSERT [dbo].[Setting] ([SettingID], [Name], [Value]) VALUES (92, N'DomesticCountriesRequireCommercialInvoice', N'canada')
INSERT [dbo].[Setting] ([SettingID], [Name], [Value]) VALUES (93, N'AmazonInventoryUpdateIntervalInMinutes', N'60')
INSERT [dbo].[Setting] ([SettingID], [Name], [Value]) VALUES (94, N'FedExFreightShipMethod', N'ION.FDEG.FEDEXFREIGHT')
INSERT [dbo].[Setting] ([SettingID], [Name], [Value]) VALUES (95, N'WorldShipEndOfDayScheduledTime', N'10:00')
INSERT [dbo].[Setting] ([SettingID], [Name], [Value]) VALUES (96, N'FedExFreightEnabled', N'True')
INSERT [dbo].[Setting] ([SettingID], [Name], [Value]) VALUES (98, N'AutomatedTNPullingIntervalInMinutes', N'60')
INSERT [dbo].[Setting] ([SettingID], [Name], [Value]) VALUES (100, N'FedExHomeShipMethodID', N'PS_ALF.FWS.HDL')
INSERT [dbo].[Setting] ([SettingID], [Name], [Value]) VALUES (101, N'FedExGroundShipMethodID', N'PS_ALF.FWS.GND')
INSERT [dbo].[Setting] ([SettingID], [Name], [Value]) VALUES (104, N'NotifyMeInventoryUpdateThreshold', N'10')
INSERT [dbo].[Setting] ([SettingID], [Name], [Value]) VALUES (105, N'UpcsWithoutSkusReportRecipients', N'wm@elevenwinds.com')
INSERT [dbo].[Setting] ([SettingID], [Name], [Value]) VALUES (106, N'SkuUpcRollupReportRecipients', N'wm@elevenwinds.com')
GO
INSERT [dbo].[Setting] ([SettingID], [Name], [Value]) VALUES (107, N'SalesforceAmendmentThresholdCutOff', N'2018-06-11')
INSERT [dbo].[Setting] ([SettingID], [Name], [Value]) VALUES (108, N'SendInventoryExpectedReceiptPriorToWeeks', N'3')
INSERT [dbo].[Setting] ([SettingID], [Name], [Value]) VALUES (109, N'Mock_UpsHG_UseErrorOutFile', N'False')
INSERT [dbo].[Setting] ([SettingID], [Name], [Value]) VALUES (110, N'Mock_UpsHG_TrackingNumber', N'1Z932W9A0345609016')
INSERT [dbo].[Setting] ([SettingID], [Name], [Value]) VALUES (111, N'ProshipRateRequestEnabled', N'True')
INSERT [dbo].[Setting] ([SettingID], [Name], [Value]) VALUES (112, N'ExcludedWarehousesFromTNValidation', N'')
INSERT [dbo].[Setting] ([SettingID], [Name], [Value]) VALUES (113, N'CarrierBiasingEnabled', N'True')
INSERT [dbo].[Setting] ([SettingID], [Name], [Value]) VALUES (114, N'WarehousePriorityOverride', N'')
SET IDENTITY_INSERT [dbo].[Setting] OFF
SET IDENTITY_INSERT [dbo].[VolusionSetting] ON 

INSERT [dbo].[VolusionSetting] ([ID], [Name], [Code], [FullName], [EIN], [URL], [UserID], [PlainTextPassword], [EncryptedPassword], [DiscountPercentage], [LocalDirectoryOrders], [LocalDirectoryTracking], [LocalDirectoryCommercialInvoices], [OrderStatus], [LastOrderFileCount], [LastOrderFileName], [LastOrderFileLoaded], [LastProcessingDate], [LastProcessingCount], [LastGenerateDate], [LastGenerateCount], [LastTrackingFileCount], [LastTrackingFileName], [LastTrackingFileLoaded], [Active], [UseWarehousePriorityOverride], [ReallocationLevelThreshold], [PseudoStore], [TimeZoneOffset], [PlatformID], [CanSendConfirmationEmails], [CanSendTrackingNumberEmails], [StoreDomain], [IsActiveInOrderLoader], [RegionID], [HasCatalog], [NarvarCode], [BrontoName], [TaxPercentage], [BrandID], [SourceID]) VALUES (39, N'Balsam Hill', N'BAL', N'Balsam Hill Christmas Tree Company', N'2005415488', N'http://www.hamcoupons.info', N'warehousemgr@balsamhill.com', N'WmAccess@42', N'2D79A9EB6F461F02816E01B029E5AB536B84216EFE0F11E0436FF2FE4328ED1A', CAST(75.00 AS Decimal(18, 2)), N'S:\WarehouseManager\Balsam_Files2\Trees\Stores\BAL', N'S:\WarehouseManager\Balsam_Files2\Trees\Stores\BAL', N'S:\WarehouseManager\Balsam_Files2\Trees\Stores\BAL', NULL, 1, N'BAL_VOrders_08282015_0930.csv', NULL, NULL, 1, NULL, 4, 0, N'BAL_ship_2014-10-06_ftp1_ftp1.csv', NULL, 1, 0, NULL, 0, NULL, 1, 0, 1, NULL, 0, 1, 0, N'BalsamHill', N'Balsam Hill', NULL, 1, 1)
INSERT [dbo].[VolusionSetting] ([ID], [Name], [Code], [FullName], [EIN], [URL], [UserID], [PlainTextPassword], [EncryptedPassword], [DiscountPercentage], [LocalDirectoryOrders], [LocalDirectoryTracking], [LocalDirectoryCommercialInvoices], [OrderStatus], [LastOrderFileCount], [LastOrderFileName], [LastOrderFileLoaded], [LastProcessingDate], [LastProcessingCount], [LastGenerateDate], [LastGenerateCount], [LastTrackingFileCount], [LastTrackingFileName], [LastTrackingFileLoaded], [Active], [UseWarehousePriorityOverride], [ReallocationLevelThreshold], [PseudoStore], [TimeZoneOffset], [PlatformID], [CanSendConfirmationEmails], [CanSendTrackingNumberEmails], [StoreDomain], [IsActiveInOrderLoader], [RegionID], [HasCatalog], [NarvarCode], [BrontoName], [TaxPercentage], [BrandID], [SourceID]) VALUES (40, N'Treetopia', N'TREE', N'Treetopia', N'200709564', N'http://www.hamcoupons.info', N'warehousemgr@balsamhill.com', N'WmAccess@42', N'2D79A9EB6F461F02816E01B029E5AB536B84216EFE0F11E0436FF2FE4328ED1A', CAST(75.00 AS Decimal(18, 2)), N'S:\WarehouseManager\Balsam_Files2\Trees\Stores\TREE', N'S:\WarehouseManager\Balsam_Files2\Trees\Stores\TREE', N'S:\WarehouseManager\Balsam_Files2\Trees\Stores\TREE', NULL, 0, N'TREE_VOrders_08282015_0930.csv', NULL, NULL, 1, NULL, 1, 0, N'TR_ship_2014-10-06_ftp1_ftp1.csv', NULL, 1, 0, NULL, 0, NULL, 1, 0, 1, NULL, 0, 1, 0, N'Treetopia', N'Treetopia', NULL, 2, 2)
INSERT [dbo].[VolusionSetting] ([ID], [Name], [Code], [FullName], [EIN], [URL], [UserID], [PlainTextPassword], [EncryptedPassword], [DiscountPercentage], [LocalDirectoryOrders], [LocalDirectoryTracking], [LocalDirectoryCommercialInvoices], [OrderStatus], [LastOrderFileCount], [LastOrderFileName], [LastOrderFileLoaded], [LastProcessingDate], [LastProcessingCount], [LastGenerateDate], [LastGenerateCount], [LastTrackingFileCount], [LastTrackingFileName], [LastTrackingFileLoaded], [Active], [UseWarehousePriorityOverride], [ReallocationLevelThreshold], [PseudoStore], [TimeZoneOffset], [PlatformID], [CanSendConfirmationEmails], [CanSendTrackingNumberEmails], [StoreDomain], [IsActiveInOrderLoader], [RegionID], [HasCatalog], [NarvarCode], [BrontoName], [TaxPercentage], [BrandID], [SourceID]) VALUES (41, N'Christmas Tree Market', N'CTM', N'Christmas Tree Market', N'200709564', N'http://www.hamcoupons.info', N'warehousemgr@balsamhill.com', N'WmAccess@42', N'2D79A9EB6F461F02816E01B029E5AB536B84216EFE0F11E0436FF2FE4328ED1A', CAST(75.00 AS Decimal(18, 2)), N'S:\WarehouseManager\Balsam_Files2\Trees\Stores\CTM', N'S:\WarehouseManager\Balsam_Files2\Trees\Stores\CTM', N'S:\WarehouseManager\Balsam_Files2\Trees\Stores\CTM', NULL, 0, N'CTM_VOrders_08282015_0930.csv', NULL, NULL, 1, NULL, 2, 0, N'CTM_ship_2014-10-06_ftp1_ftp1.csv', NULL, 1, 0, NULL, 0, NULL, 1, 0, 1, NULL, 0, 1, 0, N'ChristmasTreeMarket', N'Christmas Tree Market', NULL, 3, 4)
INSERT [dbo].[VolusionSetting] ([ID], [Name], [Code], [FullName], [EIN], [URL], [UserID], [PlainTextPassword], [EncryptedPassword], [DiscountPercentage], [LocalDirectoryOrders], [LocalDirectoryTracking], [LocalDirectoryCommercialInvoices], [OrderStatus], [LastOrderFileCount], [LastOrderFileName], [LastOrderFileLoaded], [LastProcessingDate], [LastProcessingCount], [LastGenerateDate], [LastGenerateCount], [LastTrackingFileCount], [LastTrackingFileName], [LastTrackingFileLoaded], [Active], [UseWarehousePriorityOverride], [ReallocationLevelThreshold], [PseudoStore], [TimeZoneOffset], [PlatformID], [CanSendConfirmationEmails], [CanSendTrackingNumberEmails], [StoreDomain], [IsActiveInOrderLoader], [RegionID], [HasCatalog], [NarvarCode], [BrontoName], [TaxPercentage], [BrandID], [SourceID]) VALUES (42, N'Tree Classics', N'TC', N'Tree Classics', N'275008733', N'http://www.hamcoupons.info', N'warehousemgr@balsamhill.com', N'WmAccess@42', N'2D79A9EB6F461F02816E01B029E5AB536B84216EFE0F11E0436FF2FE4328ED1A', CAST(75.00 AS Decimal(18, 2)), N'S:\WarehouseManager\Balsam_Files2\Trees\Stores\TC', N'S:\WarehouseManager\Balsam_Files2\Trees\Stores\TC', N'S:\WarehouseManager\Balsam_Files2\Trees\Stores\TC', NULL, 0, N'TC_VOrders_08282015_0930.csv', NULL, NULL, 1, NULL, 3, 0, N'TC_ship_2014-10-06_ftp1_ftp1.csv', NULL, 1, 0, NULL, 0, NULL, 1, 0, 1, NULL, 0, 1, 0, N'TreeClassics', N'Tree Classics', NULL, 4, 3)
INSERT [dbo].[VolusionSetting] ([ID], [Name], [Code], [FullName], [EIN], [URL], [UserID], [PlainTextPassword], [EncryptedPassword], [DiscountPercentage], [LocalDirectoryOrders], [LocalDirectoryTracking], [LocalDirectoryCommercialInvoices], [OrderStatus], [LastOrderFileCount], [LastOrderFileName], [LastOrderFileLoaded], [LastProcessingDate], [LastProcessingCount], [LastGenerateDate], [LastGenerateCount], [LastTrackingFileCount], [LastTrackingFileName], [LastTrackingFileLoaded], [Active], [UseWarehousePriorityOverride], [ReallocationLevelThreshold], [PseudoStore], [TimeZoneOffset], [PlatformID], [CanSendConfirmationEmails], [CanSendTrackingNumberEmails], [StoreDomain], [IsActiveInOrderLoader], [RegionID], [HasCatalog], [NarvarCode], [BrontoName], [TaxPercentage], [BrandID], [SourceID]) VALUES (52, N'Green Valley Christmas Trees', N'GVCT', N'Green Valley Christmas Trees', N'test', N'http://www.hamcoupons.info', N'warehousemgr@balsamhill.com', N'WmAccess@42', N'2D79A9EB6F461F02816E01B029E5AB536B84216EFE0F11E0436FF2FE4328ED1A', CAST(50.00 AS Decimal(18, 2)), N'S:\WarehouseManager\Balsam_Files2\Trees\Stores\GVCT', N'S:\WarehouseManager\Balsam_Files2\Trees\Stores\GVCT', N'S:\WarehouseManager\Balsam_Files2\Trees\Stores\GVCT', NULL, 0, NULL, NULL, NULL, 0, NULL, 0, 0, NULL, NULL, 1, 0, NULL, 0, NULL, 1, 0, 1, NULL, 0, 1, 0, N'GreenValleyChristmasTrees', N'Green Valley Christmas Trees', NULL, 5, 5)
INSERT [dbo].[VolusionSetting] ([ID], [Name], [Code], [FullName], [EIN], [URL], [UserID], [PlainTextPassword], [EncryptedPassword], [DiscountPercentage], [LocalDirectoryOrders], [LocalDirectoryTracking], [LocalDirectoryCommercialInvoices], [OrderStatus], [LastOrderFileCount], [LastOrderFileName], [LastOrderFileLoaded], [LastProcessingDate], [LastProcessingCount], [LastGenerateDate], [LastGenerateCount], [LastTrackingFileCount], [LastTrackingFileName], [LastTrackingFileLoaded], [Active], [UseWarehousePriorityOverride], [ReallocationLevelThreshold], [PseudoStore], [TimeZoneOffset], [PlatformID], [CanSendConfirmationEmails], [CanSendTrackingNumberEmails], [StoreDomain], [IsActiveInOrderLoader], [RegionID], [HasCatalog], [NarvarCode], [BrontoName], [TaxPercentage], [BrandID], [SourceID]) VALUES (54, N'Balsam Hill - Hybris', N'BALH', N'Balsam Hill Christmas Tree Company', N'2005415488', N'http://www.hamcoupons.info', N'warehousemgr@balsamhill.com', N'WmAccess@42', N'2D79A9EB6F461F02816E01B029E5AB536B84216EFE0F11E0436FF2FE4328ED1A', CAST(75.00 AS Decimal(18, 2)), N'S:\WarehouseManager\Balsam_Files2\Trees\Stores\BALH', N'S:\WarehouseManager\Balsam_Files2\Trees\Stores\BALH', N'S:\WarehouseManager\Balsam_Files2\Trees\Stores\BALH', NULL, 1, N'BAL_VOrders_08282015_0930.csv', NULL, NULL, 1, NULL, 4, 0, N'BAL_ship_2014-10-06_ftp1_ftp1.csv', NULL, 1, 0, NULL, 0, NULL, 3, 0, 1, NULL, 0, 1, 0, N'BalsamHill', N'Balsam Hill', NULL, 1, 25)
SET IDENTITY_INSERT [dbo].[VolusionSetting] OFF

INSERT [dbo].[MarketplaceCountryFullName_LU] ([CountryCode], [CountryName]) VALUES (N'ca', N'Canada')
INSERT [dbo].[MarketplaceCountryFullName_LU] ([CountryCode], [CountryName]) VALUES (N'can', N'Canada')
INSERT [dbo].[MarketplaceCountryFullName_LU] ([CountryCode], [CountryName]) VALUES (N'canada', N'Canada')
INSERT [dbo].[MarketplaceCountryFullName_LU] ([CountryCode], [CountryName]) VALUES (N'us', N'United States')
INSERT [dbo].[MarketplaceCountryFullName_LU] ([CountryCode], [CountryName]) VALUES (N'united states', N'United States')
INSERT [dbo].[MarketplaceCountryFullName_LU] ([CountryCode], [CountryName]) VALUES (N'usa', N'United States')
INSERT [dbo].[MarketplaceCountryFullName_LU] ([CountryCode], [CountryName]) VALUES (N'pr', N'Puerto Rico')
INSERT [dbo].[MarketplaceCountryFullName_LU] ([CountryCode], [CountryName]) VALUES (N'puerto rico', N'Puerto Rico')
INSERT [dbo].[MarketplaceCountryFullName_LU] ([CountryCode], [CountryName]) VALUES (N'pri', N'Puerto Rico')
INSERT [dbo].[MarketplaceCountryFullName_LU] ([CountryCode], [CountryName]) VALUES (N'FR', N'France')
INSERT [dbo].[MarketplaceCountryFullName_LU] ([CountryCode], [CountryName]) VALUES (N'GB', N'United Kingdom')
INSERT [dbo].[MarketplaceCountryFullName_LU] ([CountryCode], [CountryName]) VALUES (N'IE', N'Ireland')
INSERT [dbo].[MarketplaceCountryFullName_LU] ([CountryCode], [CountryName]) VALUES (N'IT', N'Italy')
INSERT [dbo].[MarketplaceCountryFullName_LU] ([CountryCode], [CountryName]) VALUES (N'HU', N'Hungary')


SET IDENTITY_INSERT [dbo].[Warehouse] ON 
INSERT [dbo].[Warehouse] ([WarehouseID], [Name], [FullName], [Address1], [Address2], [City], [State], [Zip], [Phone], [Priority], [Email], [WarehouseTrackingNumberDirectory], [InventoryLastLoaded], [InventoryLastLoadedFile], [InventoryLoadCount], [InventoryLoadStatus], [InventoryLoadMapping], [ReconciledDate], [FedexFile], [FedexFileLoaded], [FedexFileEffectiveDate], [FedexFileOriginRange], [Active], [GenerateOrderFileCSV], [GenerateOrderFileXML], [SendViaFTP], [SendViaEMAIL], [WarehousePrefix], [WarehouseOrdersDirectory], [WarehouseInventoryDirectory], [SendViaWebService], [CheckFTPForFile], [CutOffTime], [SendCommercialInvoicesViaFTP], [SendCommercialInvoicesViaEmail], [FileIteration], [GenerateWarrantyOrderFileCSV], [GenerateWarrantyOrderFileXML], [SendNoOrdersNotificationEmail], [HandlesTrackingNumbers], [IsWarranty], [DoNotResetFileIteration], [HandlesPersonalization], [UsesUniqueOrderID], [AutomatedTNPulling], [FedExFreightEnabled], [WarehouseAllocationToggle], [GenerateOrderFileExcel], [LocalDirectoryCommercialInvoices], [PersonalizationExclusive], [TermsOfSale], [PersonalizationPriority]) 
VALUES (83, N'TestWarehouse', N'Warehouse For Testing', N'651 Stratford Dr.', NULL, N'Meridian', N'IDAHO', N'836832', NULL, NULL, N'qa@elevenwinds.com', N'\tmp', NULL, NULL, NULL, NULL, NULL, NULL, NULL, NULL, NULL, NULL, 1, 1, 0, 1, 0, N'TEST', N'\tmp', N'\tmp', 0, 0, '11am', 1, 0, 0, 0, 0, 0, 1, 0, 0, 0, 0, 0, 1, 0, 0, N'Z:\Files\Trees\CommercialInvoices', 0, N'DDP', NULL)
SET IDENTITY_INSERT [dbo].[Warehouse] OFF

INSERT [dbo].[SourceWarehouse] ([SourceID], [WarehouseID], [OrderFileGenerated], [Active], [Priority]) VALUES (1, 83, NULL, 1, NULL)
INSERT [dbo].[SourceWarehouse] ([SourceID], [WarehouseID], [OrderFileGenerated], [Active], [Priority]) VALUES (11, 83, NULL, 1, NULL)
INSERT [dbo].[SourceWarehouse] ([SourceID], [WarehouseID], [OrderFileGenerated], [Active], [Priority]) VALUES (15, 83, NULL, 1, NULL)
INSERT [dbo].[SourceWarehouse] ([SourceID], [WarehouseID], [OrderFileGenerated], [Active], [Priority]) VALUES (25, 83, NULL, 1, NULL)

INSERT [dbo].[WarehouseMappings] ([WarehouseID], [MappingID], [Active], [IsCustom]) VALUES (83, 1, 1, 0)
INSERT [dbo].[WarehouseMappings] ([WarehouseID], [MappingID], [Active], [IsCustom]) VALUES (83, 2, 1, 0)
INSERT [dbo].[WarehouseMappings] ([WarehouseID], [MappingID], [Active], [IsCustom]) VALUES (83, 3, 1, 0)

INSERT [dbo].[WarehouseFTPSite] ([WarehouseID], [FtpSiteCode], [FtpSite], [FtpUserID], [FtpPassword], [FtpRemoteGetDirectory], [FtpRemotePutDirectory], [Inventory], [TrackingNumbers], [Orders], [Port], [Secure], [IsConnectionModeActive], [WarrantyOrders]) VALUES (83, N'ftp1', N'ftp.elevenwinds.com', N'warehousemgr', N'warehousemgr', N'', N'', 1, 0, 1, NULL, 0, 0, NULL)

INSERT INTO ShipZone (WarehouseID, BeginZip, EndZip, Zone, GroundZone) VALUES (83, '00000','99999', 1, 1)